date,customer_id,source_product_id,return_product_id,source_order_id,return_order_id,return_days,intermediate_step_cnt,intermediate_distinct_product_cnt,intermediate_path,qualified_return_flag,simple_repeat_comparison_flag
2026-04-18,bjhr202,1000000027,1000000027,2509290837000020,2512261014000013,88,0,0,,0,1
2026-04-18,hoayoung,1000000027,1000000027,2510311050000012,2512091351000027,39,0,0,,0,1
2026-04-18,sms7777,1000000028,1000000028,2505091429000029,2505200819000007,11,0,0,,0,1
2026-04-18,sms7777,1000000028,1000000028,2505091429000029,2507151443000021,67,0,0,,0,1
2026-04-18,sms7777,1000000028,1000000028,2505091429000029,2507010833000006,53,3,2,1000000065 -> 1000000066 -> 1000000065,1,0
2026-04-18,chriphia,1000000033,1000000033,2512112337000046,2602040802360522,55,0,0,,0,1
2026-04-18,dalkis8907,1000000033,1000000033,2512171058000009,2602091722029767,54,0,0,,0,1
2026-04-18,sysong98,1000000033,1000000033,2601271516421533,2602071841099248,11,0,0,,0,1
2026-04-18,gayoung21,1000000035,1000000035,2507071432000020,2509261106000052,81,1,1,1000000087,1,0
2026-04-18,jeewon,1000000035,1000000035,2512102303000078,2512291413000037,19,0,0,,0,1
2026-04-18,jeewon,1000000035,1000000035,2512102303000078,2601212145353369,42,3,3,1000000043 -> 1000000044 -> 1000000045,1,0
2026-04-18,sysong98,1000000035,1000000035,2601271516421533,2602071841099248,11,1,1,1000000033,1,0
2026-04-18,00-ej@hanmail.net,1000000042,1000000042,2602041454513065,2602222153473443,18,0,0,,0,1
2026-04-18,70kkyung@hanmail.net,1000000042,1000000042,2601061707000066,2601191113303247,13,0,0,,0,1
2026-04-18,70kkyung@hanmail.net,1000000042,1000000042,2601061707000066,2603011054547440,54,0,0,,0,1
2026-04-18,Crystal73,1000000042,1000000042,2506161138000004,2506251337000022,9,0,0,,0,1
2026-04-18,Sorisung24,1000000042,1000000042,2505072223000074,2505072237000075,0,0,0,,0,1
2026-04-18,bmk2000,1000000042,1000000042,2504240709000002,2505281030000013,34,0,0,,0,1
2026-04-18,bmk2000,1000000042,1000000042,2504240709000002,2507070957000002,74,3,3,1000000043 -> 1000000045 -> 1000000064,1,0
2026-04-18,catherine74,1000000042,1000000042,2511202002000046,2512111855000039,21,0,0,,0,1
2026-04-18,catherine749,1000000042,1000000042,2512181759000056,2602091834335785,53,0,0,,0,1
2026-04-18,eklee2521,1000000042,1000000042,2505232116000045,2508071042000003,76,0,0,,0,1
2026-04-18,hekykim,1000000042,1000000042,2505181830000018,2508110904000001,85,0,0,,0,1
2026-04-18,hynews00@naver.com,1000000042,1000000042,2509231009000024,2509231013000027,0,0,0,,0,1
2026-04-18,kmk580,1000000042,1000000042,2507161446000018,2510141746000035,90,0,0,,0,1
2026-04-18,kmk580,1000000042,1000000042,2507161446000018,2508131056000003,28,0,0,,0,1
2026-04-18,max0192,1000000042,1000000042,2603022357336611,2603030000119072,1,0,0,,0,1
2026-04-18,mjlee080808@naver.com,1000000042,1000000042,2512241145000014,2603031244402619,69,0,0,,0,1
2026-04-18,mjlee080808@naver.com,1000000042,1000000042,2512241145000014,2601220836086707,29,0,0,,0,1
2026-04-18,mjlee080808@naver.com,1000000042,1000000042,2512241145000014,2603161715264242,82,0,0,,0,1
2026-04-18,mkbeen,1000000042,1000000042,2507061556000006,2509101240000013,66,0,0,,0,1
2026-04-18,purehk00,1000000042,1000000042,2505081027000011,2506171429000020,40,0,0,,0,1
2026-04-18,rhw0223,1000000042,1000000042,2504261332000005,2505052058000022,9,1,1,1000000064,1,0
2026-04-18,rhw0223,1000000042,1000000042,2504261332000005,2505091600000033,13,1,1,1000000083,1,0
2026-04-18,runitun1,1000000042,1000000042,2506301552000027,2509160959000036,78,1,1,1000000035,1,0
2026-04-18,suna7802,1000000042,1000000042,2504282013000038,2506101003000005,43,0,0,,0,1
2026-04-18,withbob,1000000042,1000000042,2512301255000038,2601231250597405,24,0,0,,0,1
2026-04-18,wldud566,1000000042,1000000042,2509261318000084,2509261325000089,0,0,0,,0,1
2026-04-18,wldud566,1000000042,1000000042,2509261318000084,2509261330000092,0,3,3,1000000043 -> 1000000044 -> 1000000045,1,0
2026-04-18,wuniverse90,1000000042,1000000042,2504291133000021,2507211531000026,83,0,0,,0,1
2026-04-18,yaza9821211@naver.com,1000000042,1000000042,2603202231518715,2603202332467109,0,0,0,,0,1
2026-04-18,yg931227,1000000042,1000000042,2509110830000006,2509272346000110,16,0,0,,0,1
2026-04-18,00-ej@hanmail.net,1000000043,1000000043,2602041454513065,2602222153473443,18,1,1,1000000042,1,0
2026-04-18,Sorisung24,1000000043,1000000043,2505072223000074,2505072237000075,0,1,1,1000000042,1,0
2026-04-18,bmk2000,1000000043,1000000043,2504240709000002,2507070957000002,74,3,3,1000000045 -> 1000000064 -> 1000000042,1,0
2026-04-18,bmk2000,1000000043,1000000043,2504240709000002,2505281030000013,34,1,1,1000000042,1,0
2026-04-18,haiyounkim@hanmail.net,1000000043,1000000043,2508282002000022,2509010820000003,4,0,0,,0,1
2026-04-18,jazzkov,1000000043,1000000043,2511070947000009,2601010932000004,55,0,0,,0,1
2026-04-18,jrlee1000,1000000043,1000000043,2511161042000004,2511282125000027,12,0,0,,0,1
2026-04-18,k850315,1000000043,1000000043,2506291933000008,2509230853000010,86,0,0,,0,1
2026-04-18,minjinzzzz,1000000043,1000000043,2504300906000008,2504300909000009,0,0,0,,0,1
2026-04-18,mssongo,1000000043,1000000043,2508121100000014,2509241659000135,43,0,0,,0,1
2026-04-18,oliviaysl,1000000043,1000000043,2601261200536979,2602031553490315,8,0,0,,0,1
2026-04-18,oliviaysl,1000000043,1000000043,2601261200536979,2602031600096497,8,1,1,1000000063,1,0
2026-04-18,redpot78@naver.com,1000000043,1000000043,2602061519539299,2602091138199789,3,0,0,,0,1
2026-04-18,sk7496,1000000043,1000000043,2602032256549046,2602061951482545,3,0,0,,0,1
2026-04-18,skssk2004,1000000043,1000000043,2601192248402926,2603062002203746,46,5,5,1000000044 -> 1000000045 -> 1000000064 -> 1000000065 -> 1000000066,1,0
2026-04-18,skssk2004,1000000043,1000000043,2601192248402926,2604012116519459,72,5,5,1000000044 -> 1000000064 -> 1000000065 -> 1000000066 -> 1000000143,1,0
2026-04-18,skssk2004,1000000043,1000000043,2601192248402926,2602101748108608,22,0,0,,0,1
2026-04-18,tshong992,1000000043,1000000043,2603271043130401,2604101133417718,14,0,0,,0,1
2026-04-18,vic0524,1000000043,1000000043,2601191411446544,2601191456323491,0,0,0,,0,1
2026-04-18,wldud566,1000000043,1000000043,2509261318000084,2509261330000092,0,3,3,1000000044 -> 1000000045 -> 1000000042,1,0
2026-04-18,wldud566,1000000043,1000000043,2509261318000084,2509261325000089,0,1,1,1000000042,1,0
2026-04-18,wyl000@hanmail.net,1000000043,1000000043,2602041342525121,2603070053067191,31,1,1,1000000042,1,0
2026-04-18,ysk6420,1000000043,1000000043,2511031042000010,2511100918000006,7,1,1,1000000083,1,0
2026-04-18,ysk6420,1000000043,1000000043,2511031042000010,2601091036000008,67,2,2,1000000044 -> 1000000064,1,0
2026-04-18,ysk6420,1000000043,1000000043,2511031042000010,2511170912000004,14,1,1,1000000044,1,0
2026-04-18,ysk6420,1000000043,1000000043,2511031042000010,2511031352000027,0,0,0,,0,1
2026-04-18,apocalipse,1000000044,1000000044,2506181514000020,2506181526000022,0,6,6,1000000045 -> 1000000064 -> 1000000066 -> 1000000069 -> 1000000035 -> 1000000042,1,0
2026-04-18,apocalipse,1000000044,1000000044,2506181514000020,2506181519000021,0,0,0,,0,1
2026-04-18,kang4108,1000000044,1000000044,2506091820000023,2506240822000002,15,2,2,1000000064 -> 1000000066,1,0
2026-04-18,kang4108,1000000044,1000000044,2506091820000023,2506091843000024,0,0,0,,0,1
2026-04-18,mj4687917,1000000044,1000000044,2602232319473925,2603262241064393,31,2,2,1000000042 -> 1000000043,1,0
2026-04-18,skssk2004,1000000044,1000000044,2602101748108608,2603062002203746,24,1,1,1000000043,1,0
2026-04-18,skssk2004,1000000044,1000000044,2602101748108608,2604012116519459,50,5,5,1000000064 -> 1000000065 -> 1000000066 -> 1000000143 -> 1000000043,1,0
2026-04-18,skw61,1000000044,1000000044,2604061254528017,2604161926238940,10,0,0,,0,1
2026-04-18,skw61,1000000044,1000000044,2604061254528017,2604171823394345,11,0,0,,0,1
2026-04-18,skw61,1000000044,1000000044,2604061254528017,2604161922547519,10,0,0,,0,1
2026-04-18,sunh0428,1000000044,1000000044,2511121636000028,2602031931003837,83,0,0,,0,1
2026-04-18,wldud566,1000000044,1000000044,2509261318000084,2509261330000092,0,3,3,1000000045 -> 1000000042 -> 1000000043,1,0
2026-04-18,wldud566,1000000044,1000000044,2509261318000084,2509261325000089,0,2,2,1000000042 -> 1000000043,1,0
2026-04-18,xray7278@naver.com,1000000044,1000000044,2602021431142125,2602081503384158,6,1,1,1000000064,1,0
2026-04-18,xray7278@naver.com,1000000044,1000000044,2602021431142125,2602051524256721,3,0,0,,0,1
2026-04-18,ysk6420,1000000044,1000000044,2511100918000006,2601161542454848,67,2,2,1000000064 -> 1000000043,1,0
2026-04-18,ysk6420,1000000044,1000000044,2511100918000006,2511170912000004,7,1,1,1000000043,1,0
2026-04-18,9oo_eul@naver.com,1000000045,1000000045,2512251949000023,2512251952000024,0,0,0,,0,1
2026-04-18,Crystal73,1000000045,1000000045,2506161138000004,2506251337000022,9,1,1,1000000042,1,0
2026-04-18,aky4347@naver.com,1000000045,1000000045,2509210820000009,2511051038000015,45,0,0,,0,1
2026-04-18,binv99,1000000045,1000000045,2505030733000003,2507050042000001,63,0,0,,0,1
2026-04-18,bmk2000,1000000045,1000000045,2504240709000002,2505281030000013,34,2,2,1000000042 -> 1000000043,1,0
2026-04-18,bmk2000,1000000045,1000000045,2504240709000002,2507070957000002,74,3,3,1000000064 -> 1000000042 -> 1000000043,1,0
2026-04-18,eh9475,1000000045,1000000045,2505281000000010,2508261451000052,90,0,0,,0,1
2026-04-18,forori1004,1000000045,1000000045,2505080717000003,2506020640000009,25,1,1,1000000042,1,0
2026-04-18,giminhong,1000000045,1000000045,2511042157000046,2511202248000051,16,0,0,,0,1
2026-04-18,giminhong,1000000045,1000000045,2511042157000046,2512220904000005,48,0,0,,0,1
2026-04-18,giminhong,1000000045,1000000045,2511042157000046,2602022113245300,90,0,0,,0,1
2026-04-18,haiyounkim@hanmail.net,1000000045,1000000045,2508282002000022,2509010820000003,4,1,1,1000000043,1,0
2026-04-18,hifive0413@naver.com,1000000045,1000000045,2603241540235254,2604100804595137,17,1,1,1000000042,1,0
2026-04-18,hijkky,1000000045,1000000045,2506041559000013,2506100033000001,6,0,0,,0,1
2026-04-18,hosu73,1000000045,1000000045,2508181909000023,2509240849000010,37,1,1,1000000042,1,0
2026-04-18,hyun3665,1000000045,1000000045,2603012022342706,2604021555303319,32,0,0,,0,1
2026-04-18,june2525,1000000045,1000000045,2510281016000006,2511031703000041,6,0,0,,0,1
2026-04-18,june2525,1000000045,1000000045,2510281016000006,2511171615000025,20,10,8,1000000112 -> 1000000113 -> 1000000042 -> 1000000043 -> 1000000083 -> 1000000094 -> 1000000112 -> 1000000113 -> 1000000121 -> 1000000044,1,0
2026-04-18,kibu0917,1000000045,1000000045,2603251811054746,2603311116038242,6,0,0,,0,1
2026-04-18,lju0827,1000000045,1000000045,2505201447000031,2505201449000032,0,1,1,1000000044,1,0
2026-04-18,lju0827,1000000045,1000000045,2505201447000031,2508050958000004,77,0,0,,0,1
2026-04-18,max0192,1000000045,1000000045,2603022357336611,2603030000119072,1,1,1,1000000042,1,0
2026-04-18,miin1915,1000000045,1000000045,2601081430000030,2603091432184894,60,0,0,,0,1
2026-04-18,mine2507,1000000045,1000000045,2602061118487859,2602061123361123,0,0,0,,0,1
2026-04-18,ochairs,1000000045,1000000045,2512192256000062,2512192258000063,0,0,0,,0,1
2026-04-18,oioio32,1000000045,1000000045,2601221050021968,2602041632354302,13,0,0,,0,1
2026-04-18,pds25@nate.com,1000000045,1000000045,2511200701000001,2512240820000005,34,1,1,1000000064,1,0
2026-04-18,pds25@nate.com,1000000045,1000000045,2511200701000001,2512010637000002,11,1,1,1000000085,1,0
2026-04-18,pds25@nate.com,1000000045,1000000045,2511200701000001,2512170726000004,27,3,3,1000000064 -> 1000000121 -> 1000000043,1,0
2026-04-18,petit201,1000000045,1000000045,2512191129000019,2512191439000033,0,0,0,,0,1
2026-04-18,psweet224,1000000045,1000000045,2512301326000041,2512301408000048,0,0,0,,0,1
2026-04-18,purehk00,1000000045,1000000045,2510271546000048,2511231232000009,27,2,2,1000000042 -> 1000000064,1,0
2026-04-18,purehk00,1000000045,1000000045,2510271546000048,2601122018000063,77,2,2,1000000064 -> 1000000042,1,0
2026-04-18,rlaxorb1094@naver.com,1000000045,1000000045,2601151514461702,2601161133425588,1,1,1,1000000091,1,0
2026-04-18,rlaxorb1094@naver.com,1000000045,1000000045,2601151514461702,2601151519417715,0,0,0,,0,1
2026-04-18,rlaxorb1094@naver.com,1000000045,1000000045,2601151514461702,2601161136433929,1,1,1,1000000108,1,0
2026-04-18,rubu01,1000000045,1000000045,2601182030017118,2602042108088926,17,0,0,,0,1
2026-04-18,rubu01,1000000045,1000000045,2601182030017118,2602191212136143,32,1,1,1000000069,1,0
2026-04-18,rubu01,1000000045,1000000045,2601182030017118,2603100801506283,51,2,2,1000000069 -> 1000000044,1,0
2026-04-18,skssk2004,1000000045,1000000045,2601192248402926,2602101748108608,22,2,2,1000000043 -> 1000000044,1,0
2026-04-18,sogum735,1000000045,1000000045,2509251334000089,2510141523000026,19,0,0,,0,1
2026-04-18,tkddk81,1000000045,1000000045,2601131716000056,2602090906303877,27,1,1,1000000035,1,0
2026-04-18,withbob,1000000045,1000000045,2512301255000038,2601231250597405,24,1,1,1000000042,1,0
2026-04-18,wldud566,1000000045,1000000045,2509261318000084,2509261325000089,0,3,3,1000000042 -> 1000000043 -> 1000000044,1,0
2026-04-18,wldud566,1000000045,1000000045,2509261318000084,2509261330000092,0,3,3,1000000042 -> 1000000043 -> 1000000044,1,0
2026-04-18,wyl000@hanmail.net,1000000045,1000000045,2602041342525121,2603070053067191,31,2,2,1000000042 -> 1000000043,1,0
2026-04-18,xodud0222@naver.com,1000000045,1000000045,2603101640572018,2603101650401489,0,0,0,,0,1
2026-04-18,younyangel,1000000045,1000000045,2509142105000024,2510302258000024,46,1,1,1000000033,1,0
2026-04-18,bmk2000,1000000062,1000000062,2507070957000002,2509250652000011,80,4,4,1000000042 -> 1000000043 -> 1000000044 -> 1000000045,1,0
2026-04-18,floralee73,1000000062,1000000062,2603022227205485,2604141907139177,43,0,0,,0,1
2026-04-18,iwilletet,1000000062,1000000062,2602040846041325,2602040853343306,0,0,0,,0,1
2026-04-18,jeongdong1928.com,1000000062,1000000062,2601301035184685,2603091212102334,38,0,0,,0,1
2026-04-18,jeongdong1928.com,1000000062,1000000062,2601301035184685,2604070942003374,67,0,0,,0,1
2026-04-18,kyeom84,1000000062,1000000062,2507091015000007,2507251051000005,16,0,0,,0,1
2026-04-18,kyeom84,1000000062,1000000062,2507091015000007,2507141619000026,5,0,0,,0,1
2026-04-18,mandy9479,1000000062,1000000062,2507311955000022,2507312000000023,0,0,0,,0,1
2026-04-18,min3871,1000000062,1000000062,2601210857517049,2601221449015896,1,1,1,1000000064,1,0
2026-04-18,ouooooo,1000000062,1000000062,2505191046000011,2505191051000013,0,0,0,,0,1
2026-04-18,sk13kim,1000000062,1000000062,2510171532000025,2510171648000028,0,2,2,1000000153 -> 1000000064,1,0
2026-04-18,sunnyhyk,1000000062,1000000062,2603021807030737,2603021810305488,0,0,0,,0,1
2026-04-18,xodud0222@naver.com,1000000062,1000000062,2603101640572018,2603101650401489,0,1,1,1000000045,1,0
2026-04-18,bmk2000,1000000063,1000000063,2507070957000002,2509250652000011,80,5,5,1000000042 -> 1000000043 -> 1000000044 -> 1000000045 -> 1000000062,1,0
2026-04-18,daisy102879,1000000063,1000000063,2507231735000024,2508250931000003,33,0,0,,0,1
2026-04-18,hanybee,1000000063,1000000063,2505201051000019,2506131122000006,24,0,0,,0,1
2026-04-18,hanybee,1000000063,1000000063,2505201051000019,2505281027000012,8,0,0,,0,1
2026-04-18,hudukhan,1000000063,1000000063,2504181033000020,2504181040000021,0,0,0,,0,1
2026-04-18,iwilletet,1000000063,1000000063,2602040846041325,2602040853343306,0,1,1,1000000062,1,0
2026-04-18,jeongdong1928.com,1000000063,1000000063,2601301035184685,2604070942003374,67,2,1,1000000062 -> 1000000062,1,0
2026-04-18,jeongneung,1000000063,1000000063,2512021513000028,2512021518000029,0,0,0,,0,1
2026-04-18,jewelolive,1000000063,1000000063,2601051335000037,2601051500000056,0,0,0,,0,1
2026-04-18,kukkoro,1000000063,1000000063,2604081120250934,2604081143220710,0,0,0,,0,1
2026-04-18,loveheev0301,1000000063,1000000063,2505081623000033,2508011439000013,85,0,0,,0,1
2026-04-18,ly0423,1000000063,1000000063,2602012038426693,2603281714483065,55,0,0,,0,1
2026-04-18,mkbeen,1000000063,1000000063,2509101240000013,2511091904000018,60,1,1,1000000042,1,0
2026-04-18,oliviaysl,1000000063,1000000063,2602031553490315,2602031600096497,0,1,1,1000000043,1,0
2026-04-18,ouooooo,1000000063,1000000063,2505191046000011,2505191051000013,0,1,1,1000000062,1,0
2026-04-18,shillia21@naver.com,1000000063,1000000063,2601051336000038,2602071311006369,33,1,1,1000000088,1,0
2026-04-18,showds72,1000000063,1000000063,2602072024347078,2602241424495404,17,0,0,,0,1
2026-04-18,skssk2004,1000000063,1000000063,2510141052000010,2511060921000005,23,1,1,1000000062,1,0
2026-04-18,stern97@hananet.net,1000000063,1000000063,2602042002106333,2603012047304627,25,0,0,,0,1
2026-04-18,sunnyhyk,1000000063,1000000063,2603021807030737,2603021810305488,0,1,1,1000000062,1,0
2026-04-18,xinghui1031@naver.com,1000000063,1000000063,2601130806000004,2601191943092127,6,0,0,,0,1
2026-04-18,yaza9821211@naver.com,1000000063,1000000063,2603202231518715,2603202332467109,0,1,1,1000000042,1,0
2026-04-18,yeunmb,1000000063,1000000063,2602281518189808,2604052254382853,36,1,1,1000000066,1,0
2026-04-18,yeunmb,1000000063,1000000063,2602281518189808,2603131237337719,13,0,0,,0,1
2026-04-18,0oooox,1000000064,1000000064,2507302112000013,2507312333000024,1,0,0,,0,1
2026-04-18,1004noona@hanmail.net,1000000064,1000000064,2512291343000034,2602231914054223,56,0,0,,0,1
2026-04-18,1117poiuy,1000000064,1000000064,2512272222000020,2512272230000021,0,0,0,,0,1
2026-04-18,abba0309,1000000064,1000000064,2509230917000014,2512040912000006,72,0,0,,0,1
2026-04-18,agnes2123,1000000064,1000000064,2601131535000046,2601271127047846,14,0,0,,0,1
2026-04-18,aktmxjjjang7@naver.com,1000000064,1000000064,2601021127000017,2601021131000018,0,0,0,,0,1
2026-04-18,alswjd422,1000000064,1000000064,2507031137000010,2507031602000029,0,0,0,,0,1
2026-04-18,angela5343,1000000064,1000000064,2504271441000010,2507071621000024,71,0,0,,0,1
2026-04-18,ansony0129,1000000064,1000000064,2512241338000027,2601071102000022,14,0,0,,0,1
2026-04-18,ansoy7@empal.com,1000000064,1000000064,2509021411000015,2509021418000017,0,0,0,,0,1
2026-04-18,ansoy7@empal.com,1000000064,1000000064,2509021411000015,2509021446000018,0,0,0,,0,1
2026-04-18,apocalipse,1000000064,1000000064,2506181514000020,2506181526000022,0,5,5,1000000066 -> 1000000069 -> 1000000035 -> 1000000042 -> 1000000044,1,0
2026-04-18,apocalipse,1000000064,1000000064,2506181514000020,2506181519000021,0,2,2,1000000044 -> 1000000045,1,0
2026-04-18,bbdnbbs,1000000064,1000000064,2505011359000023,2505011417000024,0,0,0,,0,1
2026-04-18,bbdnbbs,1000000064,1000000064,2505011359000023,2505021135000025,1,0,0,,0,1
2026-04-18,bbdnbbs,1000000064,1000000064,2505011359000023,2505021125000022,1,0,0,,0,1
2026-04-18,bmk2000,1000000064,1000000064,2504240709000002,2505281030000013,34,3,3,1000000042 -> 1000000043 -> 1000000045,1,0
2026-04-18,bonney26,1000000064,1000000064,2602121414017060,2602231348495990,11,0,0,,0,1
2026-04-18,carrot24,1000000064,1000000064,2505231836000041,2505241102000004,1,0,0,,0,1
2026-04-18,cdwcyj3,1000000064,1000000064,2602061757168492,2602072124435365,1,0,0,,0,1
2026-04-18,chaekim2,1000000064,1000000064,2511010808000001,2512081404000021,37,0,0,,0,1
2026-04-18,cherybloss,1000000064,1000000064,2603141556409852,2603161026027191,2,0,0,,0,1
2026-04-18,chj322,1000000064,1000000064,2507140711000001,2508032155000014,20,0,0,,0,1
2026-04-18,chklsp0813,1000000064,1000000064,2505010832000003,2505170943000002,16,0,0,,0,1
2026-04-18,choje1008,1000000064,1000000064,2508312115000019,2509222032000165,22,0,0,,0,1
2026-04-18,cja88c@naver.com,1000000064,1000000064,2601091100000013,2601111450000010,2,0,0,,0,1
2026-04-18,cja88c@naver.com,1000000064,1000000064,2601091100000013,2601091236000023,0,0,0,,0,1
2026-04-18,cjswl1538,1000000064,1000000064,2601211721169328,2602121301020589,22,0,0,,0,1
2026-04-18,cnflim,1000000064,1000000064,2510311401000024,2512050955000013,35,0,0,,0,1
2026-04-18,cnflim,1000000064,1000000064,2510311401000024,2512201340000017,50,0,0,,0,1
2026-04-18,coeur2,1000000064,1000000064,2507240311000002,2510141423000023,82,0,0,,0,1
2026-04-18,dajung34,1000000064,1000000064,2509092119000060,2509092122000061,0,0,0,,0,1
2026-04-18,darikee@naver.com,1000000064,1000000064,2601051553000067,2601051556000068,0,0,0,,0,1
2026-04-18,darikee@naver.com,1000000064,1000000064,2601051553000067,2601051558000069,0,0,0,,0,1
2026-04-18,darikee@naver.com,1000000064,1000000064,2601051553000067,2601051604000070,0,0,0,,0,1
2026-04-18,dbsgkdms0416,1000000064,1000000064,2505221519000012,2505271919000027,5,0,0,,0,1
2026-04-18,dbsgpdud87,1000000064,1000000064,2601111846000017,2601111851000019,0,0,0,,0,1
2026-04-18,derwert,1000000064,1000000064,2505081414000026,2505081426000028,0,1,1,1000000045,1,0
2026-04-18,dlwl0414,1000000064,1000000064,2512241059000011,2512301128000031,6,0,0,,0,1
2026-04-18,dodoyang79@naver.com,1000000064,1000000064,2602061123180221,2603111718556344,33,0,0,,0,1
2026-04-18,dreaming31,1000000064,1000000064,2507202043000012,2507221516000022,2,0,0,,0,1
2026-04-18,ejo1215,1000000064,1000000064,2604011724377839,2604021045221228,1,0,0,,0,1
2026-04-18,ek3334,1000000064,1000000064,2602091027510682,2602091440460788,0,0,0,,0,1
2026-04-18,ekfkawnl102,1000000064,1000000064,2603091646082605,2603091648213086,0,0,0,,0,1
2026-04-18,elireen,1000000064,1000000064,2602132051020464,2603300943042440,45,0,0,,0,1
2026-04-18,emily6656,1000000064,1000000064,2602272016020845,2603031512116950,4,0,0,,0,1
2026-04-18,ethajin1203@naver.com,1000000064,1000000064,2601211845531203,2604091031460337,78,0,0,,0,1
2026-04-18,eunsletter,1000000064,1000000064,2509231041000039,2509231047000042,0,0,0,,0,1
2026-04-18,finglike,1000000064,1000000064,2506051954000029,2506051958000030,0,0,0,,0,1
2026-04-18,fnfljjang@hanmail.net,1000000064,1000000064,2601251527221942,2603092040073185,43,0,0,,0,1
2026-04-18,ga890302,1000000064,1000000064,2508041745000023,2508261046000009,22,0,0,,0,1
2026-04-18,gksmf6624@hanmail.net,1000000064,1000000064,2507221646000027,2507231124000011,1,0,0,,0,1
2026-04-18,glglt207,1000000064,1000000064,2602101114203887,2602101320528883,0,0,0,,0,1
2026-04-18,gmltjs4325,1000000064,1000000064,2505090950000010,2505090952000012,0,0,0,,0,1
2026-04-18,grass0826,1000000064,1000000064,2601061009000018,2601231130053202,17,0,0,,0,1
2026-04-18,grass0826,1000000064,1000000064,2601061009000018,2601231108468611,17,0,0,,0,1
2026-04-18,grass0826,1000000064,1000000064,2601061009000018,2601231302553447,17,0,0,,0,1
2026-04-18,gulvi2,1000000064,1000000064,2507011833000042,2507011837000043,0,0,0,,0,1
2026-04-18,gydms8513,1000000064,1000000064,2602030813538485,2602030817277677,0,0,0,,0,1
2026-04-18,haazzang,1000000064,1000000064,2507221320000011,2507221338000012,0,0,0,,0,1
2026-04-18,haazzang,1000000064,1000000064,2507221320000011,2507221345000015,0,0,0,,0,1
2026-04-18,hali35,1000000064,1000000064,2512041027000011,2512041032000012,0,0,0,,0,1
2026-04-18,hangi5208,1000000064,1000000064,2601051543000064,2601051548000065,0,0,0,,0,1
2026-04-18,hellosujin1212,1000000064,1000000064,2509151339000039,2509190511000005,4,0,0,,0,1
2026-04-18,hellosujin1212,1000000064,1000000064,2509151339000039,2509190538000006,4,1,1,1000000127,1,0
2026-04-18,heraan0@naver.com,1000000064,1000000064,2601130843000006,2603030845125877,49,1,1,1000000127,1,0
2026-04-18,heraan0@naver.com,1000000064,1000000064,2601130843000006,2604060746355886,83,0,0,,0,1
2026-04-18,heraan0@naver.com,1000000064,1000000064,2601130843000006,2602070723115229,25,0,0,,0,1
2026-04-18,hinemo111,1000000064,1000000064,2512091059000015,2601151641385541,37,0,0,,0,1
2026-04-18,hiyw0613,1000000064,1000000064,2604021728437906,2604021735120887,0,0,0,,0,1
2026-04-18,hjp710,1000000064,1000000064,2511071255000024,2511201119000017,13,0,0,,0,1
2026-04-18,hkm0626,1000000064,1000000064,2601171628564662,2601171651505403,0,0,0,,0,1
2026-04-18,hongga123,1000000064,1000000064,2601021349000031,2601131252000037,11,0,0,,0,1
2026-04-18,hozi7752@naver.com,1000000064,1000000064,2601151114279678,2601151115548719,0,0,0,,0,1
2026-04-18,hs002201,1000000064,1000000064,2603190859204722,2603261145231885,7,0,0,,0,1
2026-04-18,hsonng12,1000000064,1000000064,2511251934000039,2601261635449552,62,0,0,,0,1
2026-04-18,hye02g,1000000064,1000000064,2602251027203545,2603061115362964,9,0,0,,0,1
2026-04-18,hye02g,1000000064,1000000064,2602251027203545,2603312308470313,34,0,0,,0,1
2026-04-18,hyein113,1000000064,1000000064,2603090833258254,2604131659268710,35,0,0,,0,1
2026-04-18,hynews00@naver.com,1000000064,1000000064,2509231009000024,2509231013000027,0,1,1,1000000042,1,0
2026-04-18,image1107,1000000064,1000000064,2505071154000030,2506012237000013,25,0,0,,0,1
2026-04-18,image1107,1000000064,1000000064,2505071154000030,2506171255000015,41,1,1,1000000087,1,0
2026-04-18,imueen73,1000000064,1000000064,2509101015000005,2509101446000025,0,0,0,,0,1
2026-04-18,ippo365,1000000064,1000000064,2601281644107331,2601301347290963,2,0,0,,0,1
2026-04-18,ippo365,1000000064,1000000064,2601281644107331,2601281646389092,0,0,0,,0,1
2026-04-18,ippo365,1000000064,1000000064,2601281644107331,2601301344511062,2,0,0,,0,1
2026-04-18,ippo365,1000000064,1000000064,2601281644107331,2601301342109541,2,0,0,,0,1
2026-04-18,ippo365,1000000064,1000000064,2601281644107331,2601301338186640,2,0,0,,0,1
2026-04-18,ippo365,1000000064,1000000064,2601281644107331,2601281657154874,0,0,0,,0,1
2026-04-18,jacan416,1000000064,1000000064,2507021643000025,2507021814000028,0,0,0,,0,1
2026-04-18,jeongdong1928.com,1000000064,1000000064,2512111431000030,2512201326000016,9,0,0,,0,1
2026-04-18,jesse94,1000000064,1000000064,2603051029227734,2604050908171492,31,0,0,,0,1
2026-04-18,jjx001,1000000064,1000000064,2601061357000044,2601061413000046,0,0,0,,0,1
2026-04-18,joy87sh,1000000064,1000000064,2602092119592320,2602101153422373,1,0,0,,0,1
2026-04-18,juah92,1000000064,1000000064,2601081810000047,2601301151073258,22,0,0,,0,1
2026-04-18,juri1017,1000000064,1000000064,2603231031595415,2603311720052041,8,0,0,,0,1
2026-04-18,jyn1000,1000000064,1000000064,2601260857260981,2601260859582383,0,0,0,,0,1
2026-04-18,kang4108,1000000064,1000000064,2506091820000023,2506091843000024,0,1,1,1000000044,1,0
2026-04-18,kang4108,1000000064,1000000064,2506091820000023,2506240822000002,15,3,3,1000000066 -> 1000000044 -> 1000000063,1,0
2026-04-18,kdani1104,1000000064,1000000064,2604161155530332,2604161158485693,0,0,0,,0,1
2026-04-18,khw920511@naver.com,1000000064,1000000064,2507311307000012,2510021420000006,63,0,0,,0,1
2026-04-18,khyoung0903,1000000064,1000000064,2505080412000001,2506121846000020,35,0,0,,0,1
2026-04-18,kyj03007,1000000064,1000000064,2601161658199269,2601161708073940,0,0,0,,0,1
2026-04-18,larch9,1000000064,1000000064,2507091659000025,2509191737000097,72,0,0,,0,1
2026-04-18,leech3825,1000000064,1000000064,2508211024000006,2508250851000002,4,0,0,,0,1
2026-04-18,leeynghyn,1000000064,1000000064,2510011403000022,2511112018000057,41,0,0,,0,1
2026-04-18,lemon942@naver.com,1000000064,1000000064,2512271324000010,2512281918000021,1,0,0,,0,1
2026-04-18,lenami@naver.com,1000000064,1000000064,2511121052000013,2511260925000006,14,0,0,,0,1
2026-04-18,lhn217,1000000064,1000000064,2504270835000003,2505121917000067,15,0,0,,0,1
2026-04-18,lhn217,1000000064,1000000064,2504270835000003,2505091330000024,12,0,0,,0,1
2026-04-18,louis0603@hotmail.com,1000000064,1000000064,2509181006000025,2509252033000184,7,0,0,,0,1
2026-04-18,loveh111@nave.com,1000000064,1000000064,2507221344000013,2507290851000002,7,0,0,,0,1
2026-04-18,luckyunkyung,1000000064,1000000064,2512021549000033,2601291635103740,58,0,0,,0,1
2026-04-18,magichw,1000000064,1000000064,2601131619000051,2601131638000053,0,0,0,,0,1
2026-04-18,margin98@naver.com,1000000064,1000000064,2509291235000148,2509291252000154,0,0,0,,0,1
2026-04-18,maru1215,1000000064,1000000064,2506301502000024,2507012352000051,1,0,0,,0,1
2026-04-18,maru1215,1000000064,1000000064,2506301502000024,2507011617000035,1,0,0,,0,1
2026-04-18,max0192,1000000064,1000000064,2603022357336611,2603030000119072,1,2,2,1000000042 -> 1000000045,1,0
2026-04-18,meeyeonlee@naver.com,1000000064,1000000064,2507071055000008,2507142220000041,7,1,1,1000000044,1,0
2026-04-18,middleedu1234,1000000064,1000000064,2601162050438107,2601162135476313,0,0,0,,0,1
2026-04-18,middleedu1234,1000000064,1000000064,2601162050438107,2601162132195372,0,0,0,,0,1
2026-04-18,middleedu1234,1000000064,1000000064,2601162050438107,2601162120201640,0,0,0,,0,1
2026-04-18,middleedu1234,1000000064,1000000064,2601162050438107,2601162123027971,0,0,0,,0,1
2026-04-18,middleedu1234,1000000064,1000000064,2601162050438107,2601162138099434,0,0,0,,0,1
2026-04-18,miin1915,1000000064,1000000064,2601081430000030,2603091432184894,60,2,2,1000000045 -> 1000000063,1,0
2026-04-18,miin1915,1000000064,1000000064,2601081430000030,2603131657420878,64,1,1,1000000070,1,0
2026-04-18,min3871,1000000064,1000000064,2601210847029238,2601221449015896,1,2,1,1000000062 -> 1000000062,1,0
2026-04-18,mithora,1000000064,1000000064,2506302104000038,2507011319000020,1,0,0,,0,1
2026-04-18,mj4687917,1000000064,1000000064,2602232319473925,2603262241064393,31,3,3,1000000042 -> 1000000043 -> 1000000044,1,0
2026-04-18,mjk848,1000000064,1000000064,2602091426338473,2602132308174371,4,0,0,,0,1
2026-04-18,mkreel,1000000064,1000000064,2509011045000010,2509011048000011,0,0,0,,0,1
2026-04-18,mkreel,1000000064,1000000064,2509011045000010,2509011050000013,0,0,0,,0,1
2026-04-18,mkshim0401,1000000064,1000000064,2512241829000070,2602212014427137,59,0,0,,0,1
2026-04-18,mkshim0401,1000000064,1000000064,2512241829000070,2512291729000059,5,0,0,,0,1
2026-04-18,mlino,1000000064,1000000064,2510121619000018,2510121640000022,0,0,0,,0,1
2026-04-18,mlino,1000000064,1000000064,2510121619000018,2510121630000019,0,0,0,,0,1
2026-04-18,mlino,1000000064,1000000064,2510121619000018,2510121633000020,0,0,0,,0,1
2026-04-18,mlino,1000000064,1000000064,2510121619000018,2510121638000021,0,0,0,,0,1
2026-04-18,molaou,1000000064,1000000064,2602141704491399,2602171652144606,3,0,0,,0,1
2026-04-18,molaou,1000000064,1000000064,2602141704491399,2602171649263185,3,0,0,,0,1
2026-04-18,nangaaaa,1000000064,1000000064,2601051653000075,2601061118000029,1,0,0,,0,1
2026-04-18,nanjooyun,1000000064,1000000064,2507191744000011,2510131134000021,86,0,0,,0,1
2026-04-18,nanjooyun,1000000064,1000000064,2507191744000011,2507311143000011,12,0,0,,0,1
2026-04-18,narnia,1000000064,1000000064,2602271951335981,2602271956292983,0,0,0,,0,1
2026-04-18,nemo0317,1000000064,1000000064,2603251451118336,2603270738497883,2,0,0,,0,1
2026-04-18,nemo0317,1000000064,1000000064,2603251451118336,2603300603236864,5,1,1,1000000083,1,0
2026-04-18,oioio32,1000000064,1000000064,2601221050021968,2602041632354302,13,1,1,1000000045,1,0
2026-04-18,ojik1@naver.com,1000000064,1000000064,2507121507000012,2507121508000013,0,0,0,,0,1
2026-04-18,olpnoroi@naver.com,1000000064,1000000064,2509031722000035,2509031725000036,0,0,0,,0,1
2026-04-18,oneu88,1000000064,1000000064,2602261032084488,2604141119161249,47,0,0,,0,1
2026-04-18,owl486,1000000064,1000000064,2505150846000007,2506170957000006,33,0,0,,0,1
2026-04-18,owl486,1000000064,1000000064,2505150846000007,2507160921000006,62,2,2,1000000071 -> 1000000127,1,0
2026-04-18,pds25@nate.com,1000000064,1000000064,2511200701000001,2512240820000005,34,1,1,1000000045,1,0
2026-04-18,pds25@nate.com,1000000064,1000000064,2511200701000001,2512010637000002,11,2,2,1000000085 -> 1000000045,1,0
2026-04-18,pds25@nate.com,1000000064,1000000064,2511200701000001,2512170726000004,27,3,3,1000000121 -> 1000000043 -> 1000000045,1,0
2026-04-18,petit201,1000000064,1000000064,2512191129000019,2512191439000033,0,1,1,1000000045,1,0
2026-04-18,ppoi1999,1000000064,1000000064,2602081835081187,2602081840308129,0,0,0,,0,1
2026-04-18,pro6667,1000000064,1000000064,2505141117000016,2505221431000011,8,0,0,,0,1
2026-04-18,pu_fairy@hotmail.com,1000000064,1000000064,2512221740000057,2603010822218602,69,0,0,,0,1
2026-04-18,pure9937,1000000064,1000000064,2603271019487489,2604181936083467,22,0,0,,0,1
2026-04-18,purehk00,1000000064,1000000064,2505081027000011,2507131340000012,66,1,1,1000000042,1,0
2026-04-18,purehk00,1000000064,1000000064,2505081027000011,2507292058000022,82,0,0,,0,1
2026-04-18,qbgood,1000000064,1000000064,2506271407000015,2506271411000017,0,0,0,,0,1
2026-04-18,qbgood,1000000064,1000000064,2506271407000015,2506271702000024,0,0,0,,0,1
2026-04-18,qkr030510,1000000064,1000000064,2504231126000008,2505111217000004,18,0,0,,0,1
2026-04-18,qkr9922,1000000064,1000000064,2601120015000002,2601172235029852,5,0,0,,0,1
2026-04-18,qkr9922,1000000064,1000000064,2601120015000002,2601172245578325,5,0,0,,0,1
2026-04-18,qkr9922,1000000064,1000000064,2601120015000002,2601192003244299,7,0,0,,0,1
2026-04-18,quidni,1000000064,1000000064,2509291515000236,2510212150000037,22,1,1,1000000063,1,0
2026-04-18,quidni,1000000064,1000000064,2509291515000236,2511132208000034,45,0,0,,0,1
2026-04-18,redpot78@naver.com,1000000064,1000000064,2602061519539299,2602091138199789,3,1,1,1000000043,1,0
2026-04-18,rhw0223,1000000064,1000000064,2504261236000003,2504261332000005,0,1,1,1000000042,1,0
2026-04-18,riverjo,1000000064,1000000064,2505071143000029,2505071200000032,0,0,0,,0,1
2026-04-18,ruiana,1000000064,1000000064,2509241255000063,2509241257000064,0,0,0,,0,1
2026-04-18,runitun1,1000000064,1000000064,2509160959000036,2510141439000024,28,0,0,,0,1
2026-04-18,seobin4,1000000064,1000000064,2506260923000006,2506260928000007,0,0,0,,0,1
2026-04-18,seoyeon27,1000000064,1000000064,2504281645000033,2504281653000035,0,0,0,,0,1
2026-04-18,sjukim,1000000064,1000000064,2507270920000001,2507280757000001,1,0,0,,0,1
2026-04-18,sjyoon223,1000000064,1000000064,2508211835000015,2508211836000016,0,0,0,,0,1
2026-04-18,sk7496,1000000064,1000000064,2602032256549046,2602061951482545,3,1,1,1000000043,1,0
2026-04-18,smsjlove0@naver.com,1000000064,1000000064,2601191354406763,2601192000530578,0,0,0,,0,1
2026-04-18,snuh,1000000064,1000000064,2509231530000095,2509291049000071,6,0,0,,0,1
2026-04-18,sodakhk,1000000064,1000000064,2509041623000028,2509101413000017,6,3,2,1000000093 -> 1000000093 -> 1000000108,1,0
2026-04-18,soldamcho,1000000064,1000000064,2601071659000072,2601071720000075,0,0,0,,0,1
2026-04-18,soldamcho,1000000064,1000000064,2601071659000072,2601071718000074,0,0,0,,0,1
2026-04-18,soldamcho,1000000064,1000000064,2601071659000072,2601071716000073,0,0,0,,0,1
2026-04-18,spicch,1000000064,1000000064,2601132257000068,2601132307000069,0,0,0,,0,1
2026-04-18,srals1013,1000000064,1000000064,2601191327592570,2603031113363274,43,0,0,,0,1
2026-04-18,sssimming,1000000064,1000000064,2601120910000009,2601190849454700,7,0,0,,0,1
2026-04-18,stonejy,1000000064,1000000064,2512290849000012,2602220217346078,55,0,0,,0,1
2026-04-18,sunlover82,1000000064,1000000064,2601161915376503,2601191121552210,3,0,0,,0,1
2026-04-18,sunlover82,1000000064,1000000064,2601161915376503,2601191041221354,3,0,0,,0,1
2026-04-18,thddlzofht,1000000064,1000000064,2602060033056992,2602060037096693,0,0,0,,0,1
2026-04-18,timber1537,1000000064,1000000064,2601271202382419,2602141738002690,18,0,0,,0,1
2026-04-18,tjrrmsdla89@naver.com,1000000064,1000000064,2512191637000044,2512240957000008,5,0,0,,0,1
2026-04-18,tossuny0314@naver.com,1000000064,1000000064,2509041005000002,2509270701000008,23,0,0,,0,1
2026-04-18,tossuny0314@naver.com,1000000064,1000000064,2509041005000002,2511301758000010,87,0,0,,0,1
2026-04-18,tshong992,1000000064,1000000064,2603271043130401,2604101133417718,14,1,1,1000000043,1,0
2026-04-18,turtlehy,1000000064,1000000064,2507161523000019,2507161530000020,0,0,0,,0,1
2026-04-18,uniyun112,1000000064,1000000064,2602131226223863,2602131240137205,0,0,0,,0,1
2026-04-18,uniyun112,1000000064,1000000064,2602131226223863,2602131238008134,0,0,0,,0,1
2026-04-18,wen12ny@naver.com,1000000064,1000000064,2512151356000030,2512190931000008,4,0,0,,0,1
2026-04-18,wldnjs0130,1000000064,1000000064,2505011951000038,2507090848000002,69,0,0,,0,1
2026-04-18,wocn,1000000064,1000000064,2512101015000008,2512101050000020,0,1,1,1000000033,1,0
2026-04-18,xhxhfh48@naver.com,1000000064,1000000064,2601220839084848,2601221422540611,0,0,0,,0,1
2026-04-18,xhxhfh48@naver.com,1000000064,1000000064,2601220839084848,2601220843297470,0,0,0,,0,1
2026-04-18,xray7278@naver.com,1000000064,1000000064,2602021431142125,2602081503384158,6,1,1,1000000044,1,0
2026-04-18,xray7278@naver.com,1000000064,1000000064,2602021431142125,2602051524256721,3,1,1,1000000044,1,0
2026-04-18,ycl1017@naver.com,1000000064,1000000064,2601210913288263,2601211317217487,0,0,0,,0,1
2026-04-18,yettocom,1000000064,1000000064,2509251741000157,2511260918000005,62,0,0,,0,1
2026-04-18,yjh9851,1000000064,1000000064,2601161810103868,2601211735044416,5,0,0,,0,1
2026-04-18,yoonyk23,1000000064,1000000064,2512241533000047,2512260946000011,2,0,0,,0,1
2026-04-18,yucca1206,1000000064,1000000064,2601291048569796,2604081033174979,69,0,0,,0,1
2026-04-18,zombiexx,1000000064,1000000064,2510161007000005,2512170952000008,62,0,0,,0,1
2026-04-18,hoayoung,1000000065,1000000065,2510311050000012,2512091351000027,39,2,2,1000000027 -> 1000000035,1,0
2026-04-18,jeewon,1000000065,1000000065,2512102303000078,2601212145353369,42,6,5,1000000035 -> 1000000043 -> 1000000044 -> 1000000045 -> 1000000035 -> 1000000042,1,0
2026-04-18,skssk2004,1000000065,1000000065,2601192248402926,2603062002203746,46,4,4,1000000066 -> 1000000043 -> 1000000044 -> 1000000064,1,0
2026-04-18,skssk2004,1000000065,1000000065,2601192248402926,2602101748108608,22,4,4,1000000043 -> 1000000044 -> 1000000045 -> 1000000064,1,0
2026-04-18,skssk2004,1000000065,1000000065,2601192248402926,2604012116519459,72,5,5,1000000066 -> 1000000143 -> 1000000043 -> 1000000044 -> 1000000064,1,0
2026-04-18,sms7777,1000000065,1000000065,2505270809000003,2506161325000008,20,0,0,,0,1
2026-04-18,sms7777,1000000065,1000000065,2505270809000003,2507181108000015,52,2,1,1000000028 -> 1000000028,1,0
2026-04-18,apocalipse,1000000066,1000000066,2506181514000020,2506181519000021,0,3,3,1000000044 -> 1000000045 -> 1000000064,1,0
2026-04-18,apocalipse,1000000066,1000000066,2506181514000020,2506181526000022,0,6,6,1000000069 -> 1000000035 -> 1000000042 -> 1000000044 -> 1000000064 -> 1000000065,1,0
2026-04-18,hongga123,1000000066,1000000066,2601021349000031,2601131252000037,11,1,1,1000000064,1,0
2026-04-18,kang4108,1000000066,1000000066,2506091843000024,2506240822000002,15,5,3,1000000044 -> 1000000064 -> 1000000044 -> 1000000063 -> 1000000064,1,0
2026-04-18,limchanho81,1000000066,1000000066,2601091619000042,2601091624000043,0,0,0,,0,1
2026-04-18,limchanho81,1000000066,1000000066,2601091619000042,2601141108355351,5,0,0,,0,1
2026-04-18,skssk2004,1000000066,1000000066,2601192248402926,2603062002203746,46,4,4,1000000043 -> 1000000044 -> 1000000064 -> 1000000065,1,0
2026-04-18,skssk2004,1000000066,1000000066,2601192248402926,2602101748108608,22,5,5,1000000043 -> 1000000044 -> 1000000045 -> 1000000064 -> 1000000065,1,0
2026-04-18,skssk2004,1000000066,1000000066,2601192248402926,2604012116519459,72,5,5,1000000143 -> 1000000043 -> 1000000044 -> 1000000064 -> 1000000065,1,0
2026-04-18,apocalipse,1000000069,1000000069,2506181519000021,2506181526000022,0,10,7,1000000043 -> 1000000044 -> 1000000064 -> 1000000066 -> 1000000035 -> 1000000042 -> 1000000044 -> 1000000064 -> 1000000065 -> 1000000066,1,0
2026-04-18,rubu01,1000000069,1000000069,2602042108088926,2602191212136143,15,1,1,1000000045,1,0
2026-04-18,sjrnfl0213,1000000069,1000000069,2509071917000018,2509071929000019,0,1,1,1000000064,1,0
2026-04-18,sypark9398,1000000069,1000000069,2505201422000030,2505291137000009,9,0,0,,0,1
2026-04-18,htlove8758,1000000070,1000000070,2601261649318573,2603200942017448,53,1,1,1000000062,1,0
2026-04-18,lechaw,1000000070,1000000070,2510181104000002,2510261048000003,8,0,0,,0,1
2026-04-18,72eunhye@naver.com,1000000071,1000000071,2508201537000019,2509101706000048,21,2,2,1000000043 -> 1000000070,1,0
2026-04-18,mukbo55,1000000071,1000000071,2506190856000004,2507011302000019,12,1,1,1000000065,1,0
2026-04-18,owl486,1000000071,1000000071,2505150846000007,2506170957000006,33,1,1,1000000064,1,0
2026-04-18,cczz2,1000000083,1000000083,2507011624000037,2508130004000028,43,0,0,,0,1
2026-04-18,hifive0413@naver.com,1000000083,1000000083,2603241540235254,2604100804595137,17,2,2,1000000042 -> 1000000045,1,0
2026-04-18,jeewon,1000000083,1000000083,2512102303000078,2601212145353369,42,7,6,1000000035 -> 1000000043 -> 1000000044 -> 1000000045 -> 1000000035 -> 1000000042 -> 1000000065,1,0
2026-04-18,rhw0223,1000000083,1000000083,2505052058000022,2505091600000033,4,2,2,1000000042 -> 1000000062,1,0
2026-04-18,wuniverse90,1000000083,1000000083,2504291133000021,2507211531000026,83,1,1,1000000042,1,0
2026-04-18,yangjh486,1000000083,1000000083,2505131155000048,2507281714000017,76,1,1,1000000064,1,0
2026-04-18,fighting27,1000000084,1000000084,2601222143287673,2601290023010371,7,1,1,1000000092,1,0
2026-04-18,milkim@hanmail.net,1000000084,1000000084,2512091100000017,2512151427000034,6,0,0,,0,1
2026-04-18,miyoung7902@naver.com,1000000084,1000000084,2601060848000008,2601061426000047,0,0,0,,0,1
2026-04-18,petto54,1000000084,1000000084,2601280843190345,2602010838027665,4,0,0,,0,1
2026-04-18,sherry48@naver.com,1000000084,1000000084,2511061134000011,2511061254000013,0,0,0,,0,1
2026-04-18,aglaia22c,1000000085,1000000085,2601131210000023,2601131220000028,0,2,1,1000000086 -> 1000000086,1,0
2026-04-18,aglaia22c,1000000085,1000000085,2601131210000023,2601131224000030,0,0,0,,0,1
2026-04-18,ahroro,1000000085,1000000085,2602191315281271,2602191318411802,0,0,0,,0,1
2026-04-18,ahroro,1000000085,1000000085,2602191315281271,2602191320053554,0,0,0,,0,1
2026-04-18,ahroro,1000000085,1000000085,2602191315281271,2602191323109895,0,0,0,,0,1
2026-04-18,baeari1226,1000000085,1000000085,2512091354000028,2512110950000009,2,0,0,,0,1
2026-04-18,baeari1226,1000000085,1000000085,2512091354000028,2512110953000011,2,0,0,,0,1
2026-04-18,catfish98,1000000085,1000000085,2507031242000015,2508201525000018,48,0,0,,0,1
2026-04-18,clover75,1000000085,1000000085,2507310903000006,2507311049000008,0,0,0,,0,1
2026-04-18,deuxsm7,1000000085,1000000085,2506281345000005,2507022240000039,4,2,2,1000000033 -> 1000000065,1,0
2026-04-18,gole0726,1000000085,1000000085,2512041131000014,2601151744552563,42,0,0,,0,1
2026-04-18,id-milkyway@hanmail.net,1000000085,1000000085,2507151058000007,2507151346000017,0,0,0,,0,1
2026-04-18,jg9936@hanmail.net,1000000085,1000000085,2601262001268503,2601262011397624,0,0,0,,0,1
2026-04-18,jg9936@hanmail.net,1000000085,1000000085,2601262001268503,2601262028155807,0,1,1,1000000088,1,0
2026-04-18,jg9936@hanmail.net,1000000085,1000000085,2601262001268503,2601262016425045,0,0,0,,0,1
2026-04-18,jien961113@naver.com,1000000085,1000000085,2512231147000019,2512261258000030,3,0,0,,0,1
2026-04-18,jiuse26@naver.com,1000000085,1000000085,2510151339000023,2510161302000011,1,0,0,,0,1
2026-04-18,kdi2,1000000085,1000000085,2507071056000009,2507150819000002,8,0,0,,0,1
2026-04-18,kelly033,1000000085,1000000085,2506241619000013,2507081249000007,14,0,0,,0,1
2026-04-18,kristaej,1000000085,1000000085,2512231324000028,2512231329000029,0,1,1,1000000064,1,0
2026-04-18,lemon2me,1000000085,1000000085,2505021841000048,2505021854000049,0,0,0,,0,1
2026-04-18,lys20001,1000000085,1000000085,2601261806593069,2601261809356080,0,0,0,,0,1
2026-04-18,onebinhyekyo,1000000085,1000000085,2510121312000006,2510121323000012,0,0,0,,0,1
2026-04-18,onebinhyekyo,1000000085,1000000085,2510121312000006,2510121316000008,0,0,0,,0,1
2026-04-18,onebinhyekyo,1000000085,1000000085,2510121312000006,2510121320000010,0,0,0,,0,1
2026-04-18,onebinhyekyo,1000000085,1000000085,2510121312000006,2510121322000011,0,0,0,,0,1
2026-04-18,onebinhyekyo,1000000085,1000000085,2510121312000006,2510121314000007,0,0,0,,0,1
2026-04-18,onebinhyekyo,1000000085,1000000085,2510121312000006,2510121327000013,0,0,0,,0,1
2026-04-18,onebinhyekyo,1000000085,1000000085,2510121312000006,2510121319000009,0,0,0,,0,1
2026-04-18,protoyj,1000000085,1000000085,2512301356000046,2601050952000018,6,1,1,1000000086,1,0
2026-04-18,rlaaltjs8277@naver.com,1000000085,1000000085,2604091324012286,2604150843238166,6,0,0,,0,1
2026-04-18,rooby2828@naver.com,1000000085,1000000085,2601192034373001,2601192054157617,0,2,1,1000000087 -> 1000000087,1,0
2026-04-18,sherry48@naver.com,1000000085,1000000085,2511061134000011,2511061254000013,0,1,1,1000000084,1,0
2026-04-18,sks_pe,1000000085,1000000085,2505131037000029,2505210813000002,8,0,0,,0,1
2026-04-18,sks_pe,1000000085,1000000085,2505131037000029,2505141008000009,1,0,0,,0,1
2026-04-18,sy0506,1000000085,1000000085,2505121224000030,2506261037000011,45,0,0,,0,1
2026-04-18,t4817@naver.com,1000000085,1000000085,2603191831132399,2603191835540490,0,0,0,,0,1
2026-04-18,aglaia22c,1000000086,1000000086,2601131201000022,2601131229000033,0,2,1,1000000085 -> 1000000085,1,0
2026-04-18,aglaia22c,1000000086,1000000086,2601131201000022,2601131215000025,0,1,1,1000000085,1,0
2026-04-18,bless15811,1000000086,1000000086,2511251427000019,2512221537000047,27,0,0,,0,1
2026-04-18,carpediem380,1000000086,1000000086,2507071117000011,2507071120000012,0,0,0,,0,1
2026-04-18,cassio7,1000000086,1000000086,2512301057000021,2512301126000029,0,0,0,,0,1
2026-04-18,cassio7,1000000086,1000000086,2512301057000021,2512301111000024,0,0,0,,0,1
2026-04-18,cassio7,1000000086,1000000086,2512301057000021,2512301108000023,0,0,0,,0,1
2026-04-18,cassio7,1000000086,1000000086,2512301057000021,2512301124000028,0,0,0,,0,1
2026-04-18,chs0046,1000000086,1000000086,2506241028000004,2509011540000036,69,0,0,,0,1
2026-04-18,ciozen2,1000000086,1000000086,2601301614590035,2601301632189503,0,0,0,,0,1
2026-04-18,ciozen2,1000000086,1000000086,2601301614590035,2601301639070184,0,0,0,,0,1
2026-04-18,ciozen2,1000000086,1000000086,2601301614590035,2601301624336648,0,0,0,,0,1
2026-04-18,cjy2410@hanmail.net,1000000086,1000000086,2507181754000035,2507181800000036,0,0,0,,0,1
2026-04-18,dryad27,1000000086,1000000086,2508141536000015,2508141541000016,0,0,0,,0,1
2026-04-18,eunjbaik@gmail.com,1000000086,1000000086,2511230933000003,2511230945000006,0,0,0,,0,1
2026-04-18,eunjbaik@gmail.com,1000000086,1000000086,2511230933000003,2511230942000005,0,0,0,,0,1
2026-04-18,eunjbaik@gmail.com,1000000086,1000000086,2511230933000003,2511230935000004,0,0,0,,0,1
2026-04-18,gongzu428@naver.com,1000000086,1000000086,2512241505000042,2512241508000044,0,0,0,,0,1
2026-04-18,hainaim1600,1000000086,1000000086,2505071112000028,2505160934000005,9,0,0,,0,1
2026-04-18,hainaim1600,1000000086,1000000086,2505071112000028,2506230945000003,47,0,0,,0,1
2026-04-18,hik7511,1000000086,1000000086,2604051108466934,2604121028549725,7,0,0,,0,1
2026-04-18,jang9578248,1000000086,1000000086,2507111543000028,2507111552000030,0,0,0,,0,1
2026-04-18,jang9578248,1000000086,1000000086,2507111543000028,2507111548000029,0,0,0,,0,1
2026-04-18,jang9578248,1000000086,1000000086,2507111543000028,2507180649000003,7,2,1,1000000087 -> 1000000087,1,0
2026-04-18,jang9578248,1000000086,1000000086,2507111543000028,2507180708000004,7,0,0,,0,1
2026-04-18,jinunica,1000000086,1000000086,2512241630000056,2601091017000004,16,0,0,,0,1
2026-04-18,jnjedu,1000000086,1000000086,2507281632000015,2507291438000015,1,0,0,,0,1
2026-04-18,jnjedu,1000000086,1000000086,2507281632000015,2508051211000011,8,0,0,,0,1
2026-04-18,jungahyoun09,1000000086,1000000086,2511291750000010,2601271933319893,59,0,0,,0,1
2026-04-18,kdi2,1000000086,1000000086,2506261406000027,2506270826000002,1,0,0,,0,1
2026-04-18,kdi2,1000000086,1000000086,2506261406000027,2508120806000006,47,2,1,1000000085 -> 1000000085,1,0
2026-04-18,minos55,1000000086,1000000086,2506301355000021,2508060630000005,37,2,2,1000000087 -> 1000000089,1,0
2026-04-18,minos55,1000000086,1000000086,2506301355000021,2508060625000004,37,0,0,,0,1
2026-04-18,quppy,1000000086,1000000086,2505061334000013,2505061337000014,0,0,0,,0,1
2026-04-18,remarque,1000000086,1000000086,2603250935507071,2603251127125529,0,0,0,,0,1
2026-04-18,remarque,1000000086,1000000086,2603250935507071,2603251125417348,0,1,1,1000000088,1,0
2026-04-18,shg0741,1000000086,1000000086,2507031528000028,2507140832000002,11,0,0,,0,1
2026-04-18,shg0741,1000000086,1000000086,2507031528000028,2507041740000016,1,0,0,,0,1
2026-04-18,sks_pe,1000000086,1000000086,2505071334000050,2506121305000009,36,3,1,1000000085 -> 1000000085 -> 1000000085,1,0
2026-04-18,sweetksm,1000000086,1000000086,2601131607000049,2601211439390463,8,0,0,,0,1
2026-04-18,tjrrmsdla89@naver.com,1000000086,1000000086,2512191637000044,2512240957000008,5,1,1,1000000064,1,0
2026-04-18,willownan,1000000086,1000000086,2604061033226102,2604071058159826,1,2,1,1000000087 -> 1000000087,1,0
2026-04-18,yun112433,1000000086,1000000086,2601211521505387,2601211619568643,0,0,0,,0,1
2026-04-18,Newton,1000000087,1000000087,2601251802219722,2601261019095847,1,1,1,1000000088,1,0
2026-04-18,abyo00,1000000087,1000000087,2508191619000005,2508231812000011,4,0,0,,0,1
2026-04-18,adazio131,1000000087,1000000087,2505062237000032,2505062244000034,0,0,0,,0,1
2026-04-18,ch-1974,1000000087,1000000087,2512042358000050,2512201617000024,16,0,0,,0,1
2026-04-18,cielmed,1000000087,1000000087,2509051124000008,2509091737000050,4,0,0,,0,1
2026-04-18,cielmed,1000000087,1000000087,2509051124000008,2509091100000019,4,0,0,,0,1
2026-04-18,cielmed,1000000087,1000000087,2509051124000008,2509051126000009,0,0,0,,0,1
2026-04-18,cielmed,1000000087,1000000087,2509051124000008,2509091103000020,4,0,0,,0,1
2026-04-18,eaea85@naver.com,1000000087,1000000087,2508121937000024,2508181157000004,6,0,0,,0,1
2026-04-18,fhwangsw,1000000087,1000000087,2603021312104055,2603021315176846,0,0,0,,0,1
2026-04-18,fretum,1000000087,1000000087,2601271449507401,2601271457004418,0,0,0,,0,1
2026-04-18,fretum,1000000087,1000000087,2601271449507401,2601271504373722,0,0,0,,0,1
2026-04-18,fretum,1000000087,1000000087,2601271449507401,2601271451586234,0,2,2,1000000092 -> 1000000108,1,0
2026-04-18,fretum,1000000087,1000000087,2601271449507401,2601271455306527,0,0,0,,0,1
2026-04-18,gucci0608,1000000087,1000000087,2507021114000010,2507021130000014,0,0,0,,0,1
2026-04-18,gucci0608,1000000087,1000000087,2507021114000010,2507021355000021,0,0,0,,0,1
2026-04-18,haunjung888,1000000087,1000000087,2505052016000019,2505052019000020,0,0,0,,0,1
2026-04-18,higohi2524,1000000087,1000000087,2512271004000006,2602281130375213,63,0,0,,0,1
2026-04-18,hjkang,1000000087,1000000087,2505281613000039,2505311644000008,3,0,0,,0,1
2026-04-18,hlee28,1000000087,1000000087,2601142132488673,2601142139400906,0,0,0,,0,1
2026-04-18,hojung52,1000000087,1000000087,2509011305000027,2509011343000030,0,0,0,,0,1
2026-04-18,hyelee0530,1000000087,1000000087,2506191348000011,2507111522000023,22,0,0,,0,1
2026-04-18,hyelee0530,1000000087,1000000087,2506191348000011,2506231012000004,4,0,0,,0,1
2026-04-18,hyelee0530,1000000087,1000000087,2506191348000011,2508041448000011,46,0,0,,0,1
2026-04-18,hyelee0530,1000000087,1000000087,2506191348000011,2507071505000022,18,0,0,,0,1
2026-04-18,image1107,1000000087,1000000087,2506012237000013,2506171255000015,16,1,1,1000000064,1,0
2026-04-18,iovekelly,1000000087,1000000087,2602021503402476,2602021535396079,0,0,0,,0,1
2026-04-18,jahha,1000000087,1000000087,2509021651000027,2509021730000028,0,0,0,,0,1
2026-04-18,jang9578248,1000000087,1000000087,2507111555000031,2507180711000005,7,2,1,1000000086 -> 1000000086,1,0
2026-04-18,jang9578248,1000000087,1000000087,2507111555000031,2507180645000002,7,3,1,1000000086 -> 1000000086 -> 1000000086,1,0
2026-04-18,jhyounju,1000000087,1000000087,2505222142000024,2508111010000003,81,0,0,,0,1
2026-04-18,jungga,1000000087,1000000087,2506101703000028,2507041103000007,24,0,0,,0,1
2026-04-18,jungga,1000000087,1000000087,2506101703000028,2507052316000012,25,0,0,,0,1
2026-04-18,jungmj08,1000000087,1000000087,2509030824000001,2512021302000018,90,0,0,,0,1
2026-04-18,kissuiii,1000000087,1000000087,2510231753000025,2512081521000025,46,0,0,,0,1
2026-04-18,lejaeyun,1000000087,1000000087,2603051219377602,2603211931002469,16,0,0,,0,1
2026-04-18,liegreen,1000000087,1000000087,2507071004000003,2507071012000004,0,0,0,,0,1
2026-04-18,liegreen,1000000087,1000000087,2507071004000003,2507071021000005,0,1,1,1000000064,1,0
2026-04-18,minjinzzzz,1000000087,1000000087,2504300906000008,2504300909000009,0,1,1,1000000043,1,0
2026-04-18,minos55,1000000087,1000000087,2506301355000021,2508060625000004,37,1,1,1000000086,1,0
2026-04-18,myunga381,1000000087,1000000087,2603050736497564,2603251646158364,20,0,0,,0,1
2026-04-18,nnskr,1000000087,1000000087,2505141226000025,2505141229000026,0,0,0,,0,1
2026-04-18,pse4399,1000000087,1000000087,2505062207000029,2505062212000030,0,0,0,,0,1
2026-04-18,rla1gus1tlr,1000000087,1000000087,2603051905516499,2603051915054720,0,0,0,,0,1
2026-04-18,rooby2828@naver.com,1000000087,1000000087,2601192040174973,2601192102033831,0,2,2,1000000085 -> 1000000086,1,0
2026-04-18,rooby2828@naver.com,1000000087,1000000087,2601192040174973,2601192046368545,0,1,1,1000000085,1,0
2026-04-18,sherry48@naver.com,1000000087,1000000087,2511061134000011,2511061254000013,0,2,2,1000000084 -> 1000000085,1,0
2026-04-18,skshin95,1000000087,1000000087,2601030945000005,2601030953000006,0,2,2,1000000085 -> 1000000086,1,0
2026-04-18,snicky79,1000000087,1000000087,2509031147000012,2509031202000019,0,1,1,1000000121,1,0
2026-04-18,snicky79,1000000087,1000000087,2509031147000012,2509031150000013,0,2,2,1000000088 -> 1000000121,1,0
2026-04-18,snicky79,1000000087,1000000087,2509031147000012,2509091111000021,6,1,1,1000000121,1,0
2026-04-18,snicky79,1000000087,1000000087,2509031147000012,2509031206000020,0,1,1,1000000121,1,0
2026-04-18,tocgi0524@nate.com,1000000087,1000000087,2601071552000060,2601071601000062,0,0,0,,0,1
2026-04-18,tocgi0524@nate.com,1000000087,1000000087,2601071552000060,2601071557000061,0,1,1,1000000088,1,0
2026-04-18,willownan,1000000087,1000000087,2604061039454113,2604061044217054,0,1,1,1000000086,1,0
2026-04-18,wlsdbqls1114,1000000087,1000000087,2506021830000055,2506021848000057,0,0,0,,0,1
2026-04-18,wlsdbqls1114,1000000087,1000000087,2506021830000055,2506021833000056,0,0,0,,0,1
2026-04-18,yebbeni,1000000087,1000000087,2504282345000048,2504300132000002,2,4,4,1000000043 -> 1000000044 -> 1000000045 -> 1000000069,1,0
2026-04-18,yeob1128,1000000087,1000000087,2601191137477204,2601191140451195,0,1,1,1000000088,1,0
2026-04-18,yoon9220,1000000087,1000000087,2511101755000047,2602021222193181,84,0,0,,0,1
2026-04-18,youn9257,1000000087,1000000087,2504181340000041,2505280955000009,40,0,0,,0,1
2026-04-18,yurim1003,1000000087,1000000087,2507231932000027,2507241420000013,1,0,0,,0,1
2026-04-18,yuuuun0729,1000000087,1000000087,2603041957426729,2603042001306240,0,0,0,,0,1
2026-04-18,yuuuun0729,1000000087,1000000087,2603041957426729,2603042008115783,0,0,0,,0,1
2026-04-18,yuuuun0729,1000000087,1000000087,2603041957426729,2603042004541232,0,0,0,,0,1
2026-04-18,ywoong,1000000087,1000000087,2506161119000003,2506240937000003,8,1,1,1000000084,1,0
2026-04-18,aehlee,1000000088,1000000088,2601031912000033,2603161210585071,72,0,0,,0,1
2026-04-18,apinetree,1000000088,1000000088,2505301618000028,2507210851000004,52,1,1,1000000084,1,0
2026-04-18,aqmarin27,1000000088,1000000088,2512261607000043,2602241103454269,60,1,1,1000000087,1,0
2026-04-18,aresx2online@naver.com,1000000088,1000000088,2512181210000030,2601021319000029,15,0,0,,0,1
2026-04-18,baejy0417,1000000088,1000000088,2504301256000013,2505051254000012,5,0,0,,0,1
2026-04-18,blueblood19,1000000088,1000000088,2506112019000020,2506112024000021,0,0,0,,0,1
2026-04-18,cath91,1000000088,1000000088,2507221504000019,2507221505000020,0,0,0,,0,1
2026-04-18,chaejungeh,1000000088,1000000088,2505131139000042,2505131142000043,0,0,0,,0,1
2026-04-18,chaeyoun0519@naver.com,1000000088,1000000088,2507111726000037,2507181457000026,7,0,0,,0,1
2026-04-18,chaeyoun0519@naver.com,1000000088,1000000088,2507111726000037,2507111732000038,0,0,0,,0,1
2026-04-18,cycle942,1000000088,1000000088,2603192159114848,2603192206161089,0,0,0,,0,1
2026-04-18,dongja19,1000000088,1000000088,2509091039000014,2509091053000017,0,0,0,,0,1
2026-04-18,ewondo@hanmail.net,1000000088,1000000088,2603241312166407,2603251618564410,1,0,0,,0,1
2026-04-18,ewondo@hanmail.net,1000000088,1000000088,2603241312166407,2603241321105108,0,0,0,,0,1
2026-04-18,fayelove55,1000000088,1000000088,2504181405000044,2505281828000040,40,0,0,,0,1
2026-04-18,hanaida,1000000088,1000000088,2601052136000110,2601211016071137,16,0,0,,0,1
2026-04-18,hemin0901,1000000088,1000000088,2507031703000032,2507091335000011,6,0,0,,0,1
2026-04-18,hjcho0612,1000000088,1000000088,2602021524479527,2602021531337618,0,0,0,,0,1
2026-04-18,hwanny2009@naver.com,1000000088,1000000088,2601081553000036,2601081557000037,0,1,1,1000000085,1,0
2026-04-18,j22kr99,1000000088,1000000088,2512171730000035,2512221447000042,5,0,0,,0,1
2026-04-18,jixco,1000000088,1000000088,2512222031000061,2512222035000062,0,0,0,,0,1
2026-04-18,kjy055,1000000088,1000000088,2511251623000025,2511251634000028,0,0,0,,0,1
2026-04-18,kjy055,1000000088,1000000088,2511251623000025,2511251642000029,0,0,0,,0,1
2026-04-18,kjy055,1000000088,1000000088,2511251623000025,2511251649000031,0,0,0,,0,1
2026-04-18,leelala,1000000088,1000000088,2507111705000036,2507181743000034,7,0,0,,0,1
2026-04-18,leelala,1000000088,1000000088,2507111705000036,2507181740000033,7,0,0,,0,1
2026-04-18,myhuny25,1000000088,1000000088,2601021533000048,2601021535000049,0,0,0,,0,1
2026-04-18,oo5265@yahoo.co.kr,1000000088,1000000088,2507090916000005,2509010815000002,54,0,0,,0,1
2026-04-18,parkej1228@hanmail.net,1000000088,1000000088,2603261246387277,2603261255185918,0,0,0,,0,1
2026-04-18,parkkgg,1000000088,1000000088,2601111843000015,2601131033000016,2,0,0,,0,1
2026-04-18,quick828,1000000088,1000000088,2504181306000036,2504181311000038,0,0,0,,0,1
2026-04-18,quick828,1000000088,1000000088,2504181306000036,2504181313000039,0,0,0,,0,1
2026-04-18,quick828,1000000088,1000000088,2504181306000036,2504181309000037,0,0,0,,0,1
2026-04-18,quteym1004@jr.naver.com,1000000088,1000000088,2508271458000003,2509021116000007,6,0,0,,0,1
2026-04-18,remarque,1000000088,1000000088,2603250935507071,2603251121228397,0,0,0,,0,1
2026-04-18,seosocial,1000000088,1000000088,2512101002000006,2512110816000004,1,0,0,,0,1
2026-04-18,seosocial,1000000088,1000000088,2512101002000006,2512110818000005,1,0,0,,0,1
2026-04-18,seosocial,1000000088,1000000088,2512101002000006,2512101005000007,0,0,0,,0,1
2026-04-18,shillia21@naver.com,1000000088,1000000088,2601051532000060,2602270937514954,53,0,0,,0,1
2026-04-18,shillia21@naver.com,1000000088,1000000088,2601051532000060,2602241826493334,50,2,1,1000000063 -> 1000000063,1,0
2026-04-18,skykeh,1000000088,1000000088,2601231714216151,2601231758160525,0,0,0,,0,1
2026-04-18,skykeh,1000000088,1000000088,2601231714216151,2601231721246673,0,0,0,,0,1
2026-04-18,skyun1214,1000000088,1000000088,2509081344000019,2509081348000020,0,0,0,,0,1
2026-04-18,skyun1214,1000000088,1000000088,2509081344000019,2509081357000027,0,0,0,,0,1
2026-04-18,skyun1214,1000000088,1000000088,2509081344000019,2509081352000024,0,0,0,,0,1
2026-04-18,skyun1214,1000000088,1000000088,2509081344000019,2509081354000026,0,0,0,,0,1
2026-04-18,sora1147,1000000088,1000000088,2601071535000058,2601071539000059,0,0,0,,0,1
2026-04-18,sora1147,1000000088,1000000088,2601071535000058,2601301506392966,23,0,0,,0,1
2026-04-18,stuaeh@hanmail.net,1000000088,1000000088,2512291755000073,2512291805000077,0,0,0,,0,1
2026-04-18,suejwang,1000000088,1000000088,2505191029000010,2506041104000004,16,0,0,,0,1
2026-04-18,tintin623,1000000088,1000000088,2507161113000010,2507171150000019,1,0,0,,0,1
2026-04-18,tjsdn306,1000000088,1000000088,2512241752000062,2601141739446395,21,0,0,,0,1
2026-04-18,tjsdn306,1000000088,1000000088,2512241752000062,2602261221056940,64,0,0,,0,1
2026-04-18,tomiyang,1000000088,1000000088,2601051135000029,2603040947176569,58,0,0,,0,1
2026-04-18,white19780@naver.com,1000000088,1000000088,2601051407000044,2601051412000045,0,0,0,,0,1
2026-04-18,wys222000,1000000088,1000000088,2507101154000016,2507101200000017,0,0,0,,0,1
2026-04-18,ara0223,1000000089,1000000089,2602251410328276,2603311448377743,34,0,0,,0,1
2026-04-18,minos55,1000000089,1000000089,2508060625000004,2508101751000005,4,1,1,1000000086,1,0
2026-04-18,namdaemun,1000000089,1000000089,2506181100000010,2506181240000018,0,0,0,,0,1
2026-04-18,psylalala,1000000089,1000000089,2602241921338538,2602241927000859,0,0,0,,0,1
2026-04-18,snicky79,1000000089,1000000089,2509091113000022,2509091115000024,0,2,2,1000000087 -> 1000000121,1,0
2026-04-18,youhappyi@hanmail.net,1000000089,1000000089,2603241637381227,2603251044218719,1,0,0,,0,1
2026-04-18,house1504,1000000090,1000000090,2603132151076697,2603161338350091,3,0,0,,0,1
2026-04-18,mapo1040,1000000090,1000000090,2603120917035524,2603120922363215,0,0,0,,0,1
2026-04-18,rlagusal89,1000000090,1000000090,2601290933523315,2602012332317824,3,0,0,,0,1
2026-04-18,aehlee,1000000091,1000000091,2504181011000016,2504220301000002,4,0,0,,0,1
2026-04-18,arako13,1000000091,1000000091,2512240947000007,2601281116432789,35,0,0,,0,1
2026-04-18,dryad27,1000000091,1000000091,2508141536000015,2508141541000016,0,1,1,1000000086,1,0
2026-04-18,hyuneui,1000000091,1000000091,2512231433000042,2512231631000057,0,0,0,,0,1
2026-04-18,kna_mirna,1000000091,1000000091,2603051708455328,2603101103527525,5,0,0,,0,1
2026-04-18,kodoobob@naver.com,1000000091,1000000091,2505301445000025,2506021307000035,3,0,0,,0,1
2026-04-18,pejlove12,1000000091,1000000091,2508281519000013,2508281525000014,0,0,0,,0,1
2026-04-18,qkdekdud8,1000000091,1000000091,2505131047000030,2505151014000012,2,0,0,,0,1
2026-04-18,qkdekdud8,1000000091,1000000091,2505131047000030,2505220952000003,9,0,0,,0,1
2026-04-18,qkdekdud8,1000000091,1000000091,2505131047000030,2505191707000036,6,0,0,,0,1
2026-04-18,qkdekdud8,1000000091,1000000091,2505131047000030,2505201422000029,7,0,0,,0,1
2026-04-18,raygun74,1000000091,1000000091,2512030957000008,2512031019000011,0,0,0,,0,1
2026-04-18,rlaxorb1094@naver.com,1000000091,1000000091,2601151514461702,2601151519417715,0,1,1,1000000045,1,0
2026-04-18,rubu01,1000000091,1000000091,2601121605000042,2601182030017118,6,1,1,1000000045,1,0
2026-04-18,seulbee,1000000091,1000000091,2504222346000060,2504270015000001,5,1,1,1000000090,1,0
2026-04-18,ssallya,1000000091,1000000091,2601291843121493,2603031554085592,33,0,0,,0,1
2026-04-18,yes9309,1000000091,1000000091,2601260407488392,2601260749055787,0,0,0,,0,1
2026-04-18,cockykhaki,1000000092,1000000092,2601151335468824,2601161439176682,1,0,0,,0,1
2026-04-18,ejh5015,1000000092,1000000092,2512191002000011,2512191025000015,0,0,0,,0,1
2026-04-18,goals7859,1000000092,1000000092,2505011646000031,2505011648000032,0,0,0,,0,1
2026-04-18,hyuneui,1000000092,1000000092,2512231433000042,2512231631000057,0,1,1,1000000091,1,0
2026-04-18,kcfc0420,1000000092,1000000092,2507011353000023,2507071714000029,6,1,1,1000000085,1,0
2026-04-18,kcfc0420,1000000092,1000000092,2507011353000023,2508041405000009,34,0,0,,0,1
2026-04-18,kcfc0420,1000000092,1000000092,2507011353000023,2507171119000015,16,0,0,,0,1
2026-04-18,kcfc0420,1000000092,1000000092,2507011353000023,2507171123000016,16,0,0,,0,1
2026-04-18,leehs6754,1000000092,1000000092,2509090917000006,2509091457000033,0,0,0,,0,1
2026-04-18,lsh200616,1000000092,1000000092,2505060945000006,2505060953000008,0,0,0,,0,1
2026-04-18,shkim9209@naver.com,1000000092,1000000092,2512221226000028,2603040730215211,72,0,0,,0,1
2026-04-18,shkim9209@naver.com,1000000092,1000000092,2512221226000028,2603010556198731,69,0,0,,0,1
2026-04-18,wndpdkenl,1000000092,1000000092,2504221730000051,2504231218000010,1,0,0,,0,1
2026-04-18,xingxing93@naver.com,1000000092,1000000092,2504221320000038,2504221323000039,0,0,0,,0,1
2026-04-18,214dal,1000000093,1000000093,2508291331000012,2508291514000023,0,0,0,,0,1
2026-04-18,andy0301,1000000093,1000000093,2511211041000005,2512120957000011,21,0,0,,0,1
2026-04-18,ansj11,1000000093,1000000093,2603142339263932,2603161006289999,2,1,1,1000000045,1,0
2026-04-18,arummom1,1000000093,1000000093,2602241750468561,2602241759109682,0,0,0,,0,1
2026-04-18,bajs0210,1000000093,1000000093,2603301413228630,2603301427442392,0,0,0,,0,1
2026-04-18,bajs0210,1000000093,1000000093,2603301413228630,2603301422344901,0,0,0,,0,1
2026-04-18,beensmor,1000000093,1000000093,2507162011000030,2507171908000042,1,0,0,,0,1
2026-04-18,beensmor,1000000093,1000000093,2507162011000030,2507171047000011,1,0,0,,0,1
2026-04-18,beensmor,1000000093,1000000093,2507162011000030,2507162019000032,0,0,0,,0,1
2026-04-18,bluejy07,1000000093,1000000093,2603051631259117,2603182239441293,13,0,0,,0,1
2026-04-18,bluejy07,1000000093,1000000093,2603051631259117,2603291901266880,24,0,0,,0,1
2026-04-18,chj5795,1000000093,1000000093,2509151244000034,2509151301000035,0,0,0,,0,1
2026-04-18,chlwldsu@naver.com,1000000093,1000000093,2601310040390911,2602161731128925,16,0,0,,0,1
2026-04-18,choinhye123,1000000093,1000000093,2512171310000015,2512312307000065,14,0,0,,0,1
2026-04-18,csyoung0801,1000000093,1000000093,2602251633274074,2602251641059555,0,0,0,,0,1
2026-04-18,csyoung0801,1000000093,1000000093,2602251633274074,2602251645299686,0,0,0,,0,1
2026-04-18,dbwjddnjs25,1000000093,1000000093,2505061618000021,2505061637000023,0,1,1,1000000090,1,0
2026-04-18,dkffjqb63,1000000093,1000000093,2601211429263470,2601211433372022,0,0,0,,0,1
2026-04-18,dlwndus8737,1000000093,1000000093,2512181554000046,2512251359000018,7,0,0,,0,1
2026-04-18,dmfwl54321@naver.com,1000000093,1000000093,2512011549000040,2512011552000042,0,0,0,,0,1
2026-04-18,ekqhd311,1000000093,1000000093,2512192001000057,2512192129000061,0,0,0,,0,1
2026-04-18,ekqhd311,1000000093,1000000093,2512192001000057,2512192105000059,0,1,1,1000000064,1,0
2026-04-18,finglike,1000000093,1000000093,2507171730000036,2507181644000031,1,0,0,,0,1
2026-04-18,forsyth028,1000000093,1000000093,2601082234000051,2601091830000051,1,0,0,,0,1
2026-04-18,ga890302,1000000093,1000000093,2601051109000023,2601051115000024,0,0,0,,0,1
2026-04-18,gkdbsgml7,1000000093,1000000093,2509171056000019,2509251104000056,8,0,0,,0,1
2026-04-18,gpffhdn77,1000000093,1000000093,2603202249318887,2603202254441868,0,0,0,,0,1
2026-04-18,gptn0827,1000000093,1000000093,2511281025000005,2512031251000028,5,0,0,,0,1
2026-04-18,gpwl3947,1000000093,1000000093,2511170847000002,2511210932000002,4,0,0,,0,1
2026-04-18,gustjs935,1000000093,1000000093,2509262103000176,2509262106000179,0,0,0,,0,1
2026-04-18,haerena,1000000093,1000000093,2509161617000099,2509161633000102,0,0,0,,0,1
2026-04-18,haerena,1000000093,1000000093,2509161617000099,2509161639000104,0,0,0,,0,1
2026-04-18,hhyun418,1000000093,1000000093,2604051738280873,2604081636103213,3,0,0,,0,1
2026-04-18,hifive0413@naver.com,1000000093,1000000093,2603100812095974,2604100804595137,31,6,4,1000000045 -> 1000000064 -> 1000000083 -> 1000000042 -> 1000000045 -> 1000000083,1,0
2026-04-18,hjy9723,1000000093,1000000093,2505121345000032,2505121348000035,0,0,0,,0,1
2026-04-18,hyegyun,1000000093,1000000093,2509231507000089,2510241110000005,31,0,0,,0,1
2026-04-18,hyesoo1,1000000093,1000000093,2601022027000082,2601051939000095,3,0,0,,0,1
2026-04-18,hyocong,1000000093,1000000093,2505231718000038,2505231724000039,0,0,0,,0,1
2026-04-18,iuni93@NAVER.COM,1000000093,1000000093,2512311648000045,2512311651000046,0,2,1,1000000111 -> 1000000111,1,0
2026-04-18,jckingyumi,1000000093,1000000093,2510010803000002,2510011618000026,0,0,0,,0,1
2026-04-18,jessiiluck,1000000093,1000000093,2507061113000003,2507061121000004,0,0,0,,0,1
2026-04-18,jiheeholic,1000000093,1000000093,2509080859000005,2509081027000009,0,0,0,,0,1
2026-04-18,jiyeonlee,1000000093,1000000093,2509250916000026,2509250920000028,0,0,0,,0,1
2026-04-18,jlm0419,1000000093,1000000093,2511090954000003,2511090958000007,0,0,0,,0,1
2026-04-18,jlm0419,1000000093,1000000093,2511090954000003,2511090957000006,0,0,0,,0,1
2026-04-18,jlm0419,1000000093,1000000093,2511090954000003,2511091015000008,0,0,0,,0,1
2026-04-18,jooyeongy@naver.com,1000000093,1000000093,2512311323000019,2512311430000030,0,0,0,,0,1
2026-04-18,jooyeongy@naver.com,1000000093,1000000093,2512311323000019,2512312122000060,0,0,0,,0,1
2026-04-18,jooyeongy@naver.com,1000000093,1000000093,2512311323000019,2601150602353902,15,0,0,,0,1
2026-04-18,js_shin97@naver.com,1000000093,1000000093,2512191723000051,2512191726000052,0,0,0,,0,1
2026-04-18,ju-hee830727@hanmail.net,1000000093,1000000093,2509031615000032,2509150015000001,12,0,0,,0,1
2026-04-18,juhyeeeeeeey2,1000000093,1000000093,2504211023000007,2504221259000035,1,0,0,,0,1
2026-04-18,jungke109,1000000093,1000000093,2506182234000034,2506182236000035,0,0,0,,0,1
2026-04-18,k3570kr@naver.com,1000000093,1000000093,2507230908000004,2507230916000005,0,0,0,,0,1
2026-04-18,kacatherine,1000000093,1000000093,2507021119000011,2507181047000013,16,0,0,,0,1
2026-04-18,kagho,1000000093,1000000093,2509271549000060,2509271607000066,0,0,0,,0,1
2026-04-18,khm15love,1000000093,1000000093,2511171102000011,2511171110000013,0,0,0,,0,1
2026-04-18,kid882@hanmail.net,1000000093,1000000093,2601210820170335,2601210834572036,0,0,0,,0,1
2026-04-18,kimcs5097@naver.com,1000000093,1000000093,2604010516322983,2604031002276518,2,0,0,,0,1
2026-04-18,kjh610,1000000093,1000000093,2602052046319677,2602091724373488,4,0,0,,0,1
2026-04-18,kominhwa@naver.com,1000000093,1000000093,2602021640501382,2602061812014824,4,0,0,,0,1
2026-04-18,limny0726,1000000093,1000000093,2512191430000032,2512261457000038,7,0,0,,0,1
2026-04-18,mignonne1,1000000093,1000000093,2507031008000004,2507031017000005,0,0,0,,0,1
2026-04-18,nibodanaa,1000000093,1000000093,2601011914000033,2601050129000008,4,0,0,,0,1
2026-04-18,nibodanaa,1000000093,1000000093,2601011914000033,2601070616000004,6,0,0,,0,1
2026-04-18,nyh117@naver.com,1000000093,1000000093,2507081427000012,2507081448000016,0,0,0,,0,1
2026-04-18,oops152,1000000093,1000000093,2603091630217823,2603100908594516,1,0,0,,0,1
2026-04-18,oops152,1000000093,1000000093,2603091630217823,2603100852421175,1,0,0,,0,1
2026-04-18,oopss77,1000000093,1000000093,2512151601000043,2512151956000057,0,0,0,,0,1
2026-04-18,psr6815,1000000093,1000000093,2512090805000003,2512110646000002,2,0,0,,0,1
2026-04-18,purity80,1000000093,1000000093,2603022215129963,2604011425163735,30,0,0,,0,1
2026-04-18,qpied12,1000000093,1000000093,2509220945000025,2509220946000026,0,0,0,,0,1
2026-04-18,rlsskfo,1000000093,1000000093,2603031214258828,2603091456409506,6,1,1,1000000087,1,0
2026-04-18,rmflato,1000000093,1000000093,2601191115437909,2601191133483752,0,0,0,,0,1
2026-04-18,rmflato,1000000093,1000000093,2601191115437909,2601191129414501,0,0,0,,0,1
2026-04-18,rozsaangelet,1000000093,1000000093,2601191757355039,2601220956117193,3,0,0,,0,1
2026-04-18,rozsaangelet,1000000093,1000000093,2601191757355039,2601211624356765,2,0,0,,0,1
2026-04-18,seojun1,1000000093,1000000093,2505130920000008,2505141512000039,1,0,0,,0,1
2026-04-18,seojun1,1000000093,1000000093,2505130920000008,2505130924000009,0,0,0,,0,1
2026-04-18,seonhye,1000000093,1000000093,2601042003000014,2601101720000015,6,1,1,1000000111,1,0
2026-04-18,shinjiro,1000000093,1000000093,2505301616000027,2505311411000003,1,0,0,,0,1
2026-04-18,sodakhk,1000000093,1000000093,2509041619000027,2509051743000017,1,1,1,1000000064,1,0
2026-04-18,sujin11430,1000000093,1000000093,2602021229212165,2602251027048654,23,0,0,,0,1
2026-04-18,sunny851,1000000093,1000000093,2507011108000015,2507011120000016,0,0,0,,0,1
2026-04-18,syj0958,1000000093,1000000093,2505152006000037,2508111501000010,88,0,0,,0,1
2026-04-18,thegracee,1000000093,1000000093,2604031505351129,2604031512321133,0,0,0,,0,1
2026-04-18,thegracee,1000000093,1000000093,2604031505351129,2604031507447060,0,0,0,,0,1
2026-04-18,thewildones@naver.com,1000000093,1000000093,2601151016258607,2601151021373378,0,0,0,,0,1
2026-04-18,tiv330,1000000093,1000000093,2601021704000070,2601021706000072,0,0,0,,0,1
2026-04-18,tjfwlsgml21,1000000093,1000000093,2603251049303901,2603251055151523,0,0,0,,0,1
2026-04-18,torring0221,1000000093,1000000093,2509291109000107,2510220012000001,23,0,0,,0,1
2026-04-18,wldhs2850,1000000093,1000000093,2603160937093931,2603301526307515,14,0,0,,0,1
2026-04-18,wlgp1354@naver.com,1000000093,1000000093,2601230813298703,2603092219559302,45,0,0,,0,1
2026-04-18,wlwlwl1051@naver.com,1000000093,1000000093,2601111845000016,2601111850000018,0,0,0,,0,1
2026-04-18,yje0719,1000000093,1000000093,2504251303000019,2504251324000020,0,0,0,,0,1
2026-04-18,yk49lee,1000000093,1000000093,2508230922000001,2508230935000002,0,0,0,,0,1
2026-04-18,yoo0716,1000000093,1000000093,2511201421000032,2511201426000035,0,1,1,1000000085,1,0
2026-04-18,yrseol,1000000093,1000000093,2505301045000012,2506022057000058,3,0,0,,0,1
2026-04-18,yuns0930,1000000093,1000000093,2505100857000007,2505100900000008,0,0,0,,0,1
2026-04-18,ywysyj@naver.com,1000000093,1000000093,2601021906000078,2601021908000079,0,0,0,,0,1
2026-04-18,yys312,1000000093,1000000093,2604012308130753,2604071428055654,6,0,0,,0,1
2026-04-18,zoom91,1000000093,1000000093,2509221602000112,2509221608000115,0,0,0,,0,1
2026-04-18,zorh20037,1000000093,1000000093,2509081024000008,2510271010000009,49,0,0,,0,1
2026-04-18,aduseuddl@naver.com,1000000094,1000000094,2509161632000101,2509161637000103,0,0,0,,0,1
2026-04-18,boohyun8686,1000000094,1000000094,2504251802000029,2504251805000030,0,0,0,,0,1
2026-04-18,comet,1000000094,1000000094,2601191905590714,2602021801478797,14,0,0,,0,1
2026-04-18,dmsgp5707,1000000094,1000000094,2603221526008018,2603222247416772,0,0,0,,0,1
2026-04-18,eadrswcojlkxnvu,1000000094,1000000094,2506251032000008,2506251042000010,0,0,0,,0,1
2026-04-18,ghkwpdps119,1000000094,1000000094,2509171734000083,2510170952000005,30,0,0,,0,1
2026-04-18,hapyptoy1270,1000000094,1000000094,2510210906000006,2601091542000039,80,0,0,,0,1
2026-04-18,haunjung888,1000000094,1000000094,2512031831000047,2512031835000048,0,0,0,,0,1
2026-04-18,jh71477@naver.com,1000000094,1000000094,2602192212257366,2603090913530468,18,0,0,,0,1
2026-04-18,kco717@naver.com,1000000094,1000000094,2505121517000048,2505161130000010,4,3,3,1000000110 -> 1000000083 -> 1000000091,1,0
2026-04-18,khjung0@hanmail.net,1000000094,1000000094,2602031522221160,2603091255202258,34,1,1,1000000090,1,0
2026-04-18,khjung0@hanmail.net,1000000094,1000000094,2602031522221160,2603091244491417,34,0,0,,0,1
2026-04-18,lovekupi,1000000094,1000000094,2506271332000011,2506271338000013,0,0,0,,0,1
2026-04-18,lovekupi,1000000094,1000000094,2506271332000011,2506271340000014,0,0,0,,0,1
2026-04-18,moonkr0830,1000000094,1000000094,2604171745448013,2604171748191584,0,0,0,,0,1
2026-04-18,secretent,1000000094,1000000094,2511211544000010,2602021401442451,73,1,1,1000000086,1,0
2026-04-18,sgmot,1000000094,1000000094,2511051425000032,2511051428000033,0,0,0,,0,1
2026-04-18,sohyun940201@naver.com,1000000094,1000000094,2601301538510127,2602271738013274,28,0,0,,0,1
2026-04-18,tajikimi486,1000000094,1000000094,2603032210291606,2603032220276588,0,0,0,,0,1
2026-04-18,yksleehj,1000000094,1000000094,2603011611488545,2603031116287505,2,0,0,,0,1
2026-04-18,ak181920@naver.com,1000000108,1000000108,2509161142000046,2511091147000012,54,0,0,,0,1
2026-04-18,asas22as,1000000108,1000000108,2506071552000006,2506071636000007,0,0,0,,0,1
2026-04-18,bullishmary,1000000108,1000000108,2601100902000001,2601100921000002,0,2,2,1000000084 -> 1000000085,1,0
2026-04-18,gumego,1000000108,1000000108,2505131103000033,2507192254000014,67,0,0,,0,1
2026-04-18,gumego,1000000108,1000000108,2505131103000033,2508030911000001,82,0,0,,0,1
2026-04-18,hi5pooh,1000000108,1000000108,2508281258000010,2509062105000022,9,0,0,,0,1
2026-04-18,hinbom@naver.com,1000000108,1000000108,2604081235580502,2604081242375053,0,0,0,,0,1
2026-04-18,hwanny2009@naver.com,1000000108,1000000108,2601071316000040,2601071328000043,0,0,0,,0,1
2026-04-18,hwanny2009@naver.com,1000000108,1000000108,2601071316000040,2601071321000041,0,0,0,,0,1
2026-04-18,iamjy38,1000000108,1000000108,2506180937000005,2507211131000011,33,0,0,,0,1
2026-04-18,iyg0218,1000000108,1000000108,2509071347000007,2509262319000200,19,0,0,,0,1
2026-04-18,iyg0218,1000000108,1000000108,2509071347000007,2509220853000012,15,0,0,,0,1
2026-04-18,joyfree72,1000000108,1000000108,2506051428000016,2506051454000019,0,0,0,,0,1
2026-04-18,justlaugh,1000000108,1000000108,2603012311504800,2603171331309914,16,1,1,1000000094,1,0
2026-04-18,khjgywjd2@jr.naver.com,1000000108,1000000108,2601091923000054,2601191635593089,10,1,1,1000000064,1,0
2026-04-18,ksh8301000,1000000108,1000000108,2508231340000005,2509130209000001,21,0,0,,0,1
2026-04-18,nabbi93,1000000108,1000000108,2601071831000079,2601072001000081,0,0,0,,0,1
2026-04-18,nahae9318,1000000108,1000000108,2601261344164681,2602091505160614,14,0,0,,0,1
2026-04-18,nahae9318,1000000108,1000000108,2601261344164681,2601261423259295,0,0,0,,0,1
2026-04-18,navilly06,1000000108,1000000108,2602200510246694,2602231354138982,3,0,0,,0,1
2026-04-18,nje1024,1000000108,1000000108,2603101100348944,2603231229020137,13,0,0,,0,1
2026-04-18,nje1024,1000000108,1000000108,2603101100348944,2603211746518857,11,0,0,,0,1
2026-04-18,nje1024,1000000108,1000000108,2603101100348944,2603231232201648,13,0,0,,0,1
2026-04-18,nolanai,1000000108,1000000108,2603091524338066,2603091528310739,0,3,3,1000000045 -> 1000000064 -> 1000000071,1,0
2026-04-18,pass0826,1000000108,1000000108,2602051127494891,2602051328453711,0,0,0,,0,1
2026-04-18,pass0826,1000000108,1000000108,2602051127494891,2602051139503696,0,0,0,,0,1
2026-04-18,potter829,1000000108,1000000108,2602021325003702,2602121117588669,10,1,1,1000000043,1,0
2026-04-18,potter829,1000000108,1000000108,2602021325003702,2602040900394587,2,0,0,,0,1
2026-04-18,projina,1000000108,1000000108,2601061133000034,2601061140000035,0,0,0,,0,1
2026-04-18,projina,1000000108,1000000108,2601061133000034,2601062018000084,0,0,0,,0,1
2026-04-18,qpied12,1000000108,1000000108,2511111550000039,2511111552000040,0,0,0,,0,1
2026-04-18,raygun74,1000000108,1000000108,2512030957000008,2512031019000011,0,2,2,1000000091 -> 1000000093,1,0
2026-04-18,rlawogurzm,1000000108,1000000108,2510111944000015,2510111954000019,0,0,0,,0,1
2026-04-18,rlawogurzm,1000000108,1000000108,2510111944000015,2510111951000017,0,0,0,,0,1
2026-04-18,rlawogurzm,1000000108,1000000108,2510111944000015,2510111949000016,0,0,0,,0,1
2026-04-18,rlaxorb1094@naver.com,1000000108,1000000108,2601161133425588,2603251434306812,68,0,0,,0,1
2026-04-18,rlaxorb1094@naver.com,1000000108,1000000108,2601161133425588,2601161136433929,0,1,1,1000000045,1,0
2026-04-18,rlaxorb1094@naver.com,1000000108,1000000108,2601161133425588,2603271105180506,70,0,0,,0,1
2026-04-18,rlaxorb1094@naver.com,1000000108,1000000108,2601161133425588,2603271103496625,70,0,0,,0,1
2026-04-18,royhoy,1000000108,1000000108,2504241416000010,2504241439000011,0,0,0,,0,1
2026-04-18,royhoy,1000000108,1000000108,2504241416000010,2505092313000046,15,0,0,,0,1
2026-04-18,sabego116,1000000108,1000000108,2505221546000017,2505241609000007,2,0,0,,0,1
2026-04-18,sisiok,1000000108,1000000108,2508312042000015,2508312050000017,0,0,0,,0,1
2026-04-18,ucla1213@naver.com,1000000108,1000000108,2511201316000026,2512051348000029,15,1,1,1000000035,1,0
2026-04-18,yj796@naver.com,1000000108,1000000108,2603051136266686,2603051421105331,0,0,0,,0,1
2026-04-18,zchess,1000000108,1000000108,2603181417569115,2603190912478213,1,0,0,,0,1
2026-04-18,i19891118,1000000110,1000000110,2512152123000059,2512202232000029,5,0,0,,0,1
2026-04-18,jhoyy3,1000000110,1000000110,2602250316469623,2603031005592148,6,0,0,,0,1
2026-04-18,jhoyy3,1000000110,1000000110,2602250316469623,2602271228412735,2,0,0,,0,1
2026-04-18,mcleanm,1000000110,1000000110,2603301102132940,2604071314204141,8,0,0,,0,1
2026-04-18,rammm72,1000000110,1000000110,2510150830000004,2510150839000005,0,0,0,,0,1
2026-04-18,rudgmlsky,1000000110,1000000110,2510301533000020,2511281651000024,29,0,0,,0,1
2026-04-18,rudgmlsky,1000000110,1000000110,2510301533000020,2511281649000023,29,0,0,,0,1
2026-04-18,rudgmlsky,1000000110,1000000110,2510301533000020,2510301630000022,0,0,0,,0,1
2026-04-18,rudgmlsky,1000000110,1000000110,2510301533000020,2511281647000022,29,1,1,1000000111,1,0
2026-04-18,wlghksl3456,1000000110,1000000110,2505231051000012,2505261321000023,3,0,0,,0,1
2026-04-18,802400,1000000111,1000000111,2505131408000064,2505131647000079,0,0,0,,0,1
2026-04-18,alswl00613,1000000111,1000000111,2509031158000018,2509090818000002,6,0,0,,0,1
2026-04-18,arisong110,1000000111,1000000111,2504221744000052,2505210911000005,29,0,0,,0,1
2026-04-18,arterumk,1000000111,1000000111,2510172014000037,2510181328000004,1,0,0,,0,1
2026-04-18,bja824@naver.com,1000000111,1000000111,2604011233197211,2604021316417403,1,0,0,,0,1
2026-04-18,cbs05409@naver.com,1000000111,1000000111,2602090922552193,2602091152405644,0,0,0,,0,1
2026-04-18,countryboy08@naver.com,1000000111,1000000111,2511072239000050,2511072249000051,0,0,0,,0,1
2026-04-18,dyspnoea,1000000111,1000000111,2602262033065480,2603052114354042,7,0,0,,0,1
2026-04-18,esther-tchai@hanmail.net,1000000111,1000000111,2602012154040088,2602071906080859,6,0,0,,0,1
2026-04-18,freetoa,1000000111,1000000111,2603242151048298,2603251249573644,1,0,0,,0,1
2026-04-18,gamjin@naver.com,1000000111,1000000111,2512031816000045,2512031820000046,0,0,0,,0,1
2026-04-18,gustjs935,1000000111,1000000111,2602061537261378,2602061541196340,0,0,0,,0,1
2026-04-18,haken1984,1000000111,1000000111,2507071048000007,2507081445000015,1,0,0,,0,1
2026-04-18,hjuzz6785,1000000111,1000000111,2603131533136739,2603131536110292,0,0,0,,0,1
2026-04-18,isatang3,1000000111,1000000111,2511271251000017,2602250835321934,90,0,0,,0,1
2026-04-18,iuni93@NAVER.COM,1000000111,1000000111,2512311641000043,2512311645000044,0,0,0,,0,1
2026-04-18,jipsher,1000000111,1000000111,2603031339170064,2603031628475514,0,0,0,,0,1
2026-04-18,jipsher,1000000111,1000000111,2603031339170064,2603031343063045,0,0,0,,0,1
2026-04-18,jouuong,1000000111,1000000111,2510150940000011,2510150943000012,0,2,1,1000000112 -> 1000000112,1,0
2026-04-18,khjoung83,1000000111,1000000111,2504252050000035,2505141343000033,19,0,0,,0,1
2026-04-18,kong0247@naver.com,1000000111,1000000111,2509151113000018,2509151116000019,0,0,0,,0,1
2026-04-18,krypto06,1000000111,1000000111,2505192326000050,2505192336000052,0,0,0,,0,1
2026-04-18,laon_plus,1000000111,1000000111,2505200903000009,2505260958000007,6,0,0,,0,1
2026-04-18,leebok64,1000000111,1000000111,2507010929000007,2507151348000019,14,0,0,,0,1
2026-04-18,madongtack,1000000111,1000000111,2603181052519093,2603181113474284,0,0,0,,0,1
2026-04-18,maengsy12,1000000111,1000000111,2603010851075764,2603021034154142,1,1,1,1000000093,1,0
2026-04-18,oneone70@naver.com,1000000111,1000000111,2511242134000045,2511242216000046,0,0,0,,0,1
2026-04-18,roes0526,1000000111,1000000111,2504281329000022,2505052216000026,7,0,0,,0,1
2026-04-18,rongyulee,1000000111,1000000111,2510271542000047,2510271551000049,0,0,0,,0,1
2026-04-18,secretent,1000000111,1000000111,2511211544000010,2602021401442451,73,2,2,1000000086 -> 1000000094,1,0
2026-04-18,sky1004ysh,1000000111,1000000111,2504281113000012,2504281122000013,0,0,0,,0,1
2026-04-18,soraaaa12,1000000111,1000000111,2601151607249557,2601151612542999,0,0,0,,0,1
2026-04-18,sunghye,1000000111,1000000111,2507202206000015,2507202211000016,0,0,0,,0,1
2026-04-18,w6416412,1000000111,1000000111,2506021706000052,2506021714000053,0,1,1,1000000092,1,0
2026-04-18,yesin30,1000000111,1000000111,2505131136000041,2505131143000045,0,0,0,,0,1
2026-04-18,youngsk0@naver.com,1000000111,1000000111,2603251109083916,2603301401319119,5,0,0,,0,1
2026-04-18,youngsk0@naver.com,1000000111,1000000111,2603251109083916,2603261349547127,1,0,0,,0,1
2026-04-18,yscd01,1000000111,1000000111,2602061427115140,2603270929228876,49,0,0,,0,1
2026-04-18,yubin410@naver.com,1000000111,1000000111,2508181506000017,2508251025000008,7,0,0,,0,1
2026-04-18,jouuong,1000000112,1000000112,2510150931000007,2510150936000009,0,0,0,,0,1
2026-04-18,june2525,1000000112,1000000112,2511031703000041,2511041439000032,1,4,4,1000000042 -> 1000000043 -> 1000000083 -> 1000000094,1,0
2026-04-18,onefour13@hanmail.net,1000000112,1000000112,2512231336000033,2512231350000037,0,0,0,,0,1
2026-04-18,onefour13@hanmail.net,1000000112,1000000112,2512231336000033,2512231347000036,0,0,0,,0,1
2026-04-18,projectgr,1000000112,1000000112,2512181052000021,2602221145187443,66,3,3,1000000043 -> 1000000087 -> 1000000091,1,0
2026-04-18,su5410,1000000112,1000000112,2505191357000024,2505191411000025,0,1,1,1000000088,1,0
2026-04-18,traum37,1000000112,1000000112,2602092045458366,2602101031096573,1,0,0,,0,1
2026-04-18,traum37,1000000112,1000000112,2602092045458366,2602092105021324,0,0,0,,0,1
2026-04-18,traum37,1000000112,1000000112,2602092045458366,2602092053138409,0,0,0,,0,1
2026-04-18,traum37,1000000112,1000000112,2602092045458366,2602092110127645,0,0,0,,0,1
2026-04-18,check8282,1000000113,1000000113,2510021759000009,2510021803000010,0,0,0,,0,1
2026-04-18,dlsk11haha,1000000113,1000000113,2509251648000138,2510141601000031,19,1,1,1000000064,1,0
2026-04-18,jjk2460,1000000113,1000000113,2603081732267004,2604011144499417,24,0,0,,0,1
2026-04-18,jjk2460,1000000113,1000000113,2603081732267004,2603081736078915,0,0,0,,0,1
2026-04-18,june2525,1000000113,1000000113,2510281016000006,2511031703000041,6,2,2,1000000045 -> 1000000112,1,0
2026-04-18,june2525,1000000113,1000000113,2510281016000006,2511041439000032,7,5,5,1000000042 -> 1000000043 -> 1000000083 -> 1000000094 -> 1000000112,1,0
2026-04-18,kmk5051,1000000113,1000000113,2603241009134926,2603241020452069,0,0,0,,0,1
2026-04-18,kmk5051,1000000113,1000000113,2603241009134926,2603241022462320,0,0,0,,0,1
2026-04-18,myhoe,1000000113,1000000113,2512011150000019,2512180919000014,17,0,0,,0,1
2026-04-18,raradohee,1000000113,1000000113,2603171509488428,2603171512503100,0,0,0,,0,1
2026-04-18,red466,1000000113,1000000113,2509131324000014,2510241405000009,41,0,0,,0,1
2026-04-18,wiseleader,1000000113,1000000113,2511251325000013,2511251330000014,0,0,0,,0,1
2026-04-18,yuri2794,1000000113,1000000113,2509241513000103,2509251144000068,1,0,0,,0,1
2026-04-18,yuri2794,1000000113,1000000113,2509241513000103,2509241514000104,0,0,0,,0,1
2026-04-18,bluenico,1000000121,1000000121,2509271258000039,2509271344000048,0,0,0,,0,1
2026-04-18,bluenico,1000000121,1000000121,2509271258000039,2510011126000014,4,0,0,,0,1
2026-04-18,choimonyong,1000000121,1000000121,2509202122000081,2509251638000132,5,0,0,,0,1
2026-04-18,chomra,1000000121,1000000121,2509191245000071,2509200322000004,1,0,0,,0,1
2026-04-18,ein01211,1000000121,1000000121,2509240835000008,2509240839000009,0,0,0,,0,1
2026-04-18,fhguswl,1000000121,1000000121,2509152042000073,2509201257000038,5,0,0,,0,1
2026-04-18,gayoung21,1000000121,1000000121,2511042140000045,2512262108000057,52,1,1,1000000035,1,0
2026-04-18,hyoung8,1000000121,1000000121,2509171220000032,2509290024000003,12,0,0,,0,1
2026-04-18,kimyoonhi55,1000000121,1000000121,2509081353000025,2509201745000065,12,0,0,,0,1
2026-04-18,ksy1128,1000000121,1000000121,2509092344000064,2510100231000004,31,0,0,,0,1
2026-04-18,ookk78,1000000121,1000000121,2509261227000068,2509261233000071,0,0,0,,0,1
2026-04-18,orchid1126,1000000121,1000000121,2508272031000012,2509091243000030,13,0,0,,0,1
2026-04-18,orchid1126,1000000121,1000000121,2508272031000012,2509012302000052,5,0,0,,0,1
2026-04-18,orchid1126,1000000121,1000000121,2508272031000012,2509131731000016,17,0,0,,0,1
2026-04-18,orchid1126,1000000121,1000000121,2508272031000012,2509271535000057,31,0,0,,0,1
2026-04-18,purehk00,1000000121,1000000121,2509230716000002,2509262001000171,3,0,0,,0,1
2026-04-18,purehk00,1000000121,1000000121,2509230716000002,2509251008000043,2,0,0,,0,1
2026-04-18,purehk00,1000000121,1000000121,2509230716000002,2509230719000003,0,0,0,,0,1
2026-04-18,purehk00,1000000121,1000000121,2509230716000002,2509261957000170,3,0,0,,0,1
2026-04-18,purehk00,1000000121,1000000121,2509230716000002,2509251005000042,2,0,0,,0,1
2026-04-18,sapyoung1,1000000121,1000000121,2509081710000038,2509091714000047,1,0,0,,0,1
2026-04-18,seon1015,1000000121,1000000121,2509122255000051,2509152001000071,3,0,0,,0,1
2026-04-18,sjrnfl0213,1000000121,1000000121,2509071917000018,2509071929000019,0,2,2,1000000064 -> 1000000069,1,0
2026-04-18,smart153,1000000121,1000000121,2507252325000014,2509242221000170,61,0,0,,0,1
2026-04-18,snicky79,1000000121,1000000121,2509031145000011,2509031147000012,0,1,1,1000000087,1,0
2026-04-18,snicky79,1000000121,1000000121,2509031145000011,2509031206000020,0,1,1,1000000087,1,0
2026-04-18,snicky79,1000000121,1000000121,2509031145000011,2509091113000022,6,1,1,1000000089,1,0
2026-04-18,snicky79,1000000121,1000000121,2509031145000011,2509091111000021,6,1,1,1000000087,1,0
2026-04-18,snicky79,1000000121,1000000121,2509031145000011,2509031202000019,0,1,1,1000000087,1,0
2026-04-18,snicky79,1000000121,1000000121,2509031145000011,2509031150000013,0,1,1,1000000087,1,0
2026-04-18,snicky79,1000000121,1000000121,2509031145000011,2509091115000024,6,2,2,1000000128 -> 1000000089,1,0
2026-04-18,sodami426,1000000121,1000000121,2509171700000081,2511041319000023,48,2,2,1000000042 -> 1000000065,1,0
2026-04-18,wndus99,1000000121,1000000121,2509151815000062,2509251839000173,10,0,0,,0,1
2026-04-18,wndus99,1000000121,1000000121,2509151815000062,2509251731000151,10,0,0,,0,1
2026-04-18,xuer33,1000000121,1000000121,2509291112000114,2509291115000124,0,0,0,,0,1
2026-04-18,yeju1588,1000000121,1000000121,2509250916000025,2509250921000029,0,0,0,,0,1
2026-04-18,hellosujin1212,1000000127,1000000127,2509190511000005,2509190538000006,0,1,1,1000000064,1,0
2026-04-18,iwilletet,1000000127,1000000127,2602040846041325,2602040853343306,0,2,2,1000000062 -> 1000000063,1,0
2026-04-18,kgt0409,1000000127,1000000127,2506081223000004,2506201550000020,12,0,0,,0,1
2026-04-18,ouooooo,1000000127,1000000127,2505191046000011,2505191051000013,0,2,2,1000000062 -> 1000000063,1,0
2026-04-18,owl486,1000000127,1000000127,2505150846000007,2507160921000006,62,2,2,1000000064 -> 1000000069,1,0
2026-04-18,owl486,1000000127,1000000127,2505150846000007,2506170957000006,33,2,2,1000000064 -> 1000000071,1,0
2026-04-18,song0hoon,1000000127,1000000127,2509171151000024,2509171207000030,0,0,0,,0,1
2026-04-18,song0hoon,1000000127,1000000127,2509171151000024,2509171205000029,0,0,0,,0,1
2026-04-18,song0hoon,1000000127,1000000127,2509171151000024,2509171158000027,0,0,0,,0,1
2026-04-18,song0hoon,1000000127,1000000127,2509171151000024,2509171212000031,0,0,0,,0,1
2026-04-18,song0hoon,1000000127,1000000127,2509171151000024,2509171153000026,0,0,0,,0,1
2026-04-18,song0hoon,1000000127,1000000127,2509171151000024,2509171200000028,0,0,0,,0,1
2026-04-18,song0hoon,1000000127,1000000127,2509171151000024,2509171230000033,0,0,0,,0,1
2026-04-18,traum37,1000000127,1000000127,2510281019000009,2511070848000006,10,1,1,1000000113,1,0
2026-04-18,wldnjs0130,1000000127,1000000127,2505011951000038,2507090848000002,69,1,1,1000000064,1,0
2026-04-18,yettocom,1000000127,1000000127,2509251741000157,2511260918000005,62,1,1,1000000064,1,0
2026-04-18,nhgh0706,1000000128,1000000128,2602181203470311,2603231614541684,33,3,3,1000000111 -> 1000000063 -> 1000000127,1,0
2026-04-18,skssk2004,1000000143,1000000143,2601192248402926,2603062002203746,46,11,6,1000000043 -> 1000000044 -> 1000000045 -> 1000000064 -> 1000000065 -> 1000000066 -> 1000000043 -> 1000000044 -> 1000000064 -> 1000000065 -> 1000000066,1,0
2026-04-18,dona940602,1000000153,1000000153,2601051346000040,2601051349000041,0,0,0,,0,1
2026-04-18,dona940602,1000000153,1000000153,2601051346000040,2601051826000089,0,0,0,,0,1
2026-04-18,dona940602,1000000153,1000000153,2601051346000040,2601052003000099,0,0,0,,0,1
2026-04-18,kminha1995,1000000153,1000000153,2602081320158331,2603081328468410,28,0,0,,0,1
2026-04-18,mygoa1004,1000000153,1000000153,2601121224000025,2603131208035646,60,0,0,,0,1
2026-04-18,applepie,1000000154,1000000154,2512101258000037,2512101301000040,0,0,0,,0,1
2026-04-18,flio20,1000000154,1000000154,2507091956000032,2509281429000046,81,0,0,,0,1
2026-04-18,klhexe@naver.com,1000000154,1000000154,2508141921000023,2508231633000008,9,0,0,,0,1
2026-04-18,klhexe@naver.com,1000000154,1000000154,2508141921000023,2509111845000034,28,0,0,,0,1
2026-04-18,skssk2004,1000000154,1000000154,2512081200000015,2512301022000016,22,0,0,,0,1
2026-04-18,9oo_eul@naver.com,1000000156,1000000156,2507091759000028,2508071323000009,29,0,0,,0,1
2026-04-18,9oo_eul@naver.com,1000000156,1000000156,2507091759000028,2507152211000028,6,0,0,,0,1
2026-04-18,9oo_eul@naver.com,1000000156,1000000156,2507091759000028,2509212047000129,74,0,0,,0,1
2026-04-18,baebae52,1000000156,1000000156,2510081350000002,2510231313000017,15,0,0,,0,1
2026-04-18,daisy9145,1000000156,1000000156,2602082000444926,2602082008059828,0,0,0,,0,1
2026-04-18,daisy9145,1000000156,1000000156,2602082000444926,2602082005548267,0,0,0,,0,1
2026-04-18,daisy9145,1000000156,1000000156,2602082000444926,2602082011230480,0,0,0,,0,1
2026-04-18,daisy9145,1000000156,1000000156,2602082000444926,2602082009404679,0,0,0,,0,1
2026-04-18,dlxhtld,1000000156,1000000156,2508311916000013,2509252045000188,25,0,0,,0,1
2026-04-18,dub0070,1000000156,1000000156,2601112311000030,2601151102466127,4,0,0,,0,1
2026-04-18,goni1784,1000000156,1000000156,2602100954123780,2602101344498394,0,1,1,1000000153,1,0
2026-04-18,mini3512,1000000156,1000000156,2507091754000027,2509181807000175,71,0,0,,0,1
2026-04-18,rinzer,1000000156,1000000156,2511061330000017,2511061339000020,0,0,0,,0,1
2026-04-18,rinzer,1000000156,1000000156,2511061330000017,2511061334000018,0,0,0,,0,1
2026-04-18,rkaqur@0406,1000000156,1000000156,2510281244000021,2601021301000026,66,0,0,,0,1
2026-04-18,saclnj3912@naver.com,1000000156,1000000156,2603132324070830,2603132332190761,0,0,0,,0,1
2026-04-18,yewonidang,1000000156,1000000156,2602091313320699,2602091315105521,0,0,0,,0,1
2026-04-18,yewonidang,1000000156,1000000156,2602091313320699,2602091317004785,0,0,0,,0,1
2026-04-18,yewonidang,1000000156,1000000156,2602091313320699,2602100739351088,1,0,0,,0,1
2026-04-18,yewonidang,1000000156,1000000156,2602091313320699,2602100738369897,1,0,0,,0,1
