product_id,product_name,price,retail_price,category_id_list,detail_url,list_image,is_display,is_selling,is_sold_out,created_at,updated_at,mx_channel_id,mx_platform
1000000027,마스코바도 설기,24000.000000,27000.000000,"[""013"",""011""]",https://kricecake.com/goods/goods_view.php?goodsNo=1000000027,https://godomall.speedycdn.net/a1ce4a197810c4cd52677b215337ca9e/goods/1000000027/image/list/1000000027_list_012.jpg,true,true,false,2020-03-15 07:44:38.000 UTC,2026-04-05 10:07:57.000 UTC,567375433033637313,GODOMALL5
1000000028,마스코바도 딸기설기,24000.000000,27000.000000,"[""013"",""011""]",https://kricecake.com/goods/goods_view.php?goodsNo=1000000028,https://godomall.speedycdn.net/a1ce4a197810c4cd52677b215337ca9e/goods/1000000028/image/list/1000000028_list_04.jpg,true,true,false,2020-03-15 07:44:54.000 UTC,2026-04-05 10:07:34.000 UTC,567375433033637313,GODOMALL5
1000000033,가래떡,13000.000000,15000.000000,"[""013"",""011""]",https://kricecake.com/goods/goods_view.php?goodsNo=1000000033,https://godomall.speedycdn.net/a1ce4a197810c4cd52677b215337ca9e/goods/1000000033/image/list/1000000033_list_090.jpg,true,true,false,2020-03-15 07:46:24.000 UTC,2026-04-05 09:11:55.000 UTC,567375433033637313,GODOMALL5
1000000035,떡국떡 500g,7000.000000,0.000000,"[""013"",""011""]",https://kricecake.com/goods/goods_view.php?goodsNo=1000000035,https://godomall.speedycdn.net/a1ce4a197810c4cd52677b215337ca9e/goods/1000000035/image/list/1000000035_list_093.jpg,true,true,false,2020-03-15 07:46:55.000 UTC,2026-04-05 09:35:10.000 UTC,567375433033637313,GODOMALL5
1000000036,떡볶이떡 4kg,45000.000000,0.000000,"[""010"",""011""]",https://kricecake.com/goods/goods_view.php?goodsNo=1000000036,https://godomall.speedycdn.net/a1ce4a197810c4cd52677b215337ca9e/goods/1000000036/image/list/1000000036_list_067.jpg,false,false,false,2020-03-15 07:47:14.000 UTC,2023-07-11 06:50:40.000 UTC,567375433033637313,GODOMALL5
1000000037,2색 인절미,21000.000000,23500.000000,"[""006"",""011""]",https://kricecake.com/goods/goods_view.php?goodsNo=1000000037,https://godomall.speedycdn.net/a1ce4a197810c4cd52677b215337ca9e/goods/1000000037/image/list/1000000037_list_051.jpg,false,false,false,2020-03-15 07:52:05.000 UTC,2025-06-14 04:10:53.000 UTC,567375433033637313,GODOMALL5
1000000041,콩영양찰떡,20000.000000,22000.000000,"[""010"",""011""]",https://kricecake.com/goods/goods_view.php?goodsNo=1000000041,https://godomall.speedycdn.net/a1ce4a197810c4cd52677b215337ca9e/goods/1000000041/image/list/1000000041_list_042.jpg,false,false,false,2020-03-15 08:08:00.000 UTC,2025-12-30 11:04:49.000 UTC,567375433033637313,GODOMALL5
1000000042,약식,25000.000000,30000.000000,"[""010"",""011""]",https://kricecake.com/goods/goods_view.php?goodsNo=1000000042,https://godomall.speedycdn.net/a1ce4a197810c4cd52677b215337ca9e/goods/1000000042/image/list/1000000042_list_03.jpg,true,true,false,2020-03-15 08:11:00.000 UTC,2026-04-09 13:18:23.000 UTC,567375433033637313,GODOMALL5
1000000043,모듬영양찰떡,25000.000000,30000.000000,"[""010"",""011""]",https://kricecake.com/goods/goods_view.php?goodsNo=1000000043,https://godomall.speedycdn.net/a1ce4a197810c4cd52677b215337ca9e/goods/1000000043/image/list/1000000043_list_012.jpg,true,true,false,2020-03-15 08:14:29.000 UTC,2026-04-05 10:05:36.000 UTC,567375433033637313,GODOMALL5
1000000044,고구마찰떡,25000.000000,30000.000000,"[""010"",""011""]",https://kricecake.com/goods/goods_view.php?goodsNo=1000000044,https://godomall.speedycdn.net/a1ce4a197810c4cd52677b215337ca9e/goods/1000000044/image/list/1000000044_list_088.jpg,true,true,false,2020-03-15 08:16:53.000 UTC,2026-04-05 10:04:45.000 UTC,567375433033637313,GODOMALL5
1000000045,완두시루떡,25000.000000,30000.000000,"[""010"",""011""]",https://kricecake.com/goods/goods_view.php?goodsNo=1000000045,https://godomall.speedycdn.net/a1ce4a197810c4cd52677b215337ca9e/goods/1000000045/image/list/1000000045_list_095.jpg,true,true,false,2020-03-15 08:20:24.000 UTC,2026-04-05 10:03:44.000 UTC,567375433033637313,GODOMALL5
1000000062,흰이티,26500.000000,30000.000000,"[""006"",""011""]",https://kricecake.com/goods/goods_view.php?goodsNo=1000000062,https://godomall.speedycdn.net/a1ce4a197810c4cd52677b215337ca9e/goods/1000000062/image/list/1000000062_list_062.jpg,true,true,false,2020-06-25 14:32:13.000 UTC,2026-04-05 10:14:06.000 UTC,567375433033637313,GODOMALL5
1000000063,쑥이티,26500.000000,30000.000000,"[""006"",""011""]",https://kricecake.com/goods/goods_view.php?goodsNo=1000000063,https://godomall.speedycdn.net/a1ce4a197810c4cd52677b215337ca9e/goods/1000000063/image/list/1000000063_list_055.jpg,true,true,false,2020-06-25 14:32:54.000 UTC,2026-04-05 10:13:42.000 UTC,567375433033637313,GODOMALL5
1000000064,2색 이티,26500.000000,30000.000000,"[""006"",""011""]",https://kricecake.com/goods/goods_view.php?goodsNo=1000000064,https://godomall.speedycdn.net/a1ce4a197810c4cd52677b215337ca9e/goods/1000000064/image/list/1000000064_list_053.jpg,true,true,false,2020-06-25 14:33:22.000 UTC,2026-04-05 10:13:14.000 UTC,567375433033637313,GODOMALL5
1000000065,흰인절미,24000.000000,27000.000000,"[""006"",""011""]",https://kricecake.com/goods/goods_view.php?goodsNo=1000000065,https://godomall.speedycdn.net/a1ce4a197810c4cd52677b215337ca9e/goods/1000000065/image/list/1000000065_list_019.jpg,true,true,false,2020-06-25 14:33:46.000 UTC,2026-04-05 08:49:20.000 UTC,567375433033637313,GODOMALL5
1000000066,쑥인절미,24000.000000,27000.000000,"[""006"",""011""]",https://kricecake.com/goods/goods_view.php?goodsNo=1000000066,https://godomall.speedycdn.net/a1ce4a197810c4cd52677b215337ca9e/goods/1000000066/image/list/1000000066_list_042.jpg,true,true,false,2020-06-25 14:34:15.000 UTC,2026-04-05 08:50:58.000 UTC,567375433033637313,GODOMALL5
1000000068,찰떡세트,18400.000000,0.000000,,https://kricecake.com/goods/goods_view.php?goodsNo=1000000068,https://godomall.speedycdn.net/a1ce4a197810c4cd52677b215337ca9e/goods/1000000068/image/list/1000000068_list_08.jpg,true,true,true,2020-06-25 14:43:41.000 UTC,2021-01-06 06:10:41.000 UTC,567375433033637313,GODOMALL5
1000000069,설기세트,24000.000000,27000.000000,"[""013""]",https://kricecake.com/goods/goods_view.php?goodsNo=1000000069,https://godomall.speedycdn.net/a1ce4a197810c4cd52677b215337ca9e/goods/1000000069/image/list/1000000069_list_033.jpg,true,true,false,2020-06-25 14:46:36.000 UTC,2026-04-05 10:08:52.000 UTC,567375433033637313,GODOMALL5
1000000070,마스코바도 쑥설기,24000.000000,27000.000000,"[""013"",""011""]",https://kricecake.com/goods/goods_view.php?goodsNo=1000000070,https://godomall.speedycdn.net/a1ce4a197810c4cd52677b215337ca9e/goods/1000000070/image/list/1000000070_list_027.jpg,true,true,false,2020-06-25 14:49:04.000 UTC,2026-04-05 10:08:25.000 UTC,567375433033637313,GODOMALL5
1000000071,마스코바도 호박설기,24000.000000,27000.000000,"[""013"",""011""]",https://kricecake.com/goods/goods_view.php?goodsNo=1000000071,https://godomall.speedycdn.net/a1ce4a197810c4cd52677b215337ca9e/goods/1000000071/image/list/1000000071_list_020.jpg,true,true,false,2020-06-25 14:49:32.000 UTC,2026-04-05 10:10:03.000 UTC,567375433033637313,GODOMALL5
1000000072,마스코바도 흑임자설기,24000.000000,27000.000000,"[""013"",""011""]",https://kricecake.com/goods/goods_view.php?goodsNo=1000000072,https://godomall.speedycdn.net/a1ce4a197810c4cd52677b215337ca9e/goods/1000000072/image/list/1000000072_list_015.jpg,true,true,false,2020-06-25 14:49:57.000 UTC,2026-04-05 10:10:23.000 UTC,567375433033637313,GODOMALL5
1000000074,경기 콩약과(10ea),13000.000000,13000.000000,"[""007"",""009"",""011""]",https://kricecake.com/goods/goods_view.php?goodsNo=1000000074,https://godomall.speedycdn.net/a1ce4a197810c4cd52677b215337ca9e/goods/1000000074/image/list/1000000074_list_06.jpg,true,true,false,2020-06-25 14:52:00.000 UTC,2026-04-03 15:22:38.000 UTC,567375433033637313,GODOMALL5
1000000075,2색절편 4kg,42000.000000,0.000000,"[""010"",""011""]",https://kricecake.com/goods/goods_view.php?goodsNo=1000000075,https://godomall.speedycdn.net/a1ce4a197810c4cd52677b215337ca9e/goods/1000000075/image/list/1000000075_list_092.jpg,false,true,false,2020-06-25 14:53:00.000 UTC,2025-06-14 04:13:27.000 UTC,567375433033637313,GODOMALL5
1000000076,쑥절편 4kg,45000.000000,0.000000,"[""010"",""011""]",https://kricecake.com/goods/goods_view.php?goodsNo=1000000076,https://godomall.speedycdn.net/a1ce4a197810c4cd52677b215337ca9e/goods/1000000076/image/list/1000000076_list_050.jpg,false,true,false,2020-06-25 14:54:15.000 UTC,2025-06-14 04:13:39.000 UTC,567375433033637313,GODOMALL5
1000000077,흰절편 4kg,40000.000000,0.000000,"[""010"",""011""]",https://kricecake.com/goods/goods_view.php?goodsNo=1000000077,https://godomall.speedycdn.net/a1ce4a197810c4cd52677b215337ca9e/goods/1000000077/image/list/1000000077_list_099.jpg,false,true,false,2020-06-25 14:54:40.000 UTC,2025-06-14 04:14:39.000 UTC,567375433033637313,GODOMALL5
1000000079,수수떡(2색) 1kg,45000.000000,0.000000,"[""010"",""011""]",https://kricecake.com/goods/goods_view.php?goodsNo=1000000079,https://godomall.speedycdn.net/a1ce4a197810c4cd52677b215337ca9e/goods/1000000079/image/list/1000000079_list_070.jpg,false,false,true,2020-06-25 15:00:58.000 UTC,2024-01-27 00:32:01.000 UTC,567375433033637313,GODOMALL5
1000000080,수수떡(카스테라) 1kg,40000.000000,0.000000,"[""011"",""010""]",https://kricecake.com/goods/goods_view.php?goodsNo=1000000080,https://godomall.speedycdn.net/a1ce4a197810c4cd52677b215337ca9e/goods/1000000080/image/list/1000000080_list_072.jpg,false,false,true,2020-06-25 15:01:42.000 UTC,2024-01-27 00:32:01.000 UTC,567375433033637313,GODOMALL5
1000000081,수수떡(팥) 1kg,40000.000000,0.000000,"[""011"",""010""]",https://kricecake.com/goods/goods_view.php?goodsNo=1000000081,https://godomall.speedycdn.net/a1ce4a197810c4cd52677b215337ca9e/goods/1000000081/image/list/1000000081_list_059.jpg,false,false,true,2020-06-25 15:02:06.000 UTC,2024-01-27 00:32:01.000 UTC,567375433033637313,GODOMALL5
1000000082,시루떡,50000.000000,0.000000,"[""010"",""011""]",https://kricecake.com/goods/goods_view.php?goodsNo=1000000082,https://godomall.speedycdn.net/a1ce4a197810c4cd52677b215337ca9e/goods/1000000082/image/list/1000000082_list_053.jpg,false,false,true,2020-06-25 15:02:35.000 UTC,2025-01-10 00:36:11.000 UTC,567375433033637313,GODOMALL5
1000000083,백설기,19000.000000,22000.000000,"[""013"",""011""]",https://kricecake.com/goods/goods_view.php?goodsNo=1000000083,https://godomall.speedycdn.net/a1ce4a197810c4cd52677b215337ca9e/goods/1000000083/image/list/1000000083_list_054.jpg,true,true,false,2020-06-25 15:15:14.000 UTC,2026-04-05 10:11:15.000 UTC,567375433033637313,GODOMALL5
1000000084,십리향 1단 (1호 2호 3호),27500.000000,30500.000000,"[""012""]",https://kricecake.com/goods/goods_view.php?goodsNo=1000000084,https://godomall.speedycdn.net/a1ce4a197810c4cd52677b215337ca9e/goods/1000000084/image/list/1000000084_list_028.jpg,true,true,false,2020-06-25 15:22:35.000 UTC,2026-04-05 11:24:48.000 UTC,567375433033637313,GODOMALL5
1000000085,십리향 2단 (1호 2호 3호),55000.000000,61000.000000,"[""012""]",https://kricecake.com/goods/goods_view.php?goodsNo=1000000085,https://godomall.speedycdn.net/a1ce4a197810c4cd52677b215337ca9e/goods/1000000085/image/list/1000000085_list_069.jpg,true,true,false,2020-06-25 15:23:47.000 UTC,2026-04-05 11:28:22.000 UTC,567375433033637313,GODOMALL5
1000000086,십리향 3단,83500.000000,92500.000000,"[""012""]",https://kricecake.com/goods/goods_view.php?goodsNo=1000000086,https://godomall.speedycdn.net/a1ce4a197810c4cd52677b215337ca9e/goods/1000000086/image/list/1000000086_list_048.jpg,true,true,false,2020-06-25 15:25:01.000 UTC,2026-04-05 11:36:49.000 UTC,567375433033637313,GODOMALL5
1000000087,백리향 1단 (1호 2호 3호),65000.000000,72000.000000,"[""012""]",https://kricecake.com/goods/goods_view.php?goodsNo=1000000087,https://godomall.speedycdn.net/a1ce4a197810c4cd52677b215337ca9e/goods/1000000087/image/list/1000000087_list_067.jpg,true,true,false,2020-06-25 15:27:01.000 UTC,2026-04-05 11:44:13.000 UTC,567375433033637313,GODOMALL5
1000000088,백리향 2단 (1호 2호),127000.000000,139500.000000,"[""012""]",https://kricecake.com/goods/goods_view.php?goodsNo=1000000088,https://godomall.speedycdn.net/a1ce4a197810c4cd52677b215337ca9e/goods/1000000088/image/list/1000000088_list_033.jpg,true,true,false,2020-06-25 15:27:23.000 UTC,2026-04-05 11:52:39.000 UTC,567375433033637313,GODOMALL5
1000000089,백리향 3단,191000.000000,213000.000000,"[""012""]",https://kricecake.com/goods/goods_view.php?goodsNo=1000000089,https://godomall.speedycdn.net/a1ce4a197810c4cd52677b215337ca9e/goods/1000000089/image/list/1000000089_list_027.jpg,true,true,false,2020-06-25 15:29:08.000 UTC,2026-04-05 15:41:01.000 UTC,567375433033637313,GODOMALL5
1000000090,일리향 1단 (1호 2호 3호),13000.000000,15000.000000,"[""012""]",https://kricecake.com/goods/goods_view.php?goodsNo=1000000090,https://godomall.speedycdn.net/a1ce4a197810c4cd52677b215337ca9e/goods/1000000090/image/list/1000000090_list_073.jpg,true,true,false,2020-06-30 13:40:41.000 UTC,2026-04-05 10:50:55.000 UTC,567375433033637313,GODOMALL5
1000000091,일리향 2단 (1호 2호 3호),29500.000000,34500.000000,"[""012""]",https://kricecake.com/goods/goods_view.php?goodsNo=1000000091,https://godomall.speedycdn.net/a1ce4a197810c4cd52677b215337ca9e/goods/1000000091/image/list/1000000091_list_092.jpg,true,true,false,2020-06-30 13:40:41.000 UTC,2026-04-05 11:01:02.000 UTC,567375433033637313,GODOMALL5
1000000092,일리향 3단,41500.000000,49000.000000,"[""012""]",https://kricecake.com/goods/goods_view.php?goodsNo=1000000092,https://godomall.speedycdn.net/a1ce4a197810c4cd52677b215337ca9e/goods/1000000092/image/list/1000000092_list_029.jpg,true,true,false,2020-06-30 13:40:41.000 UTC,2026-04-05 11:05:54.000 UTC,567375433033637313,GODOMALL5
1000000093,매화 2송이 1호,5400.000000,6100.000000,"[""008""]",https://kricecake.com/goods/goods_view.php?goodsNo=1000000093,https://godomall.speedycdn.net/a1ce4a197810c4cd52677b215337ca9e/goods/1000000093/image/list/1000000093_list_057.jpg,true,true,false,2020-06-30 13:46:41.000 UTC,2026-04-05 10:41:18.000 UTC,567375433033637313,GODOMALL5
1000000094,매화 3송이 1호,7700.000000,8600.000000,"[""008""]",https://kricecake.com/goods/goods_view.php?goodsNo=1000000094,https://godomall.speedycdn.net/a1ce4a197810c4cd52677b215337ca9e/goods/1000000094/image/list/1000000094_list_039.jpg,true,true,false,2020-06-30 13:46:41.000 UTC,2026-04-05 10:39:19.000 UTC,567375433033637313,GODOMALL5
1000000095,매화 5송이 1호,11900.000000,13500.000000,"[""008""]",https://kricecake.com/goods/goods_view.php?goodsNo=1000000095,https://godomall.speedycdn.net/a1ce4a197810c4cd52677b215337ca9e/goods/1000000095/image/list/1000000095_list_06.jpg,true,true,false,2020-06-30 13:46:41.000 UTC,2026-04-05 10:42:56.000 UTC,567375433033637313,GODOMALL5
1000000103,경기 수정과,3000.000000,0.000000,"[""011"",""007""]",https://kricecake.com/goods/goods_view.php?goodsNo=1000000103,https://godomall.speedycdn.net/a1ce4a197810c4cd52677b215337ca9e/goods/1000000103/image/list/1000000103_list_050.jpg,false,true,true,2020-06-30 14:00:16.000 UTC,2024-10-31 08:50:30.000 UTC,567375433033637313,GODOMALL5
1000000104,경기 식혜,3000.000000,0.000000,"[""011"",""007""]",https://kricecake.com/goods/goods_view.php?goodsNo=1000000104,https://godomall.speedycdn.net/a1ce4a197810c4cd52677b215337ca9e/goods/1000000104/image/list/1000000104_list_081.jpg,false,true,true,2020-06-30 14:00:46.000 UTC,2024-10-31 08:50:19.000 UTC,567375433033637313,GODOMALL5
1000000108,매화 2송이 2호,5300.000000,6000.000000,"[""008""]",https://kricecake.com/goods/goods_view.php?goodsNo=1000000108,https://godomall.speedycdn.net/a1ce4a197810c4cd52677b215337ca9e/goods/1000000108/image/list/1000000108_list_020.jpg,true,true,false,2020-07-13 12:38:14.000 UTC,2026-04-05 10:36:35.000 UTC,567375433033637313,GODOMALL5
1000000110,매화 3송이 2호,7800.000000,8600.000000,"[""008""]",https://kricecake.com/goods/goods_view.php?goodsNo=1000000110,https://godomall.speedycdn.net/a1ce4a197810c4cd52677b215337ca9e/goods/1000000110/image/list/1000000110_list_026.jpg,true,true,false,2020-07-13 12:48:05.000 UTC,2026-04-05 10:37:56.000 UTC,567375433033637313,GODOMALL5
1000000111,매화 3송이 3호,7900.000000,8900.000000,"[""008""]",https://kricecake.com/goods/goods_view.php?goodsNo=1000000111,https://godomall.speedycdn.net/a1ce4a197810c4cd52677b215337ca9e/goods/1000000111/image/list/1000000111_list_056.jpg,true,true,false,2020-07-13 12:48:14.000 UTC,2026-04-05 10:40:02.000 UTC,567375433033637313,GODOMALL5
1000000112,매화 5송이 2호,12900.000000,15000.000000,"[""008""]",https://kricecake.com/goods/goods_view.php?goodsNo=1000000112,https://godomall.speedycdn.net/a1ce4a197810c4cd52677b215337ca9e/goods/1000000112/image/list/1000000112_list_032.jpg,true,true,false,2020-07-13 12:59:30.000 UTC,2026-04-05 10:43:40.000 UTC,567375433033637313,GODOMALL5
1000000113,매화 5송이 3호,12900.000000,15000.000000,"[""008""]",https://kricecake.com/goods/goods_view.php?goodsNo=1000000113,https://godomall.speedycdn.net/a1ce4a197810c4cd52677b215337ca9e/goods/1000000113/image/list/1000000113_list_070.jpg,true,true,false,2020-07-13 12:59:35.000 UTC,2026-04-05 10:44:20.000 UTC,567375433033637313,GODOMALL5
1000000120,깨송편 4kg,75000.000000,0.000000,"[""013""]",https://kricecake.com/goods/goods_view.php?goodsNo=1000000120,https://godomall.speedycdn.net/a1ce4a197810c4cd52677b215337ca9e/goods/1000000120/image/list/1000000120_list_068.jpg,true,true,false,2020-09-14 17:02:04.000 UTC,2026-04-05 09:44:48.000 UTC,567375433033637313,GODOMALL5
1000000121,깨송편 1kg,19000.000000,0.000000,"[""013""]",https://kricecake.com/goods/goods_view.php?goodsNo=1000000121,https://godomall.speedycdn.net/a1ce4a197810c4cd52677b215337ca9e/goods/1000000121/image/list/1000000121_list_089.jpg,true,true,false,2020-09-15 07:11:17.000 UTC,2026-04-05 09:37:55.000 UTC,567375433033637313,GODOMALL5
1000000122,경기 찹쌀떡(10ea),10000.000000,0.000000,"[""007"",""011"",""009""]",https://kricecake.com/goods/goods_view.php?goodsNo=1000000122,https://godomall.speedycdn.net/a1ce4a197810c4cd52677b215337ca9e/goods/1000000122/image/list/1000000122_list_034.jpg,false,true,false,2021-01-17 09:30:17.000 UTC,2025-06-14 04:21:26.000 UTC,567375433033637313,GODOMALL5
1000000127,흑임자이티,26500.000000,30000.000000,"[""006"",""011""]",https://kricecake.com/goods/goods_view.php?goodsNo=1000000127,https://godomall.speedycdn.net/a1ce4a197810c4cd52677b215337ca9e/goods/1000000127/image/list/1000000127_list_053.jpg,true,true,false,2021-10-14 11:49:55.000 UTC,2026-04-05 10:14:58.000 UTC,567375433033637313,GODOMALL5
1000000128,흑임자인절미,24000.000000,27000.000000,"[""006"",""011""]",https://kricecake.com/goods/goods_view.php?goodsNo=1000000128,https://godomall.speedycdn.net/a1ce4a197810c4cd52677b215337ca9e/goods/1000000128/image/list/1000000128_list_033.jpg,true,true,false,2022-02-14 13:50:47.000 UTC,2026-04-05 08:51:46.000 UTC,567375433033637313,GODOMALL5
1000000129,추석십리향 1단 (1호 2호),20000.000000,22000.000000,"[""012""]",https://kricecake.com/goods/goods_view.php?goodsNo=1000000129,https://godomall.speedycdn.net/a1ce4a197810c4cd52677b215337ca9e/goods/1000000129/image/list/1000000129_list_029.jpg,false,false,false,2023-09-12 04:15:53.000 UTC,2025-10-09 04:07:14.000 UTC,567375433033637313,GODOMALL5
1000000130,추석십리향 2단,47000.000000,50500.000000,"[""012""]",https://kricecake.com/goods/goods_view.php?goodsNo=1000000130,https://godomall.speedycdn.net/a1ce4a197810c4cd52677b215337ca9e/goods/1000000130/image/list/1000000130_list_096.jpg,false,false,false,2023-09-12 04:16:54.000 UTC,2025-10-09 04:07:03.000 UTC,567375433033637313,GODOMALL5
1000000131,추석백리향 1단,49000.000000,54000.000000,"[""012""]",https://kricecake.com/goods/goods_view.php?goodsNo=1000000131,https://godomall.speedycdn.net/a1ce4a197810c4cd52677b215337ca9e/goods/1000000131/image/list/1000000131_list_014.jpg,false,false,false,2023-09-12 04:16:54.000 UTC,2025-10-09 04:06:35.000 UTC,567375433033637313,GODOMALL5
1000000132,추석백리향 2단,99000.000000,109000.000000,"[""012""]",https://kricecake.com/goods/goods_view.php?goodsNo=1000000132,https://godomall.speedycdn.net/a1ce4a197810c4cd52677b215337ca9e/goods/1000000132/image/list/1000000132_list_027.jpg,false,false,false,2023-09-12 04:16:54.000 UTC,2025-10-09 04:06:52.000 UTC,567375433033637313,GODOMALL5
1000000134,서울 1053,1053.000000,0.000000,"[""014"",""014001""]",https://kricecake.com/goods/goods_view.php?goodsNo=1000000134,https://godomall.speedycdn.net/a1ce4a197810c4cd52677b215337ca9e/goods/1000000134/image/list/1000000134_list_03.jpg,true,true,false,2024-02-17 15:21:23.000 UTC,2024-02-20 06:40:05.000 UTC,567375433033637313,GODOMALL5
1000000135,서울 1155,1155.000000,0.000000,"[""014"",""014001""]",https://kricecake.com/goods/goods_view.php?goodsNo=1000000135,https://godomall.speedycdn.net/a1ce4a197810c4cd52677b215337ca9e/goods/1000000135/image/list/1000000135_list_042.jpg,true,true,false,2024-02-17 15:24:22.000 UTC,2024-02-20 06:40:24.000 UTC,567375433033637313,GODOMALL5
1000000136,서울 1221,1221.000000,0.000000,"[""014"",""014001""]",https://kricecake.com/goods/goods_view.php?goodsNo=1000000136,https://godomall.speedycdn.net/a1ce4a197810c4cd52677b215337ca9e/goods/1000000136/image/list/1000000136_list_023.jpg,true,true,false,2024-02-17 15:24:59.000 UTC,2024-02-20 06:40:43.000 UTC,567375433033637313,GODOMALL5
1000000137,서울 1342,1342.000000,0.000000,"[""014"",""014001""]",https://kricecake.com/goods/goods_view.php?goodsNo=1000000137,https://godomall.speedycdn.net/a1ce4a197810c4cd52677b215337ca9e/goods/1000000137/image/list/1000000137_list_090.jpg,true,true,false,2024-02-17 15:26:02.000 UTC,2024-02-20 06:41:05.000 UTC,567375433033637313,GODOMALL5
1000000138,경기/인천 1078,1078.000000,0.000000,"[""014"",""014002""]",https://kricecake.com/goods/goods_view.php?goodsNo=1000000138,https://godomall.speedycdn.net/a1ce4a197810c4cd52677b215337ca9e/goods/1000000138/image/list/1000000138_list_045.jpg,true,true,false,2024-02-17 15:26:43.000 UTC,2024-02-20 06:41:28.000 UTC,567375433033637313,GODOMALL5
1000000139,경기/인천 1177,1177.000000,0.000000,"[""014"",""014002""]",https://kricecake.com/goods/goods_view.php?goodsNo=1000000139,https://godomall.speedycdn.net/a1ce4a197810c4cd52677b215337ca9e/goods/1000000139/image/list/1000000139_list_078.jpg,true,true,false,2024-02-17 15:27:21.000 UTC,2024-02-20 06:41:48.000 UTC,567375433033637313,GODOMALL5
1000000140,경기/인천 1243,1243.000000,0.000000,"[""014"",""014002""]",https://kricecake.com/goods/goods_view.php?goodsNo=1000000140,https://godomall.speedycdn.net/a1ce4a197810c4cd52677b215337ca9e/goods/1000000140/image/list/1000000140_list_084.jpg,true,true,false,2024-02-17 15:27:48.000 UTC,2024-02-20 06:42:08.000 UTC,567375433033637313,GODOMALL5
1000000141,경기/인천 1364,1364.000000,0.000000,"[""014"",""014002""]",https://kricecake.com/goods/goods_view.php?goodsNo=1000000141,https://godomall.speedycdn.net/a1ce4a197810c4cd52677b215337ca9e/goods/1000000141/image/list/1000000141_list_042.jpg,true,true,false,2024-02-17 15:28:17.000 UTC,2024-02-20 06:42:28.000 UTC,567375433033637313,GODOMALL5
1000000142,경기 미숫가루,12000.000000,0.000000,"[""011"",""007""]",https://kricecake.com/goods/goods_view.php?goodsNo=1000000142,https://godomall.speedycdn.net/a1ce4a197810c4cd52677b215337ca9e/goods/1000000142/image/list/1000000142_list_011.jpg,true,true,false,2024-12-04 01:40:50.000 UTC,2026-03-08 18:09:53.000 UTC,567375433033637313,GODOMALL5
1000000143,"경기참기름, 경기들기름",13000.000000,0.000000,"[""011"",""007""]",https://kricecake.com/goods/goods_view.php?goodsNo=1000000143,https://godomall.speedycdn.net/a1ce4a197810c4cd52677b215337ca9e/goods/1000000143/image/list/1000000143_list_079.jpg,true,true,false,2024-12-04 01:50:53.000 UTC,2026-03-08 18:08:48.000 UTC,567375433033637313,GODOMALL5
1000000144,경기 미숫가루 쫀드기,9000.000000,0.000000,"[""011"",""007""]",https://kricecake.com/goods/goods_view.php?goodsNo=1000000144,https://godomall.speedycdn.net/a1ce4a197810c4cd52677b215337ca9e/goods/1000000144/image/list/1000000144_list_070.jpg,false,false,false,2024-12-04 02:21:37.000 UTC,2026-03-18 20:55:33.000 UTC,567375433033637313,GODOMALL5
1000000145,이티떡 낱알포장(냉동상품),28000.000000,28000.000000,"[""006"",""011""]",https://kricecake.com/goods/goods_view.php?goodsNo=1000000145,https://godomall.speedycdn.net/a1ce4a197810c4cd52677b215337ca9e/goods/1000000145/image/list/1000000145_list_34.jpg,true,true,true,2024-12-30 07:38:57.000 UTC,2025-01-05 04:29:47.000 UTC,567375433033637313,GODOMALL5
1000000146,설 십리향 1단,25000.000000,27400.000000,"[""012""]",https://kricecake.com/goods/goods_view.php?goodsNo=1000000146,https://godomall.speedycdn.net/a1ce4a197810c4cd52677b215337ca9e/goods/1000000146/image/list/1000000146_list_02.jpg,false,false,true,2025-01-15 16:46:24.000 UTC,2025-01-26 16:37:37.000 UTC,567375433033637313,GODOMALL5
1000000147,설 십리향 2단,51000.000000,54400.000000,"[""012""]",https://kricecake.com/goods/goods_view.php?goodsNo=1000000147,https://godomall.speedycdn.net/a1ce4a197810c4cd52677b215337ca9e/goods/1000000147/image/list/1000000147_list_027.jpg,false,false,true,2025-01-15 23:45:45.000 UTC,2025-01-26 16:37:25.000 UTC,567375433033637313,GODOMALL5
1000000148,설 백리향 1단,55000.000000,60600.000000,"[""012""]",https://kricecake.com/goods/goods_view.php?goodsNo=1000000148,https://godomall.speedycdn.net/a1ce4a197810c4cd52677b215337ca9e/goods/1000000148/image/list/1000000148_list_038.jpg,false,false,true,2025-01-15 23:45:46.000 UTC,2025-01-26 16:37:14.000 UTC,567375433033637313,GODOMALL5
1000000149,설 백리향 2단 (1호),110000.000000,119600.000000,"[""012""]",https://kricecake.com/goods/goods_view.php?goodsNo=1000000149,https://godomall.speedycdn.net/a1ce4a197810c4cd52677b215337ca9e/goods/1000000149/image/list/1000000149_list_096.jpg,false,false,true,2025-01-15 23:45:46.000 UTC,2025-01-26 16:37:04.000 UTC,567375433033637313,GODOMALL5
1000000150,설 백리향 2단 (2호),113000.000000,122300.000000,"[""012""]",https://kricecake.com/goods/goods_view.php?goodsNo=1000000150,https://godomall.speedycdn.net/a1ce4a197810c4cd52677b215337ca9e/goods/1000000150/image/list/1000000150_list_048.jpg,false,false,true,2025-01-16 00:24:31.000 UTC,2025-01-26 16:36:51.000 UTC,567375433033637313,GODOMALL5
1000000151,[완판] 진로 분홍두꺼비 선물세트,26000.000000,0.000000,"[""012"",""011""]",https://kricecake.com/goods/goods_view.php?goodsNo=1000000151,https://godomall.speedycdn.net/a1ce4a197810c4cd52677b215337ca9e/goods/1000000151/image/list/1000000151_list_010.jpg,false,false,true,2025-01-20 04:23:29.000 UTC,2025-08-13 04:26:50.000 UTC,567375433033637313,GODOMALL5
1000000152,첫맛상,33600.000000,0.000000,"[""015""]",https://kricecake.com/goods/goods_view.php?goodsNo=1000000152,https://godomall.speedycdn.net/a1ce4a197810c4cd52677b215337ca9e/goods/1000000152/image/list/1000000152_list_099.jpg,true,true,true,2025-05-30 04:25:14.000 UTC,2026-02-01 12:12:30.000 UTC,567375433033637313,GODOMALL5
1000000153,유밀상,28600.000000,0.000000,"[""015""]",https://kricecake.com/goods/goods_view.php?goodsNo=1000000153,https://godomall.speedycdn.net/a1ce4a197810c4cd52677b215337ca9e/goods/1000000153/image/list/1000000153_list_092.jpg,true,true,false,2025-05-30 04:28:43.000 UTC,2026-02-28 04:28:45.000 UTC,567375433033637313,GODOMALL5
1000000154,화연상,27800.000000,0.000000,"[""015""]",https://kricecake.com/goods/goods_view.php?goodsNo=1000000154,https://godomall.speedycdn.net/a1ce4a197810c4cd52677b215337ca9e/goods/1000000154/image/list/1000000154_list_031.jpg,true,true,true,2025-05-30 04:40:36.000 UTC,2026-04-19 14:24:25.000 UTC,567375433033637313,GODOMALL5
1000000155,만복상,33400.000000,0.000000,"[""015""]",https://kricecake.com/goods/goods_view.php?goodsNo=1000000155,https://godomall.speedycdn.net/a1ce4a197810c4cd52677b215337ca9e/goods/1000000155/image/list/1000000155_list_016.jpg,true,true,true,2025-05-30 04:41:37.000 UTC,2026-01-19 02:21:31.000 UTC,567375433033637313,GODOMALL5
1000000156,기원상,29000.000000,0.000000,"[""015""]",https://kricecake.com/goods/goods_view.php?goodsNo=1000000156,https://godomall.speedycdn.net/a1ce4a197810c4cd52677b215337ca9e/goods/1000000156/image/list/1000000156_list_085.jpg,true,true,true,2025-05-30 04:42:34.000 UTC,2026-04-19 14:24:25.000 UTC,567375433033637313,GODOMALL5
1000000157,[세트1] 든든한 한끼식사,72000.000000,89800.000000,"[""015""]",https://kricecake.com/goods/goods_view.php?goodsNo=1000000157,https://godomall.speedycdn.net/a1ce4a197810c4cd52677b215337ca9e/goods/1000000157/image/list/1000000157_list_091.jpg,false,false,false,2025-07-15 08:35:39.000 UTC,2025-09-15 15:03:12.000 UTC,567375433033637313,GODOMALL5
1000000158,[세트2] 티타임 맞춤 간식,73000.000000,91200.000000,"[""015""]",https://kricecake.com/goods/goods_view.php?goodsNo=1000000158,https://godomall.speedycdn.net/a1ce4a197810c4cd52677b215337ca9e/goods/1000000158/image/list/1000000158_list_09.jpg,false,false,false,2025-07-15 08:35:39.000 UTC,2025-09-15 15:03:21.000 UTC,567375433033637313,GODOMALL5
1000000159,[세트3] 마음을 담은 선물,77000.000000,96000.000000,"[""015""]",https://kricecake.com/goods/goods_view.php?goodsNo=1000000159,https://godomall.speedycdn.net/a1ce4a197810c4cd52677b215337ca9e/goods/1000000159/image/list/1000000159_list_064.jpg,false,false,false,2025-07-15 08:35:40.000 UTC,2025-09-15 15:03:29.000 UTC,567375433033637313,GODOMALL5
1000000160,십리향 2단,51000.000000,54500.000000,"[""012""]",https://kricecake.com/goods/goods_view.php?goodsNo=1000000160,https://godomall.speedycdn.net/a1ce4a197810c4cd52677b215337ca9e/goods/1000000160/image/list/1000000085_list_069.jpg,false,false,true,2025-09-08 06:49:34.000 UTC,2025-10-22 04:41:52.000 UTC,567375433033637313,GODOMALL5
1000000161,십리향 3단,76000.000000,84500.000000,"[""012""]",https://kricecake.com/goods/goods_view.php?goodsNo=1000000161,https://godomall.speedycdn.net/a1ce4a197810c4cd52677b215337ca9e/goods/1000000161/image/list/1000000086_list_048.jpg,false,true,true,2025-09-08 07:05:19.000 UTC,2025-10-29 05:20:07.000 UTC,567375433033637313,GODOMALL5
1000000162,백리향 1단,57000.000000,63400.000000,"[""012""]",https://kricecake.com/goods/goods_view.php?goodsNo=1000000162,https://godomall.speedycdn.net/a1ce4a197810c4cd52677b215337ca9e/goods/1000000162/image/list/1000000087_list_067.jpg,false,false,false,2025-09-08 07:08:16.000 UTC,2025-10-09 04:07:55.000 UTC,567375433033637313,GODOMALL5
1000000163,백리향 2단,115000.000000,122500.000000,"[""012""]",https://kricecake.com/goods/goods_view.php?goodsNo=1000000163,https://godomall.speedycdn.net/a1ce4a197810c4cd52677b215337ca9e/goods/1000000163/image/list/1000000088_list_033.jpg,false,false,false,2025-09-08 07:08:16.000 UTC,2025-10-09 04:07:39.000 UTC,567375433033637313,GODOMALL5
1000000164,백리향 3단,168000.000000,187500.000000,"[""012""]",https://kricecake.com/goods/goods_view.php?goodsNo=1000000164,https://godomall.speedycdn.net/a1ce4a197810c4cd52677b215337ca9e/goods/1000000164/image/list/1000000089_list_027.jpg,false,false,true,2025-09-08 07:08:17.000 UTC,2026-02-13 21:03:26.000 UTC,567375433033637313,GODOMALL5
1000000165,첫맛상,29900.000000,0.000000,"[""009""]",https://kricecake.com/goods/goods_view.php?goodsNo=1000000165,https://godomall.speedycdn.net/a1ce4a197810c4cd52677b215337ca9e/goods/1000000165/image/list/1000000152_list_099.jpg,false,false,false,2025-09-15 15:01:01.000 UTC,2026-02-03 04:32:10.000 UTC,567375433033637313,GODOMALL5
1000000166,유밀상,25900.000000,0.000000,"[""009""]",https://kricecake.com/goods/goods_view.php?goodsNo=1000000166,https://godomall.speedycdn.net/a1ce4a197810c4cd52677b215337ca9e/goods/1000000166/image/list/1000000153_list_092.jpg,false,false,true,2025-09-15 15:01:02.000 UTC,2026-02-28 04:27:47.000 UTC,567375433033637313,GODOMALL5
1000000167,화연상,24900.000000,0.000000,"[""009""]",https://kricecake.com/goods/goods_view.php?goodsNo=1000000167,https://godomall.speedycdn.net/a1ce4a197810c4cd52677b215337ca9e/goods/1000000167/image/list/1000000154_list_031.jpg,false,false,true,2025-09-15 15:01:02.000 UTC,2026-02-28 04:27:47.000 UTC,567375433033637313,GODOMALL5
1000000168,만복상,29700.000000,0.000000,"[""009""]",https://kricecake.com/goods/goods_view.php?goodsNo=1000000168,https://godomall.speedycdn.net/a1ce4a197810c4cd52677b215337ca9e/goods/1000000168/image/list/1000000155_list_016.jpg,false,false,true,2025-09-15 15:01:03.000 UTC,2026-02-03 04:32:36.000 UTC,567375433033637313,GODOMALL5
1000000169,기원상,27900.000000,0.000000,"[""009""]",https://kricecake.com/goods/goods_view.php?goodsNo=1000000169,https://godomall.speedycdn.net/a1ce4a197810c4cd52677b215337ca9e/goods/1000000169/image/list/1000000169_list_079.jpg,false,false,true,2025-09-15 15:01:03.000 UTC,2026-02-28 04:27:47.000 UTC,567375433033637313,GODOMALL5
1000000175,설 십리향 1단,29000.000000,30700.000000,"[""012""]",https://kricecake.com/goods/goods_view.php?goodsNo=1000000175,https://godomall.speedycdn.net/a1ce4a197810c4cd52677b215337ca9e/goods/1000000175/image/list/1000000175_list_064.jpg,false,false,false,2026-02-01 08:01:42.000 UTC,2026-02-19 03:47:36.000 UTC,567375433033637313,GODOMALL5
1000000176,설 십리향 2단,58000.000000,62600.000000,"[""012""]",https://kricecake.com/goods/goods_view.php?goodsNo=1000000176,https://godomall.speedycdn.net/a1ce4a197810c4cd52677b215337ca9e/goods/1000000176/image/list/1000000176_list_096.jpg,false,false,false,2026-02-01 08:04:15.000 UTC,2026-02-19 03:50:17.000 UTC,567375433033637313,GODOMALL5
1000000177,설 백리향 1단,55000.000000,58300.000000,"[""012""]",https://kricecake.com/goods/goods_view.php?goodsNo=1000000177,https://godomall.speedycdn.net/a1ce4a197810c4cd52677b215337ca9e/goods/1000000177/image/list/1000000177_list_062.jpg,false,false,false,2026-02-01 08:06:12.000 UTC,2026-02-19 03:47:25.000 UTC,567375433033637313,GODOMALL5
1000000178,설 백리향 2단,115000.000000,119100.000000,"[""012""]",https://kricecake.com/goods/goods_view.php?goodsNo=1000000178,https://godomall.speedycdn.net/a1ce4a197810c4cd52677b215337ca9e/goods/1000000178/image/list/1000000178_list_054.jpg,false,false,true,2026-02-01 08:08:13.000 UTC,2026-02-19 03:47:14.000 UTC,567375433033637313,GODOMALL5
1000000179,설 백리향 3단,185000.000000,197500.000000,"[""012""]",https://kricecake.com/goods/goods_view.php?goodsNo=1000000179,https://godomall.speedycdn.net/a1ce4a197810c4cd52677b215337ca9e/goods/1000000179/image/list/1000000179_list_07.jpg,false,false,false,2026-02-01 08:10:37.000 UTC,2026-02-19 03:47:01.000 UTC,567375433033637313,GODOMALL5
