as_of_date,product_id,product_name,product_image_url,priority_level,priority_sort_score,revenue_change_rate_30d,revenue_30d_compare_state,revenue_30d_compare_note,revenue_reason,role_taxonomy,role_reason,role_evidence_status,brand_score_status,brand_score_reason,revenue_freshness_max_date,role_freshness_max_date,brand_revenue_30d_current,brand_revenue_30d_previous,brand_revenue_30d_delta_rate
2026-04-18,1000000093,매화 2송이 1호,https://godomall.speedycdn.net/a1ce4a197810c4cd52677b215337ca9e/goods/1000000093/image/list/1000000093_list_057.jpg,즉시 확인,1091750000,-0.2866270544347886,available,직전 동일 길이 기간과 비교 가능합니다.,최근 30일 매출이 직전기간 대비 -28.7%,첫구매기여,첫구매기여 기준 score 0.64,available,limited,브랜드 점수 참고용,2026-04-18,2026-04-18,161962180,195510440,-0.17159318960153738
2026-04-18,1000000108,매화 2송이 2호,https://godomall.speedycdn.net/a1ce4a197810c4cd52677b215337ca9e/goods/1000000108/image/list/1000000108_list_020.jpg,정상 유지,-1155460000,0.7621125052720371,available,직전 동일 길이 기간과 비교 가능합니다.,최근 30일 매출이 직전기간 대비 76.2%,재구매확장기여,재구매확장기여 기준 score 0.29,available,limited,브랜드 점수 참고용,2026-04-18,2026-04-18,161962180,195510440,-0.17159318960153738
2026-04-18,1000000064,2색 이티,https://godomall.speedycdn.net/a1ce4a197810c4cd52677b215337ca9e/goods/1000000064/image/list/1000000064_list_053.jpg,정상 유지,49300000,-0.02302906048108327,available,직전 동일 길이 기간과 비교 가능합니다.,최근 30일 매출이 직전기간 대비 -2.3%,첫구매기여,첫구매기여 기준 score 1.00,available,limited,브랜드 점수 참고용,2026-04-18,2026-04-18,161962180,195510440,-0.17159318960153738
2026-04-18,1000000111,매화 3송이 3호,https://godomall.speedycdn.net/a1ce4a197810c4cd52677b215337ca9e/goods/1000000111/image/list/1000000111_list_056.jpg,즉시 확인,887390000,-0.4731863392919246,available,직전 동일 길이 기간과 비교 가능합니다.,최근 30일 매출이 직전기간 대비 -47.3%,첫구매기여,첫구매기여 기준 score 0.32,available,limited,브랜드 점수 참고용,2026-04-18,2026-04-18,161962180,195510440,-0.17159318960153738
2026-04-18,1000000088,백리향 2단 (1호 2호),https://godomall.speedycdn.net/a1ce4a197810c4cd52677b215337ca9e/goods/1000000088/image/list/1000000088_list_033.jpg,정상 유지,-59100000,0.08968810625279809,available,직전 동일 길이 기간과 비교 가능합니다.,최근 30일 매출이 직전기간 대비 9.0%,재구매확장기여,재구매확장기여 기준 score 0.35,available,limited,브랜드 점수 참고용,2026-04-18,2026-04-18,161962180,195510440,-0.17159318960153738
2026-04-18,1000000087,백리향 1단 (1호 2호 3호),https://godomall.speedycdn.net/a1ce4a197810c4cd52677b215337ca9e/goods/1000000087/image/list/1000000087_list_067.jpg,주의 관찰,68100000,-0.11678445229681979,available,직전 동일 길이 기간과 비교 가능합니다.,최근 30일 매출이 직전기간 대비 -11.7%,반복구매기여,반복구매기여 기준 score 0.31,available,limited,브랜드 점수 참고용,2026-04-18,2026-04-18,161962180,195510440,-0.17159318960153738
2026-04-18,1000000110,매화 3송이 2호,https://godomall.speedycdn.net/a1ce4a197810c4cd52677b215337ca9e/goods/1000000110/image/list/1000000110_list_026.jpg,정상 유지,-196610000,0.6593813607394308,available,직전 동일 길이 기간과 비교 가능합니다.,최근 30일 매출이 직전기간 대비 65.9%,재구매확장기여,재구매확장기여 기준 score 0.16,available,limited,브랜드 점수 참고용,2026-04-18,2026-04-18,161962180,195510440,-0.17159318960153738
2026-04-18,1000000113,매화 5송이 3호,https://godomall.speedycdn.net/a1ce4a197810c4cd52677b215337ca9e/goods/1000000113/image/list/1000000113_list_070.jpg,즉시 확인,748880000,-0.614915332486933,available,직전 동일 길이 기간과 비교 가능합니다.,최근 30일 매출이 직전기간 대비 -61.5%,재구매확장기여,재구매확장기여 기준 score 0.21,available,limited,브랜드 점수 참고용,2026-04-18,2026-04-18,161962180,195510440,-0.17159318960153738
2026-04-18,1000000112,매화 5송이 2호,https://godomall.speedycdn.net/a1ce4a197810c4cd52677b215337ca9e/goods/1000000112/image/list/1000000112_list_032.jpg,주의 관찰,61560000,-0.11411929259834071,available,직전 동일 길이 기간과 비교 가능합니다.,최근 30일 매출이 직전기간 대비 -11.4%,반복구매기여,반복구매기여 기준 score 0.17,available,limited,브랜드 점수 참고용,2026-04-18,2026-04-18,161962180,195510440,-0.17159318960153738
2026-04-18,1000000094,매화 3송이 1호,https://godomall.speedycdn.net/a1ce4a197810c4cd52677b215337ca9e/goods/1000000094/image/list/1000000094_list_039.jpg,즉시 확인,828940000,-0.6489208746140369,available,직전 동일 길이 기간과 비교 가능합니다.,최근 30일 매출이 직전기간 대비 -64.9%,재구매확장기여,재구매확장기여 기준 score 0.26,available,limited,브랜드 점수 참고용,2026-04-18,2026-04-18,161962180,195510440,-0.17159318960153738
2026-04-18,1000000085,십리향 2단 (1호 2호 3호),https://godomall.speedycdn.net/a1ce4a197810c4cd52677b215337ca9e/goods/1000000085/image/list/1000000085_list_069.jpg,즉시 확인,142300000,-0.26000933271115256,available,직전 동일 길이 기간과 비교 가능합니다.,최근 30일 매출이 직전기간 대비 -26.0%,재구매확장기여,재구매확장기여 기준 score 0.30,available,limited,브랜드 점수 참고용,2026-04-18,2026-04-18,161962180,195510440,-0.17159318960153738
2026-04-18,1000000091,일리향 2단 (1호 2호 3호),https://godomall.speedycdn.net/a1ce4a197810c4cd52677b215337ca9e/goods/1000000091/image/list/1000000091_list_092.jpg,즉시 확인,162750000,-0.3280624294075367,available,직전 동일 길이 기간과 비교 가능합니다.,최근 30일 매출이 직전기간 대비 -32.8%,재구매확장기여,재구매확장기여 기준 score 0.25,available,limited,브랜드 점수 참고용,2026-04-18,2026-04-18,161962180,195510440,-0.17159318960153738
2026-04-18,1000000089,백리향 3단,https://godomall.speedycdn.net/a1ce4a197810c4cd52677b215337ca9e/goods/1000000089/image/list/1000000089_list_027.jpg,정상 유지,-20000000,0.07177033492822966,available,직전 동일 길이 기간과 비교 가능합니다.,최근 30일 매출이 직전기간 대비 7.2%,재구매확장기여,재구매확장기여 기준 score 0.42,available,limited,브랜드 점수 참고용,2026-04-18,2026-04-18,161962180,195510440,-0.17159318960153738
2026-04-18,1000000063,쑥이티,https://godomall.speedycdn.net/a1ce4a197810c4cd52677b215337ca9e/goods/1000000063/image/list/1000000063_list_055.jpg,정상 유지,-12250000,0.046935883811548,available,직전 동일 길이 기간과 비교 가능합니다.,최근 30일 매출이 직전기간 대비 4.7%,동시구매기여,동시구매기여 기준 score 0.40,available,limited,브랜드 점수 참고용,2026-04-18,2026-04-18,161962180,195510440,-0.17159318960153738
2026-04-18,1000000086,십리향 3단,https://godomall.speedycdn.net/a1ce4a197810c4cd52677b215337ca9e/goods/1000000086/image/list/1000000086_list_048.jpg,정상 유지,-41800000,0.18440327445066781,available,직전 동일 길이 기간과 비교 가능합니다.,최근 30일 매출이 직전기간 대비 18.4%,재구매확장기여,재구매확장기여 기준 score 0.64,available,limited,브랜드 점수 참고용,2026-04-18,2026-04-18,161962180,195510440,-0.17159318960153738
2026-04-18,1000000062,흰이티,https://godomall.speedycdn.net/a1ce4a197810c4cd52677b215337ca9e/goods/1000000062/image/list/1000000062_list_062.jpg,주의 관찰,21700000,-0.08008130081300813,available,직전 동일 길이 기간과 비교 가능합니다.,최근 30일 매출이 직전기간 대비 -8.0%,동시구매기여,동시구매기여 기준 score 0.34,available,limited,브랜드 점수 참고용,2026-04-18,2026-04-18,161962180,195510440,-0.17159318960153738
2026-04-18,1000000090,일리향 1단 (1호 2호 3호),https://godomall.speedycdn.net/a1ce4a197810c4cd52677b215337ca9e/goods/1000000090/image/list/1000000090_list_073.jpg,즉시 확인,96900000,-0.29602774274905425,available,직전 동일 길이 기간과 비교 가능합니다.,최근 30일 매출이 직전기간 대비 -29.6%,동시구매기여,동시구매기여 기준 score 0.11,available,limited,브랜드 점수 참고용,2026-04-18,2026-04-18,161962180,195510440,-0.17159318960153738
2026-04-18,1000000084,십리향 1단 (1호 2호 3호),https://godomall.speedycdn.net/a1ce4a197810c4cd52677b215337ca9e/goods/1000000084/image/list/1000000084_list_028.jpg,즉시 확인,537100000,-0.7063880439095358,available,직전 동일 길이 기간과 비교 가능합니다.,최근 30일 매출이 직전기간 대비 -70.6%,재구매확장기여,재구매확장기여 기준 score 0.14,available,limited,브랜드 점수 참고용,2026-04-18,2026-04-18,161962180,195510440,-0.17159318960153738
2026-04-18,1000000045,완두시루떡,https://godomall.speedycdn.net/a1ce4a197810c4cd52677b215337ca9e/goods/1000000045/image/list/1000000045_list_095.jpg,정상 유지,-69850000,0.4747068676716918,available,직전 동일 길이 기간과 비교 가능합니다.,최근 30일 매출이 직전기간 대비 47.5%,동시구매기여,동시구매기여 기준 score 0.63,available,limited,브랜드 점수 참고용,2026-04-18,2026-04-18,161962180,195510440,-0.17159318960153738
2026-04-18,1000000042,약식,https://godomall.speedycdn.net/a1ce4a197810c4cd52677b215337ca9e/goods/1000000042/image/list/1000000042_list_03.jpg,정상 유지,5950000,-0.02819709484477357,available,직전 동일 길이 기간과 비교 가능합니다.,최근 30일 매출이 직전기간 대비 -2.8%,동시구매기여,동시구매기여 기준 score 0.42,available,limited,브랜드 점수 참고용,2026-04-18,2026-04-18,161962180,195510440,-0.17159318960153738
2026-04-18,1000000127,흑임자이티,https://godomall.speedycdn.net/a1ce4a197810c4cd52677b215337ca9e/goods/1000000127/image/list/1000000127_list_053.jpg,정상 유지,1800000,-0.0047100382690609364,available,직전 동일 길이 기간과 비교 가능합니다.,최근 30일 매출이 직전기간 대비 -0.5%,동시구매기여,동시구매기여 기준 score 0.42,available,limited,브랜드 점수 참고용,2026-04-18,2026-04-18,161962180,195510440,-0.17159318960153738
2026-04-18,1000000044,고구마찰떡,https://godomall.speedycdn.net/a1ce4a197810c4cd52677b215337ca9e/goods/1000000044/image/list/1000000044_list_088.jpg,정상 유지,-43050000,0.49272930648769575,available,직전 동일 길이 기간과 비교 가능합니다.,최근 30일 매출이 직전기간 대비 49.3%,동시구매기여,동시구매기여 기준 score 0.37,available,limited,브랜드 점수 참고용,2026-04-18,2026-04-18,161962180,195510440,-0.17159318960153738
2026-04-18,1000000092,일리향 3단,https://godomall.speedycdn.net/a1ce4a197810c4cd52677b215337ca9e/goods/1000000092/image/list/1000000092_list_029.jpg,즉시 확인,182900000,-0.6100373007799254,available,직전 동일 길이 기간과 비교 가능합니다.,최근 30일 매출이 직전기간 대비 -61.0%,재구매확장기여,재구매확장기여 기준 score 0.21,available,limited,브랜드 점수 참고용,2026-04-18,2026-04-18,161962180,195510440,-0.17159318960153738
2026-04-18,1000000069,설기세트,https://godomall.speedycdn.net/a1ce4a197810c4cd52677b215337ca9e/goods/1000000069/image/list/1000000069_list_033.jpg,정상 유지,-69724000,2.6336486184553514,available,직전 동일 길이 기간과 비교 가능합니다.,최근 30일 매출이 직전기간 대비 263.4%,동시구매기여,동시구매기여 기준 score 0.19,available,limited,브랜드 점수 참고용,2026-04-18,2026-04-18,161962180,195510440,-0.17159318960153738
2026-04-18,1000000028,마스코바도 딸기설기,https://godomall.speedycdn.net/a1ce4a197810c4cd52677b215337ca9e/goods/1000000028/image/list/1000000028_list_04.jpg,정상 유지,-81800000,0,available,직전 동일 길이 기간과 비교 가능합니다.,최근 30일 매출이 직전기간 대비 0.0%,반복구매기여,반복구매기여 기준 score 0.15,available,limited,브랜드 점수 참고용,2026-04-18,2026-04-18,161962180,195510440,-0.17159318960153738
2026-04-18,1000000066,쑥인절미,https://godomall.speedycdn.net/a1ce4a197810c4cd52677b215337ca9e/goods/1000000066/image/list/1000000066_list_042.jpg,정상 유지,-10200000,0.15719298245614036,available,직전 동일 길이 기간과 비교 가능합니다.,최근 30일 매출이 직전기간 대비 15.7%,반복구매기여,반복구매기여 기준 score 0.30,available,limited,브랜드 점수 참고용,2026-04-18,2026-04-18,161962180,195510440,-0.17159318960153738
2026-04-18,1000000043,모듬영양찰떡,https://godomall.speedycdn.net/a1ce4a197810c4cd52677b215337ca9e/goods/1000000043/image/list/1000000043_list_012.jpg,즉시 확인,38100000,-0.34110787172011664,available,직전 동일 길이 기간과 비교 가능합니다.,최근 30일 매출이 직전기간 대비 -34.1%,동시구매기여,동시구매기여 기준 score 0.49,available,limited,브랜드 점수 참고용,2026-04-18,2026-04-18,161962180,195510440,-0.17159318960153738
2026-04-18,1000000083,백설기,https://godomall.speedycdn.net/a1ce4a197810c4cd52677b215337ca9e/goods/1000000083/image/list/1000000083_list_054.jpg,정상 유지,-50200000,5.688888888888889,available,직전 동일 길이 기간과 비교 가능합니다.,최근 30일 매출이 직전기간 대비 568.9%,반복구매기여,반복구매기여 기준 score 0.32,available,limited,브랜드 점수 참고용,2026-04-18,2026-04-18,161962180,195510440,-0.17159318960153738
2026-04-18,1000000156,기원상,https://godomall.speedycdn.net/a1ce4a197810c4cd52677b215337ca9e/goods/1000000156/image/list/1000000156_list_085.jpg,주의 관찰,10700000,-0.15789473684210525,available,직전 동일 길이 기간과 비교 가능합니다.,최근 30일 매출이 직전기간 대비 -15.8%,재구매확장기여,재구매확장기여 기준 score 0.19,available,limited,브랜드 점수 참고용,2026-04-18,2026-04-18,161962180,195510440,-0.17159318960153738
2026-04-18,1000000071,마스코바도 호박설기,https://godomall.speedycdn.net/a1ce4a197810c4cd52677b215337ca9e/goods/1000000071/image/list/1000000071_list_020.jpg,정상 유지,-10100000,1.11,available,직전 동일 길이 기간과 비교 가능합니다.,최근 30일 매출이 직전기간 대비 111.0%,반복구매기여,반복구매기여 기준 score 0.30,available,limited,브랜드 점수 참고용,2026-04-18,2026-04-18,161962180,195510440,-0.17159318960153738
2026-04-18,1000000070,마스코바도 쑥설기,https://godomall.speedycdn.net/a1ce4a197810c4cd52677b215337ca9e/goods/1000000070/image/list/1000000070_list_027.jpg,정상 유지,-3100000,0.3416666666666667,available,직전 동일 길이 기간과 비교 가능합니다.,최근 30일 매출이 직전기간 대비 34.2%,반복구매기여,반복구매기여 기준 score 0.13,available,limited,브랜드 점수 참고용,2026-04-18,2026-04-18,161962180,195510440,-0.17159318960153738
2026-04-18,1000000154,화연상,https://godomall.speedycdn.net/a1ce4a197810c4cd52677b215337ca9e/goods/1000000154/image/list/1000000154_list_031.jpg,정상 유지,-7340000,1.5,available,직전 동일 길이 기간과 비교 가능합니다.,최근 30일 매출이 직전기간 대비 150.0%,재구매확장기여,재구매확장기여 기준 score 0.12,available,limited,브랜드 점수 참고용,2026-04-18,2026-04-18,161962180,195510440,-0.17159318960153738
2026-04-18,1000000128,흑임자인절미,https://godomall.speedycdn.net/a1ce4a197810c4cd52677b215337ca9e/goods/1000000128/image/list/1000000128_list_033.jpg,즉시 확인,18600000,-0.5333333333333333,available,직전 동일 길이 기간과 비교 가능합니다.,최근 30일 매출이 직전기간 대비 -53.3%,재구매확장기여,재구매확장기여 기준 score 0.13,available,limited,브랜드 점수 참고용,2026-04-18,2026-04-18,161962180,195510440,-0.17159318960153738
2026-04-18,1000000143,"경기참기름, 경기들기름",https://godomall.speedycdn.net/a1ce4a197810c4cd52677b215337ca9e/goods/1000000143/image/list/1000000143_list_079.jpg,정상 유지,-4000000,0.6329113924050633,available,직전 동일 길이 기간과 비교 가능합니다.,최근 30일 매출이 직전기간 대비 63.3%,반복구매기여,반복구매기여 기준 score 0.12,available,limited,브랜드 점수 참고용,2026-04-18,2026-04-18,161962180,195510440,-0.17159318960153738
2026-04-18,1000000033,가래떡,https://godomall.speedycdn.net/a1ce4a197810c4cd52677b215337ca9e/goods/1000000033/image/list/1000000033_list_090.jpg,즉시 확인,9100000,-0.3388888888888889,available,직전 동일 길이 기간과 비교 가능합니다.,최근 30일 매출이 직전기간 대비 -33.9%,재구매확장기여,재구매확장기여 기준 score 0.14,available,limited,브랜드 점수 참고용,2026-04-18,2026-04-18,161962180,195510440,-0.17159318960153738
2026-04-18,1000000142,경기 미숫가루,https://godomall.speedycdn.net/a1ce4a197810c4cd52677b215337ca9e/goods/1000000142/image/list/1000000142_list_011.jpg,즉시 확인,9100000,-0.3630952380952381,available,직전 동일 길이 기간과 비교 가능합니다.,최근 30일 매출이 직전기간 대비 -36.3%,재구매확장기여,재구매확장기여 기준 score 0.14,available,limited,브랜드 점수 참고용,2026-04-18,2026-04-18,161962180,195510440,-0.17159318960153738
2026-04-18,1000000065,흰인절미,https://godomall.speedycdn.net/a1ce4a197810c4cd52677b215337ca9e/goods/1000000065/image/list/1000000065_list_019.jpg,정상 유지,-1000000,0.25,available,직전 동일 길이 기간과 비교 가능합니다.,최근 30일 매출이 직전기간 대비 25.0%,반복구매기여,반복구매기여 기준 score 0.42,available,limited,브랜드 점수 참고용,2026-04-18,2026-04-18,161962180,195510440,-0.17159318960153738
2026-04-18,1000000121,깨송편 1kg,https://godomall.speedycdn.net/a1ce4a197810c4cd52677b215337ca9e/goods/1000000121/image/list/1000000121_list_089.jpg,즉시 확인,7050000,-0.2956204379562044,available,직전 동일 길이 기간과 비교 가능합니다.,최근 30일 매출이 직전기간 대비 -29.6%,반복구매기여,반복구매기여 기준 score 0.22,available,limited,브랜드 점수 참고용,2026-04-18,2026-04-18,161962180,195510440,-0.17159318960153738
2026-04-18,1000000153,유밀상,https://godomall.speedycdn.net/a1ce4a197810c4cd52677b215337ca9e/goods/1000000153/image/list/1000000153_list_092.jpg,즉시 확인,23020000,-0.7,available,직전 동일 길이 기간과 비교 가능합니다.,최근 30일 매출이 직전기간 대비 -70.0%,재구매확장기여,재구매확장기여 기준 score 0.12,available,limited,브랜드 점수 참고용,2026-04-18,2026-04-18,161962180,195510440,-0.17159318960153738
2026-04-18,1000000027,마스코바도 설기,https://godomall.speedycdn.net/a1ce4a197810c4cd52677b215337ca9e/goods/1000000027/image/list/1000000027_list_012.jpg,정상 유지,200000,0.13333333333333333,available,직전 동일 길이 기간과 비교 가능합니다.,최근 30일 매출이 직전기간 대비 13.3%,반복구매기여,반복구매기여 기준 score 0.12,available,limited,브랜드 점수 참고용,2026-04-18,2026-04-18,161962180,195510440,-0.17159318960153738
2026-04-18,1000000074,경기 콩약과(10ea),https://godomall.speedycdn.net/a1ce4a197810c4cd52677b215337ca9e/goods/1000000074/image/list/1000000074_list_06.jpg,정상 유지,-4200000,0,available,직전 동일 길이 기간과 비교 가능합니다.,최근 30일 매출이 직전기간 대비 0.0%,동시구매기여,동시구매기여 기준 score 0.01,available,unavailable,브랜드 점수 산출 없음,2026-04-18,2026-04-18,161962180,195510440,-0.17159318960153738
2026-04-18,1000000035,떡국떡 500g,https://godomall.speedycdn.net/a1ce4a197810c4cd52677b215337ca9e/goods/1000000035/image/list/1000000035_list_093.jpg,즉시 확인,4700000,-0.4722222222222222,available,직전 동일 길이 기간과 비교 가능합니다.,최근 30일 매출이 직전기간 대비 -47.2%,재구매확장기여,재구매확장기여 기준 score 0.20,available,limited,브랜드 점수 참고용,2026-04-18,2026-04-18,161962180,195510440,-0.17159318960153738
2026-04-18,1000000155,만복상,https://godomall.speedycdn.net/a1ce4a197810c4cd52677b215337ca9e/goods/1000000155/image/list/1000000155_list_016.jpg,정상 유지,1000000,0,available,직전 동일 길이 기간과 비교 가능합니다.,최근 30일 매출이 직전기간 대비 0.0%,관측 없음,역할 근거 없음,unavailable,unavailable,브랜드 점수 상태 없음,2026-04-18,2026-04-18,161962180,195510440,-0.17159318960153738
2026-04-18,1000000161,십리향 3단,https://godomall.speedycdn.net/a1ce4a197810c4cd52677b215337ca9e/goods/1000000161/image/list/1000000086_list_048.jpg,정상 유지,1000000,0,available,직전 동일 길이 기간과 비교 가능합니다.,최근 30일 매출이 직전기간 대비 0.0%,관측 없음,역할 근거 없음,unavailable,unavailable,브랜드 점수 상태 없음,2026-04-18,2026-04-18,161962180,195510440,-0.17159318960153738
2026-04-18,1000000072,마스코바도 흑임자설기,https://godomall.speedycdn.net/a1ce4a197810c4cd52677b215337ca9e/goods/1000000072/image/list/1000000072_list_015.jpg,즉시 확인,5000000,-1,available,직전 동일 길이 기간과 비교 가능합니다.,최근 30일 매출이 직전기간 대비 -100.0%,관측 없음,역할 근거 없음,unavailable,unavailable,브랜드 점수 상태 없음,2026-04-18,2026-04-18,161962180,195510440,-0.17159318960153738
2026-04-18,1000000144,경기 미숫가루 쫀드기,https://godomall.speedycdn.net/a1ce4a197810c4cd52677b215337ca9e/goods/1000000144/image/list/1000000144_list_070.jpg,즉시 확인,20100000,-1,available,직전 동일 길이 기간과 비교 가능합니다.,최근 30일 매출이 직전기간 대비 -100.0%,관측 없음,역할 근거 없음,unavailable,unavailable,브랜드 점수 상태 없음,2026-04-18,2026-04-18,161962180,195510440,-0.17159318960153738
2026-04-18,1000000041,콩영양찰떡,https://godomall.speedycdn.net/a1ce4a197810c4cd52677b215337ca9e/goods/1000000041/image/list/1000000041_list_042.jpg,정상 유지,1000000,0,available,직전 동일 길이 기간과 비교 가능합니다.,최근 30일 매출이 직전기간 대비 0.0%,관측 없음,역할 근거 없음,unavailable,unavailable,브랜드 점수 상태 없음,2026-04-18,2026-04-18,161962180,195510440,-0.17159318960153738
2026-04-18,1000000152,첫맛상,https://godomall.speedycdn.net/a1ce4a197810c4cd52677b215337ca9e/goods/1000000152/image/list/1000000152_list_099.jpg,정상 유지,1000000,0,available,직전 동일 길이 기간과 비교 가능합니다.,최근 30일 매출이 직전기간 대비 0.0%,관측 없음,역할 근거 없음,unavailable,unavailable,브랜드 점수 상태 없음,2026-04-18,2026-04-18,161962180,195510440,-0.17159318960153738
2026-04-18,1000000120,깨송편 4kg,https://godomall.speedycdn.net/a1ce4a197810c4cd52677b215337ca9e/goods/1000000120/image/list/1000000120_list_068.jpg,정상 유지,1000000,0,available,직전 동일 길이 기간과 비교 가능합니다.,최근 30일 매출이 직전기간 대비 0.0%,관측 없음,역할 근거 없음,unavailable,unavailable,브랜드 점수 상태 없음,2026-04-18,2026-04-18,161962180,195510440,-0.17159318960153738
2026-04-18,1000000164,백리향 3단,https://godomall.speedycdn.net/a1ce4a197810c4cd52677b215337ca9e/goods/1000000164/image/list/1000000089_list_027.jpg,정상 유지,1000000,0,available,직전 동일 길이 기간과 비교 가능합니다.,최근 30일 매출이 직전기간 대비 0.0%,관측 없음,역할 근거 없음,unavailable,unavailable,브랜드 점수 상태 없음,2026-04-18,2026-04-18,161962180,195510440,-0.17159318960153738
2026-04-18,1000000169,기원상,https://godomall.speedycdn.net/a1ce4a197810c4cd52677b215337ca9e/goods/1000000169/image/list/1000000169_list_079.jpg,정상 유지,1000000,0,available,직전 동일 길이 기간과 비교 가능합니다.,최근 30일 매출이 직전기간 대비 0.0%,관측 없음,역할 근거 없음,unavailable,unavailable,브랜드 점수 상태 없음,2026-04-18,2026-04-18,161962180,195510440,-0.17159318960153738
2026-04-18,1000000095,매화 5송이 1호,https://godomall.speedycdn.net/a1ce4a197810c4cd52677b215337ca9e/goods/1000000095/image/list/1000000095_list_06.jpg,즉시 확인,15720000,-1,available,직전 동일 길이 기간과 비교 가능합니다.,최근 30일 매출이 직전기간 대비 -100.0%,관측 없음,역할 근거 없음,unavailable,unavailable,브랜드 점수 상태 없음,2026-04-18,2026-04-18,161962180,195510440,-0.17159318960153738
2026-04-18,1000000162,백리향 1단,https://godomall.speedycdn.net/a1ce4a197810c4cd52677b215337ca9e/goods/1000000162/image/list/1000000087_list_067.jpg,즉시 확인,9100000,-1,available,직전 동일 길이 기간과 비교 가능합니다.,최근 30일 매출이 직전기간 대비 -100.0%,관측 없음,역할 근거 없음,unavailable,unavailable,브랜드 점수 상태 없음,2026-04-18,2026-04-18,161962180,195510440,-0.17159318960153738
2026-04-18,1000000165,첫맛상,https://godomall.speedycdn.net/a1ce4a197810c4cd52677b215337ca9e/goods/1000000165/image/list/1000000152_list_099.jpg,정상 유지,1000000,0,available,직전 동일 길이 기간과 비교 가능합니다.,최근 30일 매출이 직전기간 대비 0.0%,관측 없음,역할 근거 없음,unavailable,unavailable,브랜드 점수 상태 없음,2026-04-18,2026-04-18,161962180,195510440,-0.17159318960153738
2026-04-18,1000000167,화연상,https://godomall.speedycdn.net/a1ce4a197810c4cd52677b215337ca9e/goods/1000000167/image/list/1000000154_list_031.jpg,정상 유지,1000000,0,available,직전 동일 길이 기간과 비교 가능합니다.,최근 30일 매출이 직전기간 대비 0.0%,관측 없음,역할 근거 없음,unavailable,unavailable,브랜드 점수 상태 없음,2026-04-18,2026-04-18,161962180,195510440,-0.17159318960153738
2026-04-18,1000000166,유밀상,https://godomall.speedycdn.net/a1ce4a197810c4cd52677b215337ca9e/goods/1000000166/image/list/1000000153_list_092.jpg,정상 유지,1000000,0,available,직전 동일 길이 기간과 비교 가능합니다.,최근 30일 매출이 직전기간 대비 0.0%,관측 없음,역할 근거 없음,unavailable,unavailable,브랜드 점수 상태 없음,2026-04-18,2026-04-18,161962180,195510440,-0.17159318960153738
2026-04-18,1000000175,설 십리향 1단,https://godomall.speedycdn.net/a1ce4a197810c4cd52677b215337ca9e/goods/1000000175/image/list/1000000175_list_064.jpg,즉시 확인,8800000,-1,available,직전 동일 길이 기간과 비교 가능합니다.,최근 30일 매출이 직전기간 대비 -100.0%,관측 없음,역할 근거 없음,unavailable,unavailable,브랜드 점수 상태 없음,2026-04-18,2026-04-18,161962180,195510440,-0.17159318960153738
2026-04-18,1000000176,설 십리향 2단,https://godomall.speedycdn.net/a1ce4a197810c4cd52677b215337ca9e/goods/1000000176/image/list/1000000176_list_096.jpg,즉시 확인,9200000,-1,available,직전 동일 길이 기간과 비교 가능합니다.,최근 30일 매출이 직전기간 대비 -100.0%,관측 없음,역할 근거 없음,unavailable,unavailable,브랜드 점수 상태 없음,2026-04-18,2026-04-18,161962180,195510440,-0.17159318960153738
2026-04-18,1000000177,설 백리향 1단,https://godomall.speedycdn.net/a1ce4a197810c4cd52677b215337ca9e/goods/1000000177/image/list/1000000177_list_062.jpg,즉시 확인,61600000,-1,available,직전 동일 길이 기간과 비교 가능합니다.,최근 30일 매출이 직전기간 대비 -100.0%,관측 없음,역할 근거 없음,unavailable,unavailable,브랜드 점수 상태 없음,2026-04-18,2026-04-18,161962180,195510440,-0.17159318960153738
2026-04-18,1000000178,설 백리향 2단,https://godomall.speedycdn.net/a1ce4a197810c4cd52677b215337ca9e/goods/1000000178/image/list/1000000178_list_054.jpg,정상 유지,1000000,0,available,직전 동일 길이 기간과 비교 가능합니다.,최근 30일 매출이 직전기간 대비 0.0%,관측 없음,역할 근거 없음,unavailable,unavailable,브랜드 점수 상태 없음,2026-04-18,2026-04-18,161962180,195510440,-0.17159318960153738
2026-04-18,1000000179,설 백리향 3단,https://godomall.speedycdn.net/a1ce4a197810c4cd52677b215337ca9e/goods/1000000179/image/list/1000000179_list_07.jpg,정상 유지,1000000,0,available,직전 동일 길이 기간과 비교 가능합니다.,최근 30일 매출이 직전기간 대비 0.0%,관측 없음,역할 근거 없음,unavailable,unavailable,브랜드 점수 상태 없음,2026-04-18,2026-04-18,161962180,195510440,-0.17159318960153738
2026-04-18,1000000075,2색절편 4kg,https://godomall.speedycdn.net/a1ce4a197810c4cd52677b215337ca9e/goods/1000000075/image/list/1000000075_list_092.jpg,즉시 확인,11400000,-1,available,직전 동일 길이 기간과 비교 가능합니다.,최근 30일 매출이 직전기간 대비 -100.0%,관측 없음,역할 근거 없음,unavailable,unavailable,브랜드 점수 상태 없음,2026-04-18,2026-04-18,161962180,195510440,-0.17159318960153738
