as_of_date,window_key,window_days,period_label,product_id,product_name,product_image_url,revenue_segment,role_taxonomy,priority_level,brand_score_status
2026-04-18,1d,1,하루 기준,1000000093,매화 2송이 1호,https://godomall.speedycdn.net/a1ce4a197810c4cd52677b215337ca9e/goods/1000000093/image/list/1000000093_list_057.jpg,증가,첫구매기여,정상 유지,limited
2026-04-18,7d,7,최근 7일,1000000093,매화 2송이 1호,https://godomall.speedycdn.net/a1ce4a197810c4cd52677b215337ca9e/goods/1000000093/image/list/1000000093_list_057.jpg,감소,첫구매기여,즉시 확인,limited
2026-04-18,30d,30,최근 30일,1000000093,매화 2송이 1호,https://godomall.speedycdn.net/a1ce4a197810c4cd52677b215337ca9e/goods/1000000093/image/list/1000000093_list_057.jpg,감소,첫구매기여,즉시 확인,limited
2026-04-18,1d,1,하루 기준,1000000108,매화 2송이 2호,https://godomall.speedycdn.net/a1ce4a197810c4cd52677b215337ca9e/goods/1000000108/image/list/1000000108_list_020.jpg,유지,재구매확장기여,정상 유지,limited
2026-04-18,7d,7,최근 7일,1000000108,매화 2송이 2호,https://godomall.speedycdn.net/a1ce4a197810c4cd52677b215337ca9e/goods/1000000108/image/list/1000000108_list_020.jpg,감소,재구매확장기여,즉시 확인,limited
2026-04-18,30d,30,최근 30일,1000000108,매화 2송이 2호,https://godomall.speedycdn.net/a1ce4a197810c4cd52677b215337ca9e/goods/1000000108/image/list/1000000108_list_020.jpg,증가,재구매확장기여,정상 유지,limited
2026-04-18,1d,1,하루 기준,1000000064,2색 이티,https://godomall.speedycdn.net/a1ce4a197810c4cd52677b215337ca9e/goods/1000000064/image/list/1000000064_list_053.jpg,감소,첫구매기여,즉시 확인,limited
2026-04-18,7d,7,최근 7일,1000000064,2색 이티,https://godomall.speedycdn.net/a1ce4a197810c4cd52677b215337ca9e/goods/1000000064/image/list/1000000064_list_053.jpg,감소,첫구매기여,주의 관찰,limited
2026-04-18,30d,30,최근 30일,1000000064,2색 이티,https://godomall.speedycdn.net/a1ce4a197810c4cd52677b215337ca9e/goods/1000000064/image/list/1000000064_list_053.jpg,유지,첫구매기여,정상 유지,limited
2026-04-18,1d,1,하루 기준,1000000111,매화 3송이 3호,https://godomall.speedycdn.net/a1ce4a197810c4cd52677b215337ca9e/goods/1000000111/image/list/1000000111_list_056.jpg,유지,첫구매기여,정상 유지,limited
2026-04-18,7d,7,최근 7일,1000000111,매화 3송이 3호,https://godomall.speedycdn.net/a1ce4a197810c4cd52677b215337ca9e/goods/1000000111/image/list/1000000111_list_056.jpg,감소,첫구매기여,즉시 확인,limited
2026-04-18,30d,30,최근 30일,1000000111,매화 3송이 3호,https://godomall.speedycdn.net/a1ce4a197810c4cd52677b215337ca9e/goods/1000000111/image/list/1000000111_list_056.jpg,감소,첫구매기여,즉시 확인,limited
2026-04-18,1d,1,하루 기준,1000000088,백리향 2단 (1호 2호),https://godomall.speedycdn.net/a1ce4a197810c4cd52677b215337ca9e/goods/1000000088/image/list/1000000088_list_033.jpg,감소,재구매확장기여,즉시 확인,limited
2026-04-18,7d,7,최근 7일,1000000088,백리향 2단 (1호 2호),https://godomall.speedycdn.net/a1ce4a197810c4cd52677b215337ca9e/goods/1000000088/image/list/1000000088_list_033.jpg,감소,재구매확장기여,즉시 확인,limited
2026-04-18,30d,30,최근 30일,1000000088,백리향 2단 (1호 2호),https://godomall.speedycdn.net/a1ce4a197810c4cd52677b215337ca9e/goods/1000000088/image/list/1000000088_list_033.jpg,증가,재구매확장기여,정상 유지,limited
2026-04-18,1d,1,하루 기준,1000000087,백리향 1단 (1호 2호 3호),https://godomall.speedycdn.net/a1ce4a197810c4cd52677b215337ca9e/goods/1000000087/image/list/1000000087_list_067.jpg,증가,반복구매기여,정상 유지,limited
2026-04-18,7d,7,최근 7일,1000000087,백리향 1단 (1호 2호 3호),https://godomall.speedycdn.net/a1ce4a197810c4cd52677b215337ca9e/goods/1000000087/image/list/1000000087_list_067.jpg,감소,반복구매기여,즉시 확인,limited
2026-04-18,30d,30,최근 30일,1000000087,백리향 1단 (1호 2호 3호),https://godomall.speedycdn.net/a1ce4a197810c4cd52677b215337ca9e/goods/1000000087/image/list/1000000087_list_067.jpg,감소,반복구매기여,주의 관찰,limited
2026-04-18,1d,1,하루 기준,1000000110,매화 3송이 2호,https://godomall.speedycdn.net/a1ce4a197810c4cd52677b215337ca9e/goods/1000000110/image/list/1000000110_list_026.jpg,유지,재구매확장기여,정상 유지,limited
2026-04-18,7d,7,최근 7일,1000000110,매화 3송이 2호,https://godomall.speedycdn.net/a1ce4a197810c4cd52677b215337ca9e/goods/1000000110/image/list/1000000110_list_026.jpg,감소,재구매확장기여,즉시 확인,limited
2026-04-18,30d,30,최근 30일,1000000110,매화 3송이 2호,https://godomall.speedycdn.net/a1ce4a197810c4cd52677b215337ca9e/goods/1000000110/image/list/1000000110_list_026.jpg,증가,재구매확장기여,정상 유지,limited
2026-04-18,1d,1,하루 기준,1000000113,매화 5송이 3호,https://godomall.speedycdn.net/a1ce4a197810c4cd52677b215337ca9e/goods/1000000113/image/list/1000000113_list_070.jpg,감소,재구매확장기여,즉시 확인,limited
2026-04-18,7d,7,최근 7일,1000000113,매화 5송이 3호,https://godomall.speedycdn.net/a1ce4a197810c4cd52677b215337ca9e/goods/1000000113/image/list/1000000113_list_070.jpg,증가,재구매확장기여,정상 유지,limited
2026-04-18,30d,30,최근 30일,1000000113,매화 5송이 3호,https://godomall.speedycdn.net/a1ce4a197810c4cd52677b215337ca9e/goods/1000000113/image/list/1000000113_list_070.jpg,감소,재구매확장기여,즉시 확인,limited
2026-04-18,1d,1,하루 기준,1000000112,매화 5송이 2호,https://godomall.speedycdn.net/a1ce4a197810c4cd52677b215337ca9e/goods/1000000112/image/list/1000000112_list_032.jpg,증가,반복구매기여,정상 유지,limited
2026-04-18,7d,7,최근 7일,1000000112,매화 5송이 2호,https://godomall.speedycdn.net/a1ce4a197810c4cd52677b215337ca9e/goods/1000000112/image/list/1000000112_list_032.jpg,증가,재구매확장기여,정상 유지,limited
2026-04-18,30d,30,최근 30일,1000000112,매화 5송이 2호,https://godomall.speedycdn.net/a1ce4a197810c4cd52677b215337ca9e/goods/1000000112/image/list/1000000112_list_032.jpg,감소,반복구매기여,주의 관찰,limited
2026-04-18,1d,1,하루 기준,1000000094,매화 3송이 1호,https://godomall.speedycdn.net/a1ce4a197810c4cd52677b215337ca9e/goods/1000000094/image/list/1000000094_list_039.jpg,감소,재구매확장기여,즉시 확인,limited
2026-04-18,7d,7,최근 7일,1000000094,매화 3송이 1호,https://godomall.speedycdn.net/a1ce4a197810c4cd52677b215337ca9e/goods/1000000094/image/list/1000000094_list_039.jpg,증가,재구매확장기여,정상 유지,limited
2026-04-18,30d,30,최근 30일,1000000094,매화 3송이 1호,https://godomall.speedycdn.net/a1ce4a197810c4cd52677b215337ca9e/goods/1000000094/image/list/1000000094_list_039.jpg,감소,재구매확장기여,즉시 확인,limited
2026-04-18,1d,1,하루 기준,1000000085,십리향 2단 (1호 2호 3호),https://godomall.speedycdn.net/a1ce4a197810c4cd52677b215337ca9e/goods/1000000085/image/list/1000000085_list_069.jpg,감소,재구매확장기여,즉시 확인,limited
2026-04-18,7d,7,최근 7일,1000000085,십리향 2단 (1호 2호 3호),https://godomall.speedycdn.net/a1ce4a197810c4cd52677b215337ca9e/goods/1000000085/image/list/1000000085_list_069.jpg,감소,재구매확장기여,즉시 확인,limited
2026-04-18,30d,30,최근 30일,1000000085,십리향 2단 (1호 2호 3호),https://godomall.speedycdn.net/a1ce4a197810c4cd52677b215337ca9e/goods/1000000085/image/list/1000000085_list_069.jpg,감소,재구매확장기여,즉시 확인,limited
2026-04-18,1d,1,하루 기준,1000000091,일리향 2단 (1호 2호 3호),https://godomall.speedycdn.net/a1ce4a197810c4cd52677b215337ca9e/goods/1000000091/image/list/1000000091_list_092.jpg,유지,재구매확장기여,정상 유지,limited
2026-04-18,7d,7,최근 7일,1000000091,일리향 2단 (1호 2호 3호),https://godomall.speedycdn.net/a1ce4a197810c4cd52677b215337ca9e/goods/1000000091/image/list/1000000091_list_092.jpg,증가,재구매확장기여,정상 유지,limited
2026-04-18,30d,30,최근 30일,1000000091,일리향 2단 (1호 2호 3호),https://godomall.speedycdn.net/a1ce4a197810c4cd52677b215337ca9e/goods/1000000091/image/list/1000000091_list_092.jpg,감소,재구매확장기여,즉시 확인,limited
2026-04-18,1d,1,하루 기준,1000000089,백리향 3단,https://godomall.speedycdn.net/a1ce4a197810c4cd52677b215337ca9e/goods/1000000089/image/list/1000000089_list_027.jpg,유지,재구매확장기여,정상 유지,limited
2026-04-18,7d,7,최근 7일,1000000089,백리향 3단,https://godomall.speedycdn.net/a1ce4a197810c4cd52677b215337ca9e/goods/1000000089/image/list/1000000089_list_027.jpg,유지,재구매확장기여,정상 유지,limited
2026-04-18,30d,30,최근 30일,1000000089,백리향 3단,https://godomall.speedycdn.net/a1ce4a197810c4cd52677b215337ca9e/goods/1000000089/image/list/1000000089_list_027.jpg,증가,재구매확장기여,정상 유지,limited
2026-04-18,1d,1,하루 기준,1000000063,쑥이티,https://godomall.speedycdn.net/a1ce4a197810c4cd52677b215337ca9e/goods/1000000063/image/list/1000000063_list_055.jpg,감소,동시구매기여,즉시 확인,limited
2026-04-18,7d,7,최근 7일,1000000063,쑥이티,https://godomall.speedycdn.net/a1ce4a197810c4cd52677b215337ca9e/goods/1000000063/image/list/1000000063_list_055.jpg,감소,동시구매기여,즉시 확인,limited
2026-04-18,30d,30,최근 30일,1000000063,쑥이티,https://godomall.speedycdn.net/a1ce4a197810c4cd52677b215337ca9e/goods/1000000063/image/list/1000000063_list_055.jpg,유지,동시구매기여,정상 유지,limited
2026-04-18,1d,1,하루 기준,1000000086,십리향 3단,https://godomall.speedycdn.net/a1ce4a197810c4cd52677b215337ca9e/goods/1000000086/image/list/1000000086_list_048.jpg,유지,재구매확장기여,정상 유지,limited
2026-04-18,7d,7,최근 7일,1000000086,십리향 3단,https://godomall.speedycdn.net/a1ce4a197810c4cd52677b215337ca9e/goods/1000000086/image/list/1000000086_list_048.jpg,감소,재구매확장기여,즉시 확인,limited
2026-04-18,30d,30,최근 30일,1000000086,십리향 3단,https://godomall.speedycdn.net/a1ce4a197810c4cd52677b215337ca9e/goods/1000000086/image/list/1000000086_list_048.jpg,증가,재구매확장기여,정상 유지,limited
2026-04-18,1d,1,하루 기준,1000000062,흰이티,https://godomall.speedycdn.net/a1ce4a197810c4cd52677b215337ca9e/goods/1000000062/image/list/1000000062_list_062.jpg,증가,동시구매기여,정상 유지,limited
2026-04-18,7d,7,최근 7일,1000000062,흰이티,https://godomall.speedycdn.net/a1ce4a197810c4cd52677b215337ca9e/goods/1000000062/image/list/1000000062_list_062.jpg,증가,동시구매기여,정상 유지,limited
2026-04-18,30d,30,최근 30일,1000000062,흰이티,https://godomall.speedycdn.net/a1ce4a197810c4cd52677b215337ca9e/goods/1000000062/image/list/1000000062_list_062.jpg,감소,동시구매기여,주의 관찰,limited
2026-04-18,1d,1,하루 기준,1000000090,일리향 1단 (1호 2호 3호),https://godomall.speedycdn.net/a1ce4a197810c4cd52677b215337ca9e/goods/1000000090/image/list/1000000090_list_073.jpg,유지,동시구매기여,정상 유지,limited
2026-04-18,7d,7,최근 7일,1000000090,일리향 1단 (1호 2호 3호),https://godomall.speedycdn.net/a1ce4a197810c4cd52677b215337ca9e/goods/1000000090/image/list/1000000090_list_073.jpg,감소,재구매확장기여,즉시 확인,limited
2026-04-18,30d,30,최근 30일,1000000090,일리향 1단 (1호 2호 3호),https://godomall.speedycdn.net/a1ce4a197810c4cd52677b215337ca9e/goods/1000000090/image/list/1000000090_list_073.jpg,감소,동시구매기여,즉시 확인,limited
2026-04-18,1d,1,하루 기준,1000000084,십리향 1단 (1호 2호 3호),https://godomall.speedycdn.net/a1ce4a197810c4cd52677b215337ca9e/goods/1000000084/image/list/1000000084_list_028.jpg,유지,재구매확장기여,정상 유지,limited
2026-04-18,7d,7,최근 7일,1000000084,십리향 1단 (1호 2호 3호),https://godomall.speedycdn.net/a1ce4a197810c4cd52677b215337ca9e/goods/1000000084/image/list/1000000084_list_028.jpg,증가,재구매확장기여,정상 유지,limited
2026-04-18,30d,30,최근 30일,1000000084,십리향 1단 (1호 2호 3호),https://godomall.speedycdn.net/a1ce4a197810c4cd52677b215337ca9e/goods/1000000084/image/list/1000000084_list_028.jpg,감소,재구매확장기여,즉시 확인,limited
2026-04-18,1d,1,하루 기준,1000000045,완두시루떡,https://godomall.speedycdn.net/a1ce4a197810c4cd52677b215337ca9e/goods/1000000045/image/list/1000000045_list_095.jpg,감소,동시구매기여,즉시 확인,limited
2026-04-18,7d,7,최근 7일,1000000045,완두시루떡,https://godomall.speedycdn.net/a1ce4a197810c4cd52677b215337ca9e/goods/1000000045/image/list/1000000045_list_095.jpg,증가,동시구매기여,정상 유지,limited
2026-04-18,30d,30,최근 30일,1000000045,완두시루떡,https://godomall.speedycdn.net/a1ce4a197810c4cd52677b215337ca9e/goods/1000000045/image/list/1000000045_list_095.jpg,증가,동시구매기여,정상 유지,limited
2026-04-18,1d,1,하루 기준,1000000042,약식,https://godomall.speedycdn.net/a1ce4a197810c4cd52677b215337ca9e/goods/1000000042/image/list/1000000042_list_03.jpg,유지,동시구매기여,정상 유지,limited
2026-04-18,7d,7,최근 7일,1000000042,약식,https://godomall.speedycdn.net/a1ce4a197810c4cd52677b215337ca9e/goods/1000000042/image/list/1000000042_list_03.jpg,증가,동시구매기여,정상 유지,limited
2026-04-18,30d,30,최근 30일,1000000042,약식,https://godomall.speedycdn.net/a1ce4a197810c4cd52677b215337ca9e/goods/1000000042/image/list/1000000042_list_03.jpg,유지,동시구매기여,정상 유지,limited
2026-04-18,1d,1,하루 기준,1000000127,흑임자이티,https://godomall.speedycdn.net/a1ce4a197810c4cd52677b215337ca9e/goods/1000000127/image/list/1000000127_list_053.jpg,유지,동시구매기여,정상 유지,limited
2026-04-18,7d,7,최근 7일,1000000127,흑임자이티,https://godomall.speedycdn.net/a1ce4a197810c4cd52677b215337ca9e/goods/1000000127/image/list/1000000127_list_053.jpg,감소,동시구매기여,즉시 확인,limited
2026-04-18,30d,30,최근 30일,1000000127,흑임자이티,https://godomall.speedycdn.net/a1ce4a197810c4cd52677b215337ca9e/goods/1000000127/image/list/1000000127_list_053.jpg,유지,동시구매기여,정상 유지,limited
2026-04-18,1d,1,하루 기준,1000000044,고구마찰떡,https://godomall.speedycdn.net/a1ce4a197810c4cd52677b215337ca9e/goods/1000000044/image/list/1000000044_list_088.jpg,감소,동시구매기여,즉시 확인,limited
2026-04-18,7d,7,최근 7일,1000000044,고구마찰떡,https://godomall.speedycdn.net/a1ce4a197810c4cd52677b215337ca9e/goods/1000000044/image/list/1000000044_list_088.jpg,증가,동시구매기여,정상 유지,limited
2026-04-18,30d,30,최근 30일,1000000044,고구마찰떡,https://godomall.speedycdn.net/a1ce4a197810c4cd52677b215337ca9e/goods/1000000044/image/list/1000000044_list_088.jpg,증가,동시구매기여,정상 유지,limited
2026-04-18,1d,1,하루 기준,1000000092,일리향 3단,https://godomall.speedycdn.net/a1ce4a197810c4cd52677b215337ca9e/goods/1000000092/image/list/1000000092_list_029.jpg,유지,재구매확장기여,정상 유지,limited
2026-04-18,7d,7,최근 7일,1000000092,일리향 3단,https://godomall.speedycdn.net/a1ce4a197810c4cd52677b215337ca9e/goods/1000000092/image/list/1000000092_list_029.jpg,감소,재구매확장기여,즉시 확인,limited
2026-04-18,30d,30,최근 30일,1000000092,일리향 3단,https://godomall.speedycdn.net/a1ce4a197810c4cd52677b215337ca9e/goods/1000000092/image/list/1000000092_list_029.jpg,감소,재구매확장기여,즉시 확인,limited
2026-04-18,1d,1,하루 기준,1000000069,설기세트,https://godomall.speedycdn.net/a1ce4a197810c4cd52677b215337ca9e/goods/1000000069/image/list/1000000069_list_033.jpg,유지,동시구매기여,정상 유지,limited
2026-04-18,7d,7,최근 7일,1000000069,설기세트,https://godomall.speedycdn.net/a1ce4a197810c4cd52677b215337ca9e/goods/1000000069/image/list/1000000069_list_033.jpg,증가,반복구매기여,정상 유지,limited
2026-04-18,30d,30,최근 30일,1000000069,설기세트,https://godomall.speedycdn.net/a1ce4a197810c4cd52677b215337ca9e/goods/1000000069/image/list/1000000069_list_033.jpg,증가,반복구매기여,정상 유지,limited
2026-04-18,1d,1,하루 기준,1000000028,마스코바도 딸기설기,https://godomall.speedycdn.net/a1ce4a197810c4cd52677b215337ca9e/goods/1000000028/image/list/1000000028_list_04.jpg,유지,반복구매기여,정상 유지,limited
2026-04-18,7d,7,최근 7일,1000000028,마스코바도 딸기설기,https://godomall.speedycdn.net/a1ce4a197810c4cd52677b215337ca9e/goods/1000000028/image/list/1000000028_list_04.jpg,감소,반복구매기여,즉시 확인,limited
2026-04-18,30d,30,최근 30일,1000000028,마스코바도 딸기설기,https://godomall.speedycdn.net/a1ce4a197810c4cd52677b215337ca9e/goods/1000000028/image/list/1000000028_list_04.jpg,유지,반복구매기여,정상 유지,limited
2026-04-18,1d,1,하루 기준,1000000066,쑥인절미,https://godomall.speedycdn.net/a1ce4a197810c4cd52677b215337ca9e/goods/1000000066/image/list/1000000066_list_042.jpg,유지,반복구매기여,정상 유지,limited
2026-04-18,7d,7,최근 7일,1000000066,쑥인절미,https://godomall.speedycdn.net/a1ce4a197810c4cd52677b215337ca9e/goods/1000000066/image/list/1000000066_list_042.jpg,증가,반복구매기여,정상 유지,limited
2026-04-18,30d,30,최근 30일,1000000066,쑥인절미,https://godomall.speedycdn.net/a1ce4a197810c4cd52677b215337ca9e/goods/1000000066/image/list/1000000066_list_042.jpg,증가,반복구매기여,정상 유지,limited
2026-04-18,1d,1,하루 기준,1000000043,모듬영양찰떡,https://godomall.speedycdn.net/a1ce4a197810c4cd52677b215337ca9e/goods/1000000043/image/list/1000000043_list_012.jpg,유지,동시구매기여,정상 유지,limited
2026-04-18,7d,7,최근 7일,1000000043,모듬영양찰떡,https://godomall.speedycdn.net/a1ce4a197810c4cd52677b215337ca9e/goods/1000000043/image/list/1000000043_list_012.jpg,감소,동시구매기여,즉시 확인,limited
2026-04-18,30d,30,최근 30일,1000000043,모듬영양찰떡,https://godomall.speedycdn.net/a1ce4a197810c4cd52677b215337ca9e/goods/1000000043/image/list/1000000043_list_012.jpg,감소,동시구매기여,즉시 확인,limited
2026-04-18,1d,1,하루 기준,1000000083,백설기,https://godomall.speedycdn.net/a1ce4a197810c4cd52677b215337ca9e/goods/1000000083/image/list/1000000083_list_054.jpg,유지,반복구매기여,정상 유지,limited
2026-04-18,7d,7,최근 7일,1000000083,백설기,https://godomall.speedycdn.net/a1ce4a197810c4cd52677b215337ca9e/goods/1000000083/image/list/1000000083_list_054.jpg,감소,반복구매기여,즉시 확인,limited
2026-04-18,30d,30,최근 30일,1000000083,백설기,https://godomall.speedycdn.net/a1ce4a197810c4cd52677b215337ca9e/goods/1000000083/image/list/1000000083_list_054.jpg,증가,반복구매기여,정상 유지,limited
2026-04-18,1d,1,하루 기준,1000000156,기원상,https://godomall.speedycdn.net/a1ce4a197810c4cd52677b215337ca9e/goods/1000000156/image/list/1000000156_list_085.jpg,유지,재구매확장기여,정상 유지,limited
2026-04-18,7d,7,최근 7일,1000000156,기원상,https://godomall.speedycdn.net/a1ce4a197810c4cd52677b215337ca9e/goods/1000000156/image/list/1000000156_list_085.jpg,감소,재구매확장기여,즉시 확인,limited
2026-04-18,30d,30,최근 30일,1000000156,기원상,https://godomall.speedycdn.net/a1ce4a197810c4cd52677b215337ca9e/goods/1000000156/image/list/1000000156_list_085.jpg,감소,재구매확장기여,주의 관찰,limited
2026-04-18,1d,1,하루 기준,1000000071,마스코바도 호박설기,https://godomall.speedycdn.net/a1ce4a197810c4cd52677b215337ca9e/goods/1000000071/image/list/1000000071_list_020.jpg,유지,반복구매기여,정상 유지,limited
2026-04-18,7d,7,최근 7일,1000000071,마스코바도 호박설기,https://godomall.speedycdn.net/a1ce4a197810c4cd52677b215337ca9e/goods/1000000071/image/list/1000000071_list_020.jpg,감소,반복구매기여,즉시 확인,limited
2026-04-18,30d,30,최근 30일,1000000071,마스코바도 호박설기,https://godomall.speedycdn.net/a1ce4a197810c4cd52677b215337ca9e/goods/1000000071/image/list/1000000071_list_020.jpg,증가,반복구매기여,정상 유지,limited
2026-04-18,1d,1,하루 기준,1000000070,마스코바도 쑥설기,https://godomall.speedycdn.net/a1ce4a197810c4cd52677b215337ca9e/goods/1000000070/image/list/1000000070_list_027.jpg,유지,반복구매기여,정상 유지,limited
2026-04-18,7d,7,최근 7일,1000000070,마스코바도 쑥설기,https://godomall.speedycdn.net/a1ce4a197810c4cd52677b215337ca9e/goods/1000000070/image/list/1000000070_list_027.jpg,감소,반복구매기여,즉시 확인,limited
2026-04-18,30d,30,최근 30일,1000000070,마스코바도 쑥설기,https://godomall.speedycdn.net/a1ce4a197810c4cd52677b215337ca9e/goods/1000000070/image/list/1000000070_list_027.jpg,증가,반복구매기여,정상 유지,limited
2026-04-18,1d,1,하루 기준,1000000154,화연상,https://godomall.speedycdn.net/a1ce4a197810c4cd52677b215337ca9e/goods/1000000154/image/list/1000000154_list_031.jpg,유지,재구매확장기여,정상 유지,limited
2026-04-18,7d,7,최근 7일,1000000154,화연상,https://godomall.speedycdn.net/a1ce4a197810c4cd52677b215337ca9e/goods/1000000154/image/list/1000000154_list_031.jpg,감소,재구매확장기여,즉시 확인,limited
2026-04-18,30d,30,최근 30일,1000000154,화연상,https://godomall.speedycdn.net/a1ce4a197810c4cd52677b215337ca9e/goods/1000000154/image/list/1000000154_list_031.jpg,증가,재구매확장기여,정상 유지,limited
2026-04-18,1d,1,하루 기준,1000000128,흑임자인절미,https://godomall.speedycdn.net/a1ce4a197810c4cd52677b215337ca9e/goods/1000000128/image/list/1000000128_list_033.jpg,유지,재구매확장기여,정상 유지,limited
2026-04-18,7d,7,최근 7일,1000000128,흑임자인절미,https://godomall.speedycdn.net/a1ce4a197810c4cd52677b215337ca9e/goods/1000000128/image/list/1000000128_list_033.jpg,유지,재구매확장기여,정상 유지,limited
2026-04-18,30d,30,최근 30일,1000000128,흑임자인절미,https://godomall.speedycdn.net/a1ce4a197810c4cd52677b215337ca9e/goods/1000000128/image/list/1000000128_list_033.jpg,감소,동시구매기여,즉시 확인,limited
2026-04-18,1d,1,하루 기준,1000000143,"경기참기름, 경기들기름",https://godomall.speedycdn.net/a1ce4a197810c4cd52677b215337ca9e/goods/1000000143/image/list/1000000143_list_079.jpg,유지,반복구매기여,정상 유지,limited
2026-04-18,7d,7,최근 7일,1000000143,"경기참기름, 경기들기름",https://godomall.speedycdn.net/a1ce4a197810c4cd52677b215337ca9e/goods/1000000143/image/list/1000000143_list_079.jpg,유지,반복구매기여,정상 유지,limited
2026-04-18,30d,30,최근 30일,1000000143,"경기참기름, 경기들기름",https://godomall.speedycdn.net/a1ce4a197810c4cd52677b215337ca9e/goods/1000000143/image/list/1000000143_list_079.jpg,증가,반복구매기여,정상 유지,limited
2026-04-18,1d,1,하루 기준,1000000033,가래떡,https://godomall.speedycdn.net/a1ce4a197810c4cd52677b215337ca9e/goods/1000000033/image/list/1000000033_list_090.jpg,감소,재구매확장기여,즉시 확인,limited
2026-04-18,7d,7,최근 7일,1000000033,가래떡,https://godomall.speedycdn.net/a1ce4a197810c4cd52677b215337ca9e/goods/1000000033/image/list/1000000033_list_090.jpg,증가,재구매확장기여,정상 유지,limited
2026-04-18,30d,30,최근 30일,1000000033,가래떡,https://godomall.speedycdn.net/a1ce4a197810c4cd52677b215337ca9e/goods/1000000033/image/list/1000000033_list_090.jpg,감소,재구매확장기여,즉시 확인,limited
2026-04-18,1d,1,하루 기준,1000000142,경기 미숫가루,https://godomall.speedycdn.net/a1ce4a197810c4cd52677b215337ca9e/goods/1000000142/image/list/1000000142_list_011.jpg,유지,재구매확장기여,정상 유지,limited
2026-04-18,7d,7,최근 7일,1000000142,경기 미숫가루,https://godomall.speedycdn.net/a1ce4a197810c4cd52677b215337ca9e/goods/1000000142/image/list/1000000142_list_011.jpg,감소,재구매확장기여,즉시 확인,limited
2026-04-18,30d,30,최근 30일,1000000142,경기 미숫가루,https://godomall.speedycdn.net/a1ce4a197810c4cd52677b215337ca9e/goods/1000000142/image/list/1000000142_list_011.jpg,감소,재구매확장기여,즉시 확인,limited
2026-04-18,1d,1,하루 기준,1000000065,흰인절미,https://godomall.speedycdn.net/a1ce4a197810c4cd52677b215337ca9e/goods/1000000065/image/list/1000000065_list_019.jpg,유지,반복구매기여,정상 유지,limited
2026-04-18,7d,7,최근 7일,1000000065,흰인절미,https://godomall.speedycdn.net/a1ce4a197810c4cd52677b215337ca9e/goods/1000000065/image/list/1000000065_list_019.jpg,유지,반복구매기여,정상 유지,limited
2026-04-18,30d,30,최근 30일,1000000065,흰인절미,https://godomall.speedycdn.net/a1ce4a197810c4cd52677b215337ca9e/goods/1000000065/image/list/1000000065_list_019.jpg,증가,반복구매기여,정상 유지,limited
2026-04-18,1d,1,하루 기준,1000000121,깨송편 1kg,https://godomall.speedycdn.net/a1ce4a197810c4cd52677b215337ca9e/goods/1000000121/image/list/1000000121_list_089.jpg,유지,반복구매기여,정상 유지,limited
2026-04-18,7d,7,최근 7일,1000000121,깨송편 1kg,https://godomall.speedycdn.net/a1ce4a197810c4cd52677b215337ca9e/goods/1000000121/image/list/1000000121_list_089.jpg,감소,반복구매기여,즉시 확인,limited
2026-04-18,30d,30,최근 30일,1000000121,깨송편 1kg,https://godomall.speedycdn.net/a1ce4a197810c4cd52677b215337ca9e/goods/1000000121/image/list/1000000121_list_089.jpg,감소,반복구매기여,즉시 확인,limited
2026-04-18,1d,1,하루 기준,1000000153,유밀상,https://godomall.speedycdn.net/a1ce4a197810c4cd52677b215337ca9e/goods/1000000153/image/list/1000000153_list_092.jpg,유지,재구매확장기여,정상 유지,limited
2026-04-18,7d,7,최근 7일,1000000153,유밀상,https://godomall.speedycdn.net/a1ce4a197810c4cd52677b215337ca9e/goods/1000000153/image/list/1000000153_list_092.jpg,유지,재구매확장기여,정상 유지,limited
2026-04-18,30d,30,최근 30일,1000000153,유밀상,https://godomall.speedycdn.net/a1ce4a197810c4cd52677b215337ca9e/goods/1000000153/image/list/1000000153_list_092.jpg,감소,재구매확장기여,즉시 확인,limited
2026-04-18,1d,1,하루 기준,1000000027,마스코바도 설기,https://godomall.speedycdn.net/a1ce4a197810c4cd52677b215337ca9e/goods/1000000027/image/list/1000000027_list_012.jpg,유지,반복구매기여,정상 유지,limited
2026-04-18,7d,7,최근 7일,1000000027,마스코바도 설기,https://godomall.speedycdn.net/a1ce4a197810c4cd52677b215337ca9e/goods/1000000027/image/list/1000000027_list_012.jpg,유지,재구매확장기여,정상 유지,limited
2026-04-18,30d,30,최근 30일,1000000027,마스코바도 설기,https://godomall.speedycdn.net/a1ce4a197810c4cd52677b215337ca9e/goods/1000000027/image/list/1000000027_list_012.jpg,증가,재구매확장기여,정상 유지,limited
2026-04-18,1d,1,하루 기준,1000000074,경기 콩약과(10ea),https://godomall.speedycdn.net/a1ce4a197810c4cd52677b215337ca9e/goods/1000000074/image/list/1000000074_list_06.jpg,유지,동시구매기여,정상 유지,unavailable
2026-04-18,7d,7,최근 7일,1000000074,경기 콩약과(10ea),https://godomall.speedycdn.net/a1ce4a197810c4cd52677b215337ca9e/goods/1000000074/image/list/1000000074_list_06.jpg,감소,동시구매기여,즉시 확인,unavailable
2026-04-18,30d,30,최근 30일,1000000074,경기 콩약과(10ea),https://godomall.speedycdn.net/a1ce4a197810c4cd52677b215337ca9e/goods/1000000074/image/list/1000000074_list_06.jpg,유지,동시구매기여,정상 유지,unavailable
2026-04-18,1d,1,하루 기준,1000000035,떡국떡 500g,https://godomall.speedycdn.net/a1ce4a197810c4cd52677b215337ca9e/goods/1000000035/image/list/1000000035_list_093.jpg,유지,재구매확장기여,정상 유지,limited
2026-04-18,7d,7,최근 7일,1000000035,떡국떡 500g,https://godomall.speedycdn.net/a1ce4a197810c4cd52677b215337ca9e/goods/1000000035/image/list/1000000035_list_093.jpg,유지,재구매확장기여,정상 유지,limited
2026-04-18,30d,30,최근 30일,1000000035,떡국떡 500g,https://godomall.speedycdn.net/a1ce4a197810c4cd52677b215337ca9e/goods/1000000035/image/list/1000000035_list_093.jpg,감소,재구매확장기여,즉시 확인,limited
2026-04-18,1d,1,하루 기준,1000000155,만복상,https://godomall.speedycdn.net/a1ce4a197810c4cd52677b215337ca9e/goods/1000000155/image/list/1000000155_list_016.jpg,유지,관측 없음,정상 유지,unavailable
2026-04-18,7d,7,최근 7일,1000000155,만복상,https://godomall.speedycdn.net/a1ce4a197810c4cd52677b215337ca9e/goods/1000000155/image/list/1000000155_list_016.jpg,유지,관측 없음,정상 유지,unavailable
2026-04-18,30d,30,최근 30일,1000000155,만복상,https://godomall.speedycdn.net/a1ce4a197810c4cd52677b215337ca9e/goods/1000000155/image/list/1000000155_list_016.jpg,유지,관측 없음,정상 유지,unavailable
2026-04-18,1d,1,하루 기준,1000000161,십리향 3단,https://godomall.speedycdn.net/a1ce4a197810c4cd52677b215337ca9e/goods/1000000161/image/list/1000000086_list_048.jpg,유지,관측 없음,정상 유지,unavailable
2026-04-18,7d,7,최근 7일,1000000161,십리향 3단,https://godomall.speedycdn.net/a1ce4a197810c4cd52677b215337ca9e/goods/1000000161/image/list/1000000086_list_048.jpg,유지,관측 없음,정상 유지,unavailable
2026-04-18,30d,30,최근 30일,1000000161,십리향 3단,https://godomall.speedycdn.net/a1ce4a197810c4cd52677b215337ca9e/goods/1000000161/image/list/1000000086_list_048.jpg,유지,관측 없음,정상 유지,unavailable
2026-04-18,1d,1,하루 기준,1000000072,마스코바도 흑임자설기,https://godomall.speedycdn.net/a1ce4a197810c4cd52677b215337ca9e/goods/1000000072/image/list/1000000072_list_015.jpg,유지,관측 없음,정상 유지,unavailable
2026-04-18,7d,7,최근 7일,1000000072,마스코바도 흑임자설기,https://godomall.speedycdn.net/a1ce4a197810c4cd52677b215337ca9e/goods/1000000072/image/list/1000000072_list_015.jpg,유지,재구매확장기여,정상 유지,limited
2026-04-18,30d,30,최근 30일,1000000072,마스코바도 흑임자설기,https://godomall.speedycdn.net/a1ce4a197810c4cd52677b215337ca9e/goods/1000000072/image/list/1000000072_list_015.jpg,감소,재구매확장기여,즉시 확인,limited
2026-04-18,1d,1,하루 기준,1000000144,경기 미숫가루 쫀드기,https://godomall.speedycdn.net/a1ce4a197810c4cd52677b215337ca9e/goods/1000000144/image/list/1000000144_list_070.jpg,유지,관측 없음,정상 유지,unavailable
2026-04-18,7d,7,최근 7일,1000000144,경기 미숫가루 쫀드기,https://godomall.speedycdn.net/a1ce4a197810c4cd52677b215337ca9e/goods/1000000144/image/list/1000000144_list_070.jpg,유지,재구매확장기여,정상 유지,limited
2026-04-18,30d,30,최근 30일,1000000144,경기 미숫가루 쫀드기,https://godomall.speedycdn.net/a1ce4a197810c4cd52677b215337ca9e/goods/1000000144/image/list/1000000144_list_070.jpg,감소,반복구매기여,즉시 확인,limited
2026-04-18,1d,1,하루 기준,1000000041,콩영양찰떡,https://godomall.speedycdn.net/a1ce4a197810c4cd52677b215337ca9e/goods/1000000041/image/list/1000000041_list_042.jpg,유지,관측 없음,정상 유지,unavailable
2026-04-18,7d,7,최근 7일,1000000041,콩영양찰떡,https://godomall.speedycdn.net/a1ce4a197810c4cd52677b215337ca9e/goods/1000000041/image/list/1000000041_list_042.jpg,유지,관측 없음,정상 유지,unavailable
2026-04-18,30d,30,최근 30일,1000000041,콩영양찰떡,https://godomall.speedycdn.net/a1ce4a197810c4cd52677b215337ca9e/goods/1000000041/image/list/1000000041_list_042.jpg,유지,관측 없음,정상 유지,unavailable
2026-04-18,1d,1,하루 기준,1000000152,첫맛상,https://godomall.speedycdn.net/a1ce4a197810c4cd52677b215337ca9e/goods/1000000152/image/list/1000000152_list_099.jpg,유지,관측 없음,정상 유지,unavailable
2026-04-18,7d,7,최근 7일,1000000152,첫맛상,https://godomall.speedycdn.net/a1ce4a197810c4cd52677b215337ca9e/goods/1000000152/image/list/1000000152_list_099.jpg,유지,관측 없음,정상 유지,unavailable
2026-04-18,30d,30,최근 30일,1000000152,첫맛상,https://godomall.speedycdn.net/a1ce4a197810c4cd52677b215337ca9e/goods/1000000152/image/list/1000000152_list_099.jpg,유지,관측 없음,정상 유지,unavailable
2026-04-18,1d,1,하루 기준,1000000120,깨송편 4kg,https://godomall.speedycdn.net/a1ce4a197810c4cd52677b215337ca9e/goods/1000000120/image/list/1000000120_list_068.jpg,유지,관측 없음,정상 유지,unavailable
2026-04-18,7d,7,최근 7일,1000000120,깨송편 4kg,https://godomall.speedycdn.net/a1ce4a197810c4cd52677b215337ca9e/goods/1000000120/image/list/1000000120_list_068.jpg,유지,관측 없음,정상 유지,unavailable
2026-04-18,30d,30,최근 30일,1000000120,깨송편 4kg,https://godomall.speedycdn.net/a1ce4a197810c4cd52677b215337ca9e/goods/1000000120/image/list/1000000120_list_068.jpg,유지,관측 없음,정상 유지,unavailable
2026-04-18,1d,1,하루 기준,1000000164,백리향 3단,https://godomall.speedycdn.net/a1ce4a197810c4cd52677b215337ca9e/goods/1000000164/image/list/1000000089_list_027.jpg,유지,관측 없음,정상 유지,unavailable
2026-04-18,7d,7,최근 7일,1000000164,백리향 3단,https://godomall.speedycdn.net/a1ce4a197810c4cd52677b215337ca9e/goods/1000000164/image/list/1000000089_list_027.jpg,유지,관측 없음,정상 유지,unavailable
2026-04-18,30d,30,최근 30일,1000000164,백리향 3단,https://godomall.speedycdn.net/a1ce4a197810c4cd52677b215337ca9e/goods/1000000164/image/list/1000000089_list_027.jpg,유지,관측 없음,정상 유지,unavailable
2026-04-18,1d,1,하루 기준,1000000169,기원상,https://godomall.speedycdn.net/a1ce4a197810c4cd52677b215337ca9e/goods/1000000169/image/list/1000000169_list_079.jpg,유지,관측 없음,정상 유지,unavailable
2026-04-18,7d,7,최근 7일,1000000169,기원상,https://godomall.speedycdn.net/a1ce4a197810c4cd52677b215337ca9e/goods/1000000169/image/list/1000000169_list_079.jpg,유지,관측 없음,정상 유지,unavailable
2026-04-18,30d,30,최근 30일,1000000169,기원상,https://godomall.speedycdn.net/a1ce4a197810c4cd52677b215337ca9e/goods/1000000169/image/list/1000000169_list_079.jpg,유지,관측 없음,정상 유지,unavailable
2026-04-18,1d,1,하루 기준,1000000095,매화 5송이 1호,https://godomall.speedycdn.net/a1ce4a197810c4cd52677b215337ca9e/goods/1000000095/image/list/1000000095_list_06.jpg,유지,관측 없음,정상 유지,unavailable
2026-04-18,7d,7,최근 7일,1000000095,매화 5송이 1호,https://godomall.speedycdn.net/a1ce4a197810c4cd52677b215337ca9e/goods/1000000095/image/list/1000000095_list_06.jpg,유지,관측 없음,정상 유지,unavailable
2026-04-18,30d,30,최근 30일,1000000095,매화 5송이 1호,https://godomall.speedycdn.net/a1ce4a197810c4cd52677b215337ca9e/goods/1000000095/image/list/1000000095_list_06.jpg,감소,재구매확장기여,즉시 확인,limited
2026-04-18,1d,1,하루 기준,1000000162,백리향 1단,https://godomall.speedycdn.net/a1ce4a197810c4cd52677b215337ca9e/goods/1000000162/image/list/1000000087_list_067.jpg,유지,관측 없음,정상 유지,unavailable
2026-04-18,7d,7,최근 7일,1000000162,백리향 1단,https://godomall.speedycdn.net/a1ce4a197810c4cd52677b215337ca9e/goods/1000000162/image/list/1000000087_list_067.jpg,유지,관측 없음,정상 유지,unavailable
2026-04-18,30d,30,최근 30일,1000000162,백리향 1단,https://godomall.speedycdn.net/a1ce4a197810c4cd52677b215337ca9e/goods/1000000162/image/list/1000000087_list_067.jpg,감소,관측 없음,즉시 확인,unavailable
2026-04-18,1d,1,하루 기준,1000000165,첫맛상,https://godomall.speedycdn.net/a1ce4a197810c4cd52677b215337ca9e/goods/1000000165/image/list/1000000152_list_099.jpg,유지,관측 없음,정상 유지,unavailable
2026-04-18,7d,7,최근 7일,1000000165,첫맛상,https://godomall.speedycdn.net/a1ce4a197810c4cd52677b215337ca9e/goods/1000000165/image/list/1000000152_list_099.jpg,유지,관측 없음,정상 유지,unavailable
2026-04-18,30d,30,최근 30일,1000000165,첫맛상,https://godomall.speedycdn.net/a1ce4a197810c4cd52677b215337ca9e/goods/1000000165/image/list/1000000152_list_099.jpg,유지,관측 없음,정상 유지,unavailable
2026-04-18,1d,1,하루 기준,1000000167,화연상,https://godomall.speedycdn.net/a1ce4a197810c4cd52677b215337ca9e/goods/1000000167/image/list/1000000154_list_031.jpg,유지,관측 없음,정상 유지,unavailable
2026-04-18,7d,7,최근 7일,1000000167,화연상,https://godomall.speedycdn.net/a1ce4a197810c4cd52677b215337ca9e/goods/1000000167/image/list/1000000154_list_031.jpg,유지,관측 없음,정상 유지,unavailable
2026-04-18,30d,30,최근 30일,1000000167,화연상,https://godomall.speedycdn.net/a1ce4a197810c4cd52677b215337ca9e/goods/1000000167/image/list/1000000154_list_031.jpg,유지,관측 없음,정상 유지,unavailable
2026-04-18,1d,1,하루 기준,1000000166,유밀상,https://godomall.speedycdn.net/a1ce4a197810c4cd52677b215337ca9e/goods/1000000166/image/list/1000000153_list_092.jpg,유지,관측 없음,정상 유지,unavailable
2026-04-18,7d,7,최근 7일,1000000166,유밀상,https://godomall.speedycdn.net/a1ce4a197810c4cd52677b215337ca9e/goods/1000000166/image/list/1000000153_list_092.jpg,유지,관측 없음,정상 유지,unavailable
2026-04-18,30d,30,최근 30일,1000000166,유밀상,https://godomall.speedycdn.net/a1ce4a197810c4cd52677b215337ca9e/goods/1000000166/image/list/1000000153_list_092.jpg,유지,관측 없음,정상 유지,unavailable
2026-04-18,1d,1,하루 기준,1000000175,설 십리향 1단,https://godomall.speedycdn.net/a1ce4a197810c4cd52677b215337ca9e/goods/1000000175/image/list/1000000175_list_064.jpg,유지,관측 없음,정상 유지,unavailable
2026-04-18,7d,7,최근 7일,1000000175,설 십리향 1단,https://godomall.speedycdn.net/a1ce4a197810c4cd52677b215337ca9e/goods/1000000175/image/list/1000000175_list_064.jpg,유지,관측 없음,정상 유지,unavailable
2026-04-18,30d,30,최근 30일,1000000175,설 십리향 1단,https://godomall.speedycdn.net/a1ce4a197810c4cd52677b215337ca9e/goods/1000000175/image/list/1000000175_list_064.jpg,감소,관측 없음,즉시 확인,unavailable
2026-04-18,1d,1,하루 기준,1000000176,설 십리향 2단,https://godomall.speedycdn.net/a1ce4a197810c4cd52677b215337ca9e/goods/1000000176/image/list/1000000176_list_096.jpg,유지,관측 없음,정상 유지,unavailable
2026-04-18,7d,7,최근 7일,1000000176,설 십리향 2단,https://godomall.speedycdn.net/a1ce4a197810c4cd52677b215337ca9e/goods/1000000176/image/list/1000000176_list_096.jpg,유지,관측 없음,정상 유지,unavailable
2026-04-18,30d,30,최근 30일,1000000176,설 십리향 2단,https://godomall.speedycdn.net/a1ce4a197810c4cd52677b215337ca9e/goods/1000000176/image/list/1000000176_list_096.jpg,감소,관측 없음,즉시 확인,unavailable
2026-04-18,1d,1,하루 기준,1000000177,설 백리향 1단,https://godomall.speedycdn.net/a1ce4a197810c4cd52677b215337ca9e/goods/1000000177/image/list/1000000177_list_062.jpg,유지,관측 없음,정상 유지,unavailable
2026-04-18,7d,7,최근 7일,1000000177,설 백리향 1단,https://godomall.speedycdn.net/a1ce4a197810c4cd52677b215337ca9e/goods/1000000177/image/list/1000000177_list_062.jpg,유지,관측 없음,정상 유지,unavailable
2026-04-18,30d,30,최근 30일,1000000177,설 백리향 1단,https://godomall.speedycdn.net/a1ce4a197810c4cd52677b215337ca9e/goods/1000000177/image/list/1000000177_list_062.jpg,감소,관측 없음,즉시 확인,unavailable
2026-04-18,1d,1,하루 기준,1000000178,설 백리향 2단,https://godomall.speedycdn.net/a1ce4a197810c4cd52677b215337ca9e/goods/1000000178/image/list/1000000178_list_054.jpg,유지,관측 없음,정상 유지,unavailable
2026-04-18,7d,7,최근 7일,1000000178,설 백리향 2단,https://godomall.speedycdn.net/a1ce4a197810c4cd52677b215337ca9e/goods/1000000178/image/list/1000000178_list_054.jpg,유지,관측 없음,정상 유지,unavailable
2026-04-18,30d,30,최근 30일,1000000178,설 백리향 2단,https://godomall.speedycdn.net/a1ce4a197810c4cd52677b215337ca9e/goods/1000000178/image/list/1000000178_list_054.jpg,유지,관측 없음,정상 유지,unavailable
2026-04-18,1d,1,하루 기준,1000000179,설 백리향 3단,https://godomall.speedycdn.net/a1ce4a197810c4cd52677b215337ca9e/goods/1000000179/image/list/1000000179_list_07.jpg,유지,관측 없음,정상 유지,unavailable
2026-04-18,7d,7,최근 7일,1000000179,설 백리향 3단,https://godomall.speedycdn.net/a1ce4a197810c4cd52677b215337ca9e/goods/1000000179/image/list/1000000179_list_07.jpg,유지,관측 없음,정상 유지,unavailable
2026-04-18,30d,30,최근 30일,1000000179,설 백리향 3단,https://godomall.speedycdn.net/a1ce4a197810c4cd52677b215337ca9e/goods/1000000179/image/list/1000000179_list_07.jpg,유지,관측 없음,정상 유지,unavailable
2026-04-18,1d,1,하루 기준,1000000075,2색절편 4kg,https://godomall.speedycdn.net/a1ce4a197810c4cd52677b215337ca9e/goods/1000000075/image/list/1000000075_list_092.jpg,유지,관측 없음,정상 유지,unavailable
2026-04-18,7d,7,최근 7일,1000000075,2색절편 4kg,https://godomall.speedycdn.net/a1ce4a197810c4cd52677b215337ca9e/goods/1000000075/image/list/1000000075_list_092.jpg,유지,관측 없음,정상 유지,unavailable
2026-04-18,30d,30,최근 30일,1000000075,2색절편 4kg,https://godomall.speedycdn.net/a1ce4a197810c4cd52677b215337ca9e/goods/1000000075/image/list/1000000075_list_092.jpg,감소,관측 없음,즉시 확인,unavailable
