as_of_date,window_key,window_days,period_label,product_id,product_name,product_image_url,contribution_status,contributor_status,reconstructed_product_signal,confidence,numeric_display_policy,reconstruction_level,parity_level,parity_score,status_label,status_reason,limitation_reason,limitation_reason_detail,entry_axis,expansion_axis,convergence_axis,return_axis,basket_axis,entry_primary_type,expansion_primary_type,basket_type,attach_rate,first_customer_cnt,structural_active_order_cnt,structural_active_member_cnt,basket_pair_rows,top_pair_product_id,basket_top_pair_product_id,basket_top1_share,basket_top3_share,basket_parity_score,basket_parity_level,event_freshness_gap_days,basket_freshness_gap_days,role_alignment_note,contribution_share,contributor_rank
2026-04-18,1d,1,하루 기준,1000000087,백리향 1단 (1호 2호 3호),https://godomall.speedycdn.net/a1ce4a197810c4cd52677b215337ca9e/goods/1000000087/image/list/1000000087_list_067.jpg,limited,limited,0.25760859885275383,Medium,hide,reconstructed_with_limitations,high,0.8376623376623377,제한 반영,제한 반영: 이벤트 최신성 지연 / 동시구매 재구성 안정성 낮음,이벤트 최신성 지연 / 동시구매 재구성 안정성 낮음,raw basket detail과의 유사도가 낮습니다. | event freshness가 7일을 초과합니다. | basket parity가 낮습니다.,0.2485038201962452,0.27738213868511025,0.427261664204492,0.31065694974688807,0.25365853658536586,Broad,None,None,0.25365853658536586,455,205,109,24,1000000064,1000000064,0.17391304347826086,0.4057971014492754,0.35064935064935066,low,27,0,넓은 유입 / 관측 약함 / 관측 약함,0.08227018106882288,1
2026-04-18,1d,1,하루 기준,1000000045,완두시루떡,https://godomall.speedycdn.net/a1ce4a197810c4cd52677b215337ca9e/goods/1000000045/image/list/1000000045_list_095.jpg,limited,limited,0.23084275171127214,Medium,hide,reconstructed_with_limitations,high,0.8381958417169685,제한 반영,제한 반영: 이벤트 최신성 지연 / 동시구매 재구성 안정성 낮음,이벤트 최신성 지연 / 동시구매 재구성 안정성 낮음,raw basket detail과의 유사도가 낮습니다. | event freshness가 7일을 초과합니다. | basket parity가 낮습니다.,0.21698329534344438,0.2797818846486167,0.4662685802079743,0.5101409405603751,0.8367346938775511,Broad,None,None,0.8367346938775511,308,147,87,29,1000000064,1000000064,0.21201413427561838,0.42402826855123676,0.3527833668678739,low,27,0,넓은 유입 / 관측 약함 / 관측 약함,0.07372220906557159,2
2026-04-18,1d,1,하루 기준,1000000064,2색 이티,https://godomall.speedycdn.net/a1ce4a197810c4cd52677b215337ca9e/goods/1000000064/image/list/1000000064_list_053.jpg,limited,limited,0.19335540441176471,High,hide,reconstructed_with_limitations,medium,0.7560576293385723,제한 반영,제한 반영: 이벤트 최신성 지연 / 동시구매 재구성 안정성 낮음,이벤트 최신성 지연 / 동시구매 재구성 안정성 낮음,raw basket detail과의 유사도가 낮습니다. | event freshness가 7일을 초과합니다. | basket parity가 낮습니다.,1,0.28151442307692304,1,0.17668269230769232,0.3205882352941177,Broad,None,None,0.3205882352941177,1664,1020,581,37,1000000127,1000000127,0.13279678068410464,0.34004024144869216,0.024230517354289455,low,27,0,넓은 유입 / 관측 약함 / 관측 약함,0.06175020633020033,3
2026-04-18,1d,1,하루 기준,1000000063,쑥이티,https://godomall.speedycdn.net/a1ce4a197810c4cd52677b215337ca9e/goods/1000000063/image/list/1000000063_list_055.jpg,limited,limited,0.16930120146107586,Medium,hide,reconstructed_with_limitations,high,0.8371666666666666,제한 반영,제한 반영: 이벤트 최신성 지연 / 동시구매 재구성 안정성 낮음,이벤트 최신성 지연 / 동시구매 재구성 안정성 낮음,raw basket detail과의 유사도가 낮습니다. | event freshness가 7일을 초과합니다. | basket parity가 낮습니다.,0.1601876252684964,0.24527361149215196,0.1634350636044144,0.264718379750164,0.6853146853146853,Broad,None,None,0.6853146853146853,297,143,95,23,1000000062,1000000062,0.20812182741116753,0.5177664974619289,0.34866666666666674,low,27,0,넓은 유입 / 관측 약함 / 관측 약함,0.0540682281624198,4
2026-04-18,1d,1,하루 기준,1000000085,십리향 2단 (1호 2호 3호),https://godomall.speedycdn.net/a1ce4a197810c4cd52677b215337ca9e/goods/1000000085/image/list/1000000085_list_069.jpg,limited,limited,0.16541139648169542,Medium,hide,reconstructed_with_limitations,medium,0.7541562759767249,제한 반영,제한 반영: 이벤트 최신성 지연 / 동시구매 재구성 안정성 낮음,이벤트 최신성 지연 / 동시구매 재구성 안정성 낮음,raw basket detail과의 유사도가 낮습니다. | event freshness가 7일을 초과합니다. | basket parity가 낮습니다.,0.17730594305752997,0.2976514402094702,0.2390426069702031,0.15866281461059184,0.25210084033613445,Broad,None,None,0.25210084033613445,321,119,80,20,1000000091,1000000091,0.15555555555555556,0.37777777777777777,0.01662510390689942,low,27,0,넓은 유입 / 관측 약함 / 관측 약함,0.05282597553032132,5
2026-04-18,1d,1,하루 기준,1000000091,일리향 2단 (1호 2호 3호),https://godomall.speedycdn.net/a1ce4a197810c4cd52677b215337ca9e/goods/1000000091/image/list/1000000091_list_092.jpg,limited,limited,0.14846887900416156,Medium,hide,reconstructed_with_limitations,high,0.8388888888888888,제한 반영,제한 반영: 이벤트 최신성 지연 / 동시구매 재구성 안정성 낮음,이벤트 최신성 지연 / 동시구매 재구성 안정성 낮음,raw basket detail과의 유사도가 낮습니다. | event freshness가 7일을 초과합니다. | basket parity가 낮습니다.,0.18619799266191264,0.24675915334384432,0.2082623387548541,0.1398861413513857,0.6493506493506493,None,None,None,0.6493506493506493,181,77,46,21,1000000064,1000000064,0.12857142857142856,0.37142857142857144,0.35555555555555546,low,27,0,관측 약함 / 관측 약함 / 관측 약함,0.047415193487928685,6
2026-04-18,1d,1,하루 기준,1000000108,매화 2송이 2호,https://godomall.speedycdn.net/a1ce4a197810c4cd52677b215337ca9e/goods/1000000108/image/list/1000000108_list_020.jpg,limited,limited,0.13649049919626483,Medium,hide,reconstructed_with_limitations,medium,0.7534332084893882,제한 반영,제한 반영: 이벤트 최신성 지연 / 동시구매 재구성 안정성 낮음,이벤트 최신성 지연 / 동시구매 재구성 안정성 낮음,raw basket detail과의 유사도가 낮습니다. | event freshness가 7일을 초과합니다. | basket parity가 낮습니다.,0.22993695553342763,0.2895687172126886,0.24763866222510444,0.22300247763780415,0.1297709923664122,Broad,None,None,0.1297709923664122,245,131,65,11,1000000092,1000000092,0.23809523809523808,0.47619047619047616,0.013732833957553092,low,27,0,넓은 유입 / 관측 약함 / 관측 약함,0.04358976421229307,7
2026-04-18,1d,1,하루 기준,1000000093,매화 2송이 1호,https://godomall.speedycdn.net/a1ce4a197810c4cd52677b215337ca9e/goods/1000000093/image/list/1000000093_list_057.jpg,limited,limited,0.11822989390426308,High,hide,reconstructed_with_limitations,high,0.8369663941871026,제한 반영,제한 반영: 이벤트 최신성 지연 / 동시구매 재구성 안정성 낮음,이벤트 최신성 지연 / 동시구매 재구성 안정성 낮음,raw basket detail과의 유사도가 낮습니다. | event freshness가 7일을 초과합니다. | basket parity가 낮습니다.,0.6443090477930735,0.29875331266377814,0.3700978312740257,0.1087866108786611,0.15193370165745856,Broad,None,None,0.15193370165745856,717,362,197,16,1000000064,1000000064,0.5230769230769231,0.676923076923077,0.34786557674841045,low,27,0,넓은 유입 / 관측 약함 / 관측 약함,0.03775803611591074,8
2026-04-18,1d,1,하루 기준,1000000086,십리향 3단,https://godomall.speedycdn.net/a1ce4a197810c4cd52677b215337ca9e/goods/1000000086/image/list/1000000086_list_048.jpg,limited,limited,0.11755634479753851,Medium,hide,reconstructed_with_limitations,high,0.8362068965517242,제한 반영,제한 반영: 이벤트 최신성 지연 / 동시구매 재구성 안정성 낮음,이벤트 최신성 지연 / 동시구매 재구성 안정성 낮음,raw basket detail과의 유사도가 낮습니다. | event freshness가 7일을 초과합니다. | basket parity가 낮습니다.,0.10854651565563585,0.636366335238421,0.22992322689906328,0.27379006433121983,0.25301204819277107,Qualified,Deep,None,0.25301204819277107,199,83,46,11,1000000064,1000000064,0.32,0.52,0.3448275862068965,low,27,0,선별 유입 / 깊은 확장 / 관측 약함,0.03754293069157416,9
2026-04-18,1d,1,하루 기준,1000000062,흰이티,https://godomall.speedycdn.net/a1ce4a197810c4cd52677b215337ca9e/goods/1000000062/image/list/1000000062_list_062.jpg,limited,limited,0.11719213254656335,Medium,hide,reconstructed_with_limitations,high,0.8372257607926398,제한 반영,제한 반영: 이벤트 최신성 지연 / 동시구매 재구성 안정성 낮음,이벤트 최신성 지연 / 동시구매 재구성 안정성 낮음,raw basket detail과의 유사도가 낮습니다. | event freshness가 7일을 초과합니다. | basket parity가 낮습니다.,0.10948485511930994,0.150312949522266,0.22518278983529166,0.11361523017556009,0.6859504132231405,Broad,None,None,0.6859504132231405,239,121,74,22,1000000063,1000000063,0.25949367088607594,0.6075949367088608,0.3489030431705591,low,27,0,넓은 유입 / 관측 약함 / 관측 약함,0.03742661544445643,10
2026-04-18,1d,1,하루 기준,1000000088,백리향 2단 (1호 2호),https://godomall.speedycdn.net/a1ce4a197810c4cd52677b215337ca9e/goods/1000000088/image/list/1000000088_list_033.jpg,limited,limited,0.11232661228212244,Medium,hide,reconstructed_with_limitations,medium,0.75256052141527,제한 반영,제한 반영: 이벤트 최신성 지연 / 동시구매 재구성 안정성 낮음,이벤트 최신성 지연 / 동시구매 재구성 안정성 낮음,raw basket detail과의 유사도가 낮습니다. | event freshness가 7일을 초과합니다. | basket parity가 낮습니다.,0.22078432138792561,0.34820746793690766,0.36750142251202605,0.10541310541310542,0.1103448275862069,Broad,None,None,0.1103448275862069,351,145,84,11,1000000087,1000000087,0.21052631578947367,0.5263157894736842,0.010242085661080091,low,27,0,넓은 유입 / 관측 약함 / 관측 약함,0.03587275724666242,11
2026-04-18,1d,1,하루 기준,1000000094,매화 3송이 1호,https://godomall.speedycdn.net/a1ce4a197810c4cd52677b215337ca9e/goods/1000000094/image/list/1000000094_list_039.jpg,limited,limited,0.10873358799790231,Medium,hide,reconstructed_with_limitations,high,0.8354700854700854,제한 반영,제한 반영: 이벤트 최신성 지연 / 동시구매 재구성 안정성 낮음,이벤트 최신성 지연 / 동시구매 재구성 안정성 낮음,raw basket detail과의 유사도가 낮습니다. | event freshness가 7일을 초과합니다. | basket parity가 낮습니다.,0.16186108788756395,0.2562874214007564,0.161074674136616,0.10323070142350553,0.23469387755102042,None,None,None,0.23469387755102042,185,98,54,9,1000000064,1000000064,0.34615384615384615,0.6538461538461539,0.34188034188034183,low,27,0,관측 약함 / 관측 약함 / 관측 약함,0.03472528484176638,12
2026-04-18,1d,1,하루 기준,1000000111,매화 3송이 3호,https://godomall.speedycdn.net/a1ce4a197810c4cd52677b215337ca9e/goods/1000000111/image/list/1000000111_list_056.jpg,limited,limited,0.10481517193862974,Medium,hide,reconstructed_with_limitations,high,0.8377742946708464,제한 반영,제한 반영: 이벤트 최신성 지연 / 동시구매 재구성 안정성 낮음,이벤트 최신성 지연 / 동시구매 재구성 안정성 낮음,raw basket detail과의 유사도가 낮습니다. | event freshness가 7일을 초과합니다. | basket parity가 낮습니다.,0.3208852359596403,0.30306932442442236,0.30687895167109863,0.09763313609467456,0.16853932584269662,Broad,None,None,0.16853932584269662,338,178,91,17,1000000064,1000000064,0.20833333333333334,0.4583333333333333,0.35109717868338564,low,27,0,넓은 유입 / 관측 약함 / 관측 약함,0.03347389494199211,13
2026-04-18,1d,1,하루 기준,1000000043,모듬영양찰떡,https://godomall.speedycdn.net/a1ce4a197810c4cd52677b215337ca9e/goods/1000000043/image/list/1000000043_list_012.jpg,limited,limited,0.09721121852484223,Medium,hide,reconstructed_with_limitations,high,0.83793347487615,제한 반영,제한 반영: 이벤트 최신성 지연 / 동시구매 재구성 안정성 낮음,이벤트 최신성 지연 / 동시구매 재구성 안정성 낮음,raw basket detail과의 유사도가 낮습니다. | event freshness가 7일을 초과합니다. | basket parity가 낮습니다.,0.08558124412365992,0.2767786572059919,0.40486881395941593,0.3284037223611674,0.8426966292134831,None,None,None,0.8426966292134831,197,89,58,26,1000000064,1000000064,0.20725388601036268,0.47150259067357514,0.35173389950460016,low,27,0,관측 약함 / 관측 약함 / 관측 약함,0.031045487555836627,14
2026-04-18,1d,1,하루 기준,1000000127,흑임자이티,https://godomall.speedycdn.net/a1ce4a197810c4cd52677b215337ca9e/goods/1000000127/image/list/1000000127_list_053.jpg,limited,limited,0.09617240762403578,Medium,hide,reconstructed_with_limitations,high,0.8377723970944311,제한 반영,제한 반영: 이벤트 최신성 지연 / 동시구매 재구성 안정성 낮음,이벤트 최신성 지연 / 동시구매 재구성 안정성 낮음,raw basket detail과의 유사도가 낮습니다. | event freshness가 7일을 초과합니다. | basket parity가 낮습니다.,0.10546573453393789,0.1644158182016456,0.08743814502947761,0.20691786644424787,0.8914728682170543,Broad,None,None,0.8914728682170543,244,129,90,22,1000000064,1000000064,0.3127962085308057,0.6350710900473934,0.351089588377724,low,27,0,넓은 유입 / 관측 약함 / 관측 약함,0.030713731701077825,15
2026-04-18,1d,1,하루 기준,1000000042,약식,https://godomall.speedycdn.net/a1ce4a197810c4cd52677b215337ca9e/goods/1000000042/image/list/1000000042_list_03.jpg,limited,limited,0.09452104307362133,Medium,hide,reconstructed_with_limitations,high,0.8375550660792952,제한 반영,제한 반영: 이벤트 최신성 지연 / 동시구매 재구성 안정성 낮음,이벤트 최신성 지연 / 동시구매 재구성 안정성 낮음,raw basket detail과의 유사도가 낮습니다. | event freshness가 7일을 초과합니다. | basket parity가 낮습니다.,0.08371760449847966,0.3107777374308895,0.4854866406150312,0.14843921457836667,0.7721518987341772,None,None,None,0.7721518987341772,190,79,51,23,1000000064,1000000064,0.21875,0.5390625,0.3502202643171806,low,27,0,관측 약함 / 관측 약함 / 관측 약함,0.030186350001948723,16
2026-04-18,1d,1,하루 기준,1000000092,일리향 3단,https://godomall.speedycdn.net/a1ce4a197810c4cd52677b215337ca9e/goods/1000000092/image/list/1000000092_list_029.jpg,limited,limited,0.08265222252503973,Medium,hide,reconstructed_with_limitations,high,0.8366910866910866,제한 반영,제한 반영: 이벤트 최신성 지연 / 동시구매 재구성 안정성 낮음,이벤트 최신성 지연 / 동시구매 재구성 안정성 낮음,raw basket detail과의 유사도가 낮습니다. | event freshness가 7일을 초과합니다. | basket parity가 낮습니다.,0.07734203607961962,0.20653067239955608,0.1403555364370946,0.08105599387737682,0.379746835443038,None,None,None,0.379746835443038,148,79,47,11,1000000064,1000000064,0.3055555555555556,0.6111111111111112,0.3467643467643467,low,27,0,관측 약함 / 관측 약함 / 관측 약함,0.026395909698504885,17
2026-04-18,1d,1,하루 기준,1000000112,매화 5송이 2호,https://godomall.speedycdn.net/a1ce4a197810c4cd52677b215337ca9e/goods/1000000112/image/list/1000000112_list_032.jpg,limited,limited,0.08107805201914682,Medium,hide,reconstructed_with_limitations,high,0.8350798403193613,제한 반영,제한 반영: 이벤트 최신성 지연 / 동시구매 재구성 안정성 낮음,이벤트 최신성 지연 / 동시구매 재구성 안정성 낮음,raw basket detail과의 유사도가 낮습니다. | event freshness가 7일을 초과합니다. | basket parity가 낮습니다.,0.07684220613299411,0.1618979074094938,0.08252005935812662,0.1652019463362182,0.21951219512195122,None,None,None,0.21951219512195122,96,41,26,7,1000000113,1000000113,0.45454545454545453,0.6363636363636364,0.34031936127744505,low,27,0,관측 약함 / 관측 약함 / 관측 약함,0.025893180779013206,18
2026-04-18,1d,1,하루 기준,1000000113,매화 5송이 3호,https://godomall.speedycdn.net/a1ce4a197810c4cd52677b215337ca9e/goods/1000000113/image/list/1000000113_list_070.jpg,limited,limited,0.07759401903145861,Medium,hide,reconstructed_with_limitations,medium,0.7519509476031215,제한 반영,제한 반영: 이벤트 최신성 지연 / 동시구매 재구성 안정성 낮음,이벤트 최신성 지연 / 동시구매 재구성 안정성 낮음,raw basket detail과의 유사도가 낮습니다. | event freshness가 7일을 초과합니다. | basket parity가 낮습니다.,0.08447262441079666,0.20699035081544917,0.07354360682188857,0.1267287862135403,0.18333333333333332,None,None,None,0.18333333333333332,102,60,31,7,1000000112,1000000112,0.38461538461538464,0.6923076923076923,0.00780379041248606,low,27,0,관측 약함 / 관측 약함 / 관측 약함,0.02478051596105542,19
2026-04-18,1d,1,하루 기준,1000000121,깨송편 1kg,https://godomall.speedycdn.net/a1ce4a197810c4cd52677b215337ca9e/goods/1000000121/image/list/1000000121_list_089.jpg,limited,limited,0.07498527640339078,Medium,hide,reconstructed_with_limitations,medium,0.7543402777777778,제한 반영,제한 반영: 이벤트 최신성 지연 / 동시구매 재구성 안정성 낮음,이벤트 최신성 지연 / 동시구매 재구성 안정성 낮음,raw basket detail과의 유사도가 낮습니다. | event freshness가 7일을 초과합니다. | basket parity가 낮습니다.,0.06621769073235362,0.2031461742707357,0.18291014342487721,0.2211114821994402,0.7878787878787878,None,None,None,0.7878787878787878,184,33,24,20,1000000045,1000000045,0.17105263157894737,0.4473684210526316,0.017361111111111088,low,27,0,관측 약함 / 관측 약함 / 관측 약함,0.023947384888067545,20
2026-04-18,1d,1,하루 기준,1000000044,고구마찰떡,https://godomall.speedycdn.net/a1ce4a197810c4cd52677b215337ca9e/goods/1000000044/image/list/1000000044_list_088.jpg,limited,limited,0.07098610023195641,Medium,hide,reconstructed_with_limitations,high,0.8373931623931623,제한 반영,제한 반영: 이벤트 최신성 지연 / 동시구매 재구성 안정성 낮음,이벤트 최신성 지연 / 동시구매 재구성 안정성 낮음,raw basket detail과의 유사도가 낮습니다. | event freshness가 7일을 초과합니다. | basket parity가 낮습니다.,0.06034633864753185,0.22574301047663212,0.27811114654548336,0.33729822993957426,0.8717948717948718,None,None,None,0.8717948717948718,145,78,48,19,1000000064,1000000064,0.24855491329479767,0.5202312138728323,0.3495726495726495,low,27,0,관측 약함 / 관측 약함 / 관측 약함,0.022670203345156053,21
2026-04-18,1d,1,하루 기준,1000000110,매화 3송이 2호,https://godomall.speedycdn.net/a1ce4a197810c4cd52677b215337ca9e/goods/1000000110/image/list/1000000110_list_026.jpg,limited,limited,0.05671741625037858,Medium,hide,reconstructed_with_limitations,medium,0.7526223776223776,제한 반영,제한 반영: 이벤트 최신성 지연 / 동시구매 재구성 안정성 낮음,이벤트 최신성 지연 / 동시구매 재구성 안정성 낮음,raw basket detail과의 유사도가 낮습니다. | event freshness가 7일을 초과합니다. | basket parity가 낮습니다.,0.0513052170772004,0.155867544958705,0.05711309711631774,0.0821917808219178,0.5555555555555556,None,None,None,0.5555555555555556,73,27,15,9,1000000084,1000000084,0.4666666666666667,0.6,0.010489510489510486,low,27,0,관측 약함 / 관측 약함 / 관측 약함,0.01811333987085409,22
2026-04-18,1d,1,하루 기준,1000000084,십리향 1단 (1호 2호 3호),https://godomall.speedycdn.net/a1ce4a197810c4cd52677b215337ca9e/goods/1000000084/image/list/1000000084_list_028.jpg,limited,limited,0.04699746184634644,Medium,hide,reconstructed_with_limitations,medium,0.7538940809968847,제한 반영,제한 반영: 이벤트 최신성 지연 / 동시구매 재구성 안정성 낮음,이벤트 최신성 지연 / 동시구매 재구성 안정성 낮음,raw basket detail과의 유사도가 낮습니다. | event freshness가 7일을 초과합니다. | basket parity가 낮습니다.,0.07908415336069927,0.14228575611546665,0.2131080424893167,0.04033042973794406,0.6363636363636364,None,None,None,0.6363636363636364,149,55,35,15,1000000087,1000000087,0.16981132075471697,0.41509433962264153,0.015576323987538906,low,27,0,관측 약함 / 관측 약함 / 관측 약함,0.015009163952962838,23
2026-04-18,1d,1,하루 기준,1000000035,떡국떡 500g,https://godomall.speedycdn.net/a1ce4a197810c4cd52677b215337ca9e/goods/1000000035/image/list/1000000035_list_093.jpg,limited,limited,0.041755437992978275,Medium,hide,reconstructed_with_limitations,high,0.8371518418688231,제한 반영,제한 반영: 이벤트 최신성 지연 / 동시구매 재구성 안정성 낮음,이벤트 최신성 지연 / 동시구매 재구성 안정성 낮음,raw basket detail과의 유사도가 낮습니다. | event freshness가 7일을 초과합니다. | basket parity가 낮습니다.,0.034002723803650166,0.20058222943497608,0.1583334948440104,0.1918835103013164,0.7073170731707317,None,None,None,0.7073170731707317,77,41,30,17,1000000064,1000000064,0.17647058823529413,0.4117647058823529,0.34860736747529203,low,27,0,관측 약함 / 관측 약함 / 관측 약함,0.013335065132099361,24
2026-04-18,1d,1,하루 기준,1000000069,설기세트,https://godomall.speedycdn.net/a1ce4a197810c4cd52677b215337ca9e/goods/1000000069/image/list/1000000069_list_033.jpg,limited,limited,0.04152619942001819,Medium,hide,reconstructed_with_limitations,high,0.8371829710144927,제한 반영,제한 반영: 이벤트 최신성 지연 / 동시구매 재구성 안정성 낮음,이벤트 최신성 지연 / 동시구매 재구성 안정성 낮음,raw basket detail과의 유사도가 낮습니다. | event freshness가 7일을 초과합니다. | basket parity가 낮습니다.,0.038165304343330805,0.13546776190076454,0.034140744763748794,0.15949893473402418,0.8636363636363636,None,None,None,0.8636363636363636,101,44,31,17,1000000064,1000000064,0.25675675675675674,0.527027027027027,0.348731884057971,low,27,0,관측 약함 / 관측 약함 / 관측 약함,0.013261855235421319,25
2026-04-18,1d,1,하루 기준,1000000083,백설기,https://godomall.speedycdn.net/a1ce4a197810c4cd52677b215337ca9e/goods/1000000083/image/list/1000000083_list_054.jpg,limited,limited,0.03804469647450834,Medium,hide,reconstructed_with_limitations,medium,0.7517942583732058,제한 반영,제한 반영: 이벤트 최신성 지연 / 동시구매 재구성 안정성 낮음,이벤트 최신성 지연 / 동시구매 재구성 안정성 낮음,raw basket detail과의 유사도가 낮습니다. | event freshness가 7일을 초과합니다. | basket parity가 낮습니다.,0.0315237574010326,0.22565500811434805,0.06539411845060358,0.319805850502194,0.4444444444444444,None,None,None,0.4444444444444444,77,9,7,9,1000000121,1000000121,0.2,0.4,0.0071770334928229484,low,27,0,관측 약함 / 관측 약함 / 관측 약함,0.01214999841466957,26
2026-04-18,1d,1,하루 기준,1000000090,일리향 1단 (1호 2호 3호),https://godomall.speedycdn.net/a1ce4a197810c4cd52677b215337ca9e/goods/1000000090/image/list/1000000090_list_073.jpg,limited,limited,0.02855584433220835,Medium,hide,reconstructed_with_limitations,high,0.8366161616161616,제한 반영,제한 반영: 이벤트 최신성 지연 / 동시구매 재구성 안정성 낮음,이벤트 최신성 지연 / 동시구매 재구성 안정성 낮음,raw basket detail과의 유사도가 낮습니다. | event freshness가 7일을 초과합니다. | basket parity가 낮습니다.,0.06018415133321831,0.10582468416780161,0.1278967674860864,0.0234375,0.5357142857142857,None,None,None,0.5357142857142857,128,56,36,13,1000000091,1000000091,0.23076923076923078,0.5384615384615384,0.34646464646464636,low,27,0,관측 약함 / 관측 약함 / 관측 약함,0.009119627583265304,27
2026-04-18,1d,1,하루 기준,1000000089,백리향 3단,https://godomall.speedycdn.net/a1ce4a197810c4cd52677b215337ca9e/goods/1000000089/image/list/1000000089_list_027.jpg,limited,limited,0.0280453391984331,Medium,hide,reconstructed_with_limitations,medium,0.7509469696969697,제한 반영,제한 반영: 이벤트 최신성 지연 / 동시구매 재구성 안정성 낮음,이벤트 최신성 지연 / 동시구매 재구성 안정성 낮음,raw basket detail과의 유사도가 낮습니다. | event freshness가 7일을 초과합니다. | basket parity가 낮습니다.,0.023261506705951566,0.41877115875706206,0.06669868755273502,0.17092700357431104,0.11764705882352941,Qualified,Deep,None,0.11764705882352941,49,17,13,2,1000000064,1000000064,0.5,1,0.0037878787878788214,low,27,0,선별 유입 / 깊은 확장 / 관측 약함,0.00895659207133249,28
2026-04-18,1d,1,하루 기준,1000000128,흑임자인절미,https://godomall.speedycdn.net/a1ce4a197810c4cd52677b215337ca9e/goods/1000000128/image/list/1000000128_list_033.jpg,limited,limited,0.026493777172696947,Medium,hide,reconstructed_with_limitations,high,0.8366583541147132,제한 반영,제한 반영: 이벤트 최신성 지연 / 동시구매 재구성 안정성 낮음,이벤트 최신성 지연 / 동시구매 재구성 안정성 낮음,raw basket detail과의 유사도가 낮습니다. | event freshness가 7일을 초과합니다. | basket parity가 낮습니다.,0.019246950830977536,0.13004946933649245,0.023245319614371648,0.07372418896626555,0.9615384615384616,None,None,None,0.9615384615384616,62,26,20,16,1000000064,1000000064,0.24615384615384617,0.4461538461538462,0.3466334164588529,low,27,0,관측 약함 / 관측 약함 / 관측 약함,0.008461083422299448,29
2026-04-18,1d,1,하루 기준,1000000065,흰인절미,https://godomall.speedycdn.net/a1ce4a197810c4cd52677b215337ca9e/goods/1000000065/image/list/1000000065_list_019.jpg,limited,limited,0.02379496254460634,Medium,hide,reconstructed_with_limitations,high,0.8378514056224899,제한 반영,제한 반영: 이벤트 최신성 지연 / 동시구매 재구성 안정성 낮음,이벤트 최신성 지연 / 동시구매 재구성 안정성 낮음,raw basket detail과의 유사도가 낮습니다. | event freshness가 7일을 초과합니다. | basket parity가 낮습니다.,0.014041021479702027,0.15266740385711236,0.04352691171972061,0.41542150709418335,1,None,None,None,1,48,14,11,18,1000000064,1000000064,0.21951219512195122,0.4634146341463415,0.35140562248995977,low,27,0,관측 약함 / 관측 약함 / 관측 약함,0.00759918685086119,30
2026-04-18,1d,1,하루 기준,1000000066,쑥인절미,https://godomall.speedycdn.net/a1ce4a197810c4cd52677b215337ca9e/goods/1000000066/image/list/1000000066_list_042.jpg,limited,limited,0.017949772516870834,Medium,hide,reconstructed_with_limitations,high,0.8379360465116279,제한 반영,제한 반영: 이벤트 최신성 지연 / 동시구매 재구성 안정성 낮음,이벤트 최신성 지연 / 동시구매 재구성 안정성 낮음,raw basket detail과의 유사도가 낮습니다. | event freshness가 7일을 초과합니다. | basket parity가 낮습니다.,0.029014059193868312,0.18051496128089686,0.009861877705884536,0.29932327763414024,0.8292682926829268,None,None,None,0.8292682926829268,90,41,30,19,1000000064,1000000064,0.20987654320987653,0.38271604938271603,0.3517441860465116,low,27,0,관측 약함 / 관측 약함 / 관측 약함,0.005732460180613873,31
2026-04-18,1d,1,하루 기준,1000000033,가래떡,https://godomall.speedycdn.net/a1ce4a197810c4cd52677b215337ca9e/goods/1000000033/image/list/1000000033_list_090.jpg,limited,limited,0.016687257983469754,Medium,hide,reconstructed_with_limitations,high,0.837202380952381,제한 반영,제한 반영: 이벤트 최신성 지연 / 동시구매 재구성 안정성 낮음,이벤트 최신성 지연 / 동시구매 재구성 안정성 낮음,raw basket detail과의 유사도가 낮습니다. | event freshness가 7일을 초과합니다. | basket parity가 낮습니다.,0.010611362666699951,0.13745114209087086,0.07348420019729274,0.06382978723404255,0.7272727272727273,None,None,None,0.7272727272727273,47,22,15,13,1000000035,1000000035,0.28125,0.46875,0.3488095238095239,low,27,0,관측 약함 / 관측 약함 / 관측 약함,0.0053292620741551035,32
2026-04-18,1d,1,하루 기준,1000000156,기원상,https://godomall.speedycdn.net/a1ce4a197810c4cd52677b215337ca9e/goods/1000000156/image/list/1000000156_list_085.jpg,limited,limited,0.016680568528598855,Medium,hide,reconstructed_with_limitations,high,0.8405797101449275,제한 반영,제한 반영: 이벤트 최신성 지연 / 동시구매 재구성 안정성 낮음,이벤트 최신성 지연 / 동시구매 재구성 안정성 낮음,raw basket detail과의 유사도가 낮습니다. | event freshness가 7일을 초과합니다. | basket parity가 낮습니다.,0.012934400326602926,0.18521217740072787,0.07383125731099405,0.14084507042253522,0.21153846153846154,None,None,None,0.21153846153846154,71,52,30,2,1000000153,1000000153,0.7272727272727273,1,0.36231884057971014,low,27,0,관측 약함 / 관측 약함 / 관측 약함,0.0053271257220848245,33
2026-04-18,1d,1,하루 기준,1000000071,마스코바도 호박설기,https://godomall.speedycdn.net/a1ce4a197810c4cd52677b215337ca9e/goods/1000000071/image/list/1000000071_list_020.jpg,limited,limited,0.01620107118156199,Medium,hide,reconstructed_with_limitations,high,0.8356401384083045,제한 반영,제한 반영: 이벤트 최신성 지연 / 동시구매 재구성 안정성 낮음,이벤트 최신성 지연 / 동시구매 재구성 안정성 낮음,raw basket detail과의 유사도가 낮습니다. | event freshness가 7일을 초과합니다. | basket parity가 낮습니다.,0.008023637265913586,0.11863899551637731,0.033592521059507705,0.30265049876626865,0.9,None,None,None,0.9,37,10,8,8,1000000064,1000000064,0.23809523809523808,0.5714285714285714,0.34256055363321797,low,27,0,관측 약함 / 관측 약함 / 관측 약함,0.005173992892907444,34
2026-04-18,1d,1,하루 기준,1000000143,"경기참기름, 경기들기름",https://godomall.speedycdn.net/a1ce4a197810c4cd52677b215337ca9e/goods/1000000143/image/list/1000000143_list_079.jpg,limited,limited,0.015311749050078052,Medium,hide,reconstructed_with_limitations,medium,0.754149377593361,제한 반영,제한 반영: 이벤트 최신성 지연 / 동시구매 재구성 안정성 낮음,이벤트 최신성 지연 / 동시구매 재구성 안정성 낮음,raw basket detail과의 유사도가 낮습니다. | event freshness가 7일을 초과합니다. | basket parity가 낮습니다.,0.00839022366002394,0.11933617996700802,0.015200660281865012,0.12177161221123269,0.8888888888888888,None,None,None,0.8888888888888888,26,9,7,12,1000000043,1000000043,0.15789473684210525,0.42105263157894735,0.016597510373443997,low,27,0,관측 약함 / 관측 약함 / 관측 약함,0.004889977944992157,35
2026-04-18,1d,1,하루 기준,1000000153,유밀상,https://godomall.speedycdn.net/a1ce4a197810c4cd52677b215337ca9e/goods/1000000153/image/list/1000000153_list_092.jpg,limited,limited,0.01367355656442284,Medium,hide,reconstructed_with_limitations,high,0.8397435897435896,제한 반영,제한 반영: 이벤트 최신성 지연 / 동시구매 재구성 안정성 낮음,이벤트 최신성 지연 / 동시구매 재구성 안정성 낮음,raw basket detail과의 유사도가 낮습니다. | event freshness가 7일을 초과합니다. | basket parity가 낮습니다.,0.008944770091401405,0.12474474732117659,0.08137758836035486,0.05454545454545454,0.5185185185185185,None,None,None,0.5185185185185185,55,27,20,2,1000000156,1000000156,0.5714285714285714,1,0.35897435897435886,low,27,0,관측 약함 / 관측 약함 / 관측 약함,0.004366802891749952,36
2026-04-18,1d,1,하루 기준,1000000154,화연상,https://godomall.speedycdn.net/a1ce4a197810c4cd52677b215337ca9e/goods/1000000154/image/list/1000000154_list_031.jpg,limited,limited,0.010938650208789846,Medium,hide,reconstructed_with_limitations,high,0.8405797101449275,제한 반영,제한 반영: 이벤트 최신성 지연 / 동시구매 재구성 안정성 낮음,이벤트 최신성 지연 / 동시구매 재구성 안정성 낮음,raw basket detail과의 유사도가 낮습니다. | event freshness가 7일을 초과합니다. | basket parity가 낮습니다.,0.005914762253137116,0.11684975506033066,0.009286984067250375,0.10526315789473684,0.6,None,None,None,0.6,38,15,11,2,1000000153,1000000153,0.6666666666666666,1,0.36231884057971014,low,27,0,관측 약함 / 관측 약함 / 관측 약함,0.0034933800243214888,37
2026-04-18,1d,1,하루 기준,1000000027,마스코바도 설기,https://godomall.speedycdn.net/a1ce4a197810c4cd52677b215337ca9e/goods/1000000027/image/list/1000000027_list_012.jpg,limited,limited,0.010278750939820898,Low,hide,reconstructed_with_limitations,medium,0.7521847690387016,제한 반영,제한 반영: 이벤트 최신성 지연 / 동시구매 재구성 안정성 낮음,이벤트 최신성 지연 / 동시구매 재구성 안정성 낮음,raw basket detail과의 유사도가 낮습니다. | event freshness가 7일을 초과합니다. | basket parity가 낮습니다.,0.002602149189876151,0.11500782761547278,0.04417658936191286,0.11764705882352941,1,None,None,None,1,17,6,5,7,1000000071,1000000071,0.21428571428571427,0.5714285714285714,0.008739076154806513,low,27,0,관측 약함 / 관측 약함 / 관측 약함,0.0032826338280103526,38
2026-04-18,1d,1,하루 기준,1000000070,마스코바도 쑥설기,https://godomall.speedycdn.net/a1ce4a197810c4cd52677b215337ca9e/goods/1000000070/image/list/1000000070_list_027.jpg,limited,limited,0.010218351882383854,Low,hide,reconstructed_with_limitations,medium,0.753934191702432,제한 반영,제한 반영: 이벤트 최신성 지연 / 동시구매 재구성 안정성 낮음,이벤트 최신성 지연 / 동시구매 재구성 안정성 낮음,raw basket detail과의 유사도가 낮습니다. | event freshness가 7일을 초과합니다. | basket parity가 낮습니다.,0.003659877245882678,0.10126468336408205,0.012836562375736413,0.1291641369439822,0.8461538461538461,None,None,None,0.8461538461538461,23,13,8,11,1000000064,1000000064,0.20689655172413793,0.5517241379310345,0.015736766809728204,low,27,0,관측 약함 / 관측 약함 / 관측 약함,0.003263344714937803,39
2026-04-18,1d,1,하루 기준,1000000028,마스코바도 딸기설기,https://godomall.speedycdn.net/a1ce4a197810c4cd52677b215337ca9e/goods/1000000028/image/list/1000000028_list_04.jpg,limited,limited,0.009703865178148684,Low,hide,reconstructed_with_limitations,medium,0.750805152979066,제한 반영,제한 반영: 이벤트 최신성 지연 / 동시구매 재구성 안정성 낮음,이벤트 최신성 지연 / 동시구매 재구성 안정성 낮음,raw basket detail과의 유사도가 낮습니다. | event freshness가 7일을 초과합니다. | basket parity가 낮습니다.,0.00222072661125578,0.060067608117438574,0.03166773224298391,0.15323369417713925,1,None,None,None,1,15,1,1,2,1000000045,1000000045,0.5,1,0.0032206119162641045,low,27,0,관측 약함 / 관측 약함 / 관측 약함,0.003099037644042538,40
2026-04-18,1d,1,하루 기준,1000000142,경기 미숫가루,https://godomall.speedycdn.net/a1ce4a197810c4cd52677b215337ca9e/goods/1000000142/image/list/1000000142_list_011.jpg,limited,limited,0.006143603922087015,Medium,hide,reconstructed_with_limitations,medium,0.7539808917197452,제한 반영,제한 반영: 이벤트 최신성 지연 / 동시구매 재구성 안정성 낮음,이벤트 최신성 지연 / 동시구매 재구성 안정성 낮음,raw basket detail과의 유사도가 낮습니다. | event freshness가 7일을 초과합니다. | basket parity가 낮습니다.,0.009827090661355396,0.14280735956123078,0.01415667964905933,0,0.8571428571428571,None,None,None,0.8571428571428571,35,14,13,15,1000000045,1000000045,0.16,0.32,0.015923566878980926,low,27,0,관측 약함 / 관측 약함 / 관측 약함,0.001962028477838701,41
2026-04-18,1d,1,하루 기준,1000000074,경기 콩약과(10ea),https://godomall.speedycdn.net/a1ce4a197810c4cd52677b215337ca9e/goods/1000000074/image/list/1000000074_list_06.jpg,unavailable,unavailable,,Low,hide,insufficient_reconstruction,low,0.5,산출 불가,산출 보류: 이벤트 최신성 지연 / 동시구매 재구성 안정성 낮음 외 1건,이벤트 최신성 지연 / 동시구매 재구성 안정성 낮음 외 1건,상품 단위 핵심 축이 모두 재구성되지 않았습니다. | event freshness가 7일을 초과합니다. | basket parity가 낮습니다.,0,0,0,0,0,None,None,None,0,3,0,0,0,,,0,0,0,low,27,0,관측 약함 / 관측 약함 / 관측 약함,0,42
2026-04-18,7d,7,최근 7일,1000000087,백리향 1단 (1호 2호 3호),https://godomall.speedycdn.net/a1ce4a197810c4cd52677b215337ca9e/goods/1000000087/image/list/1000000087_list_067.jpg,limited,limited,0.25971088680773535,Medium,hide,reconstructed_with_limitations,high,0.8376623376623377,제한 반영,제한 반영: 이벤트 최신성 지연 / 동시구매 재구성 안정성 낮음,이벤트 최신성 지연 / 동시구매 재구성 안정성 낮음,raw basket detail과의 유사도가 낮습니다. | event freshness가 7일을 초과합니다. | basket parity가 낮습니다.,0.2505882855061744,0.28564606304109647,0.40643672007858733,0.3241039450489323,0.25365853658536586,Broad,None,None,0.25365853658536586,3189,1435,763,168,1000000064,1000000064,0.1739130434782609,0.4057971014492754,0.35064935064935066,low,27,0,넓은 유입 / 관측 약함 / 관측 약함,0.08119872466320009,1
2026-04-18,7d,7,최근 7일,1000000045,완두시루떡,https://godomall.speedycdn.net/a1ce4a197810c4cd52677b215337ca9e/goods/1000000045/image/list/1000000045_list_095.jpg,limited,limited,0.2379361403949226,Medium,hide,reconstructed_with_limitations,high,0.8381958417169685,제한 반영,제한 반영: 이벤트 최신성 지연 / 동시구매 재구성 안정성 낮음,이벤트 최신성 지연 / 동시구매 재구성 안정성 낮음,raw basket detail과의 유사도가 낮습니다. | event freshness가 7일을 초과합니다. | basket parity가 낮습니다.,0.22403706186884076,0.28963153804052827,0.44233072306555005,0.5237790708278406,0.836734693877551,Broad,None,None,0.836734693877551,2162,1029,609,203,1000000064,1000000064,0.21201413427561835,0.4240282685512367,0.3527833668678739,low,27,0,넓은 유입 / 관측 약함 / 관측 약함,0.07439084047968528,2
2026-04-18,7d,7,최근 7일,1000000064,2색 이티,https://godomall.speedycdn.net/a1ce4a197810c4cd52677b215337ca9e/goods/1000000064/image/list/1000000064_list_053.jpg,limited,limited,0.19728242468597462,High,hide,reconstructed_with_limitations,medium,0.7560576293385723,제한 반영,제한 반영: 이벤트 최신성 지연 / 동시구매 재구성 안정성 낮음,이벤트 최신성 지연 / 동시구매 재구성 안정성 낮음,raw basket detail과의 유사도가 낮습니다. | event freshness가 7일을 초과합니다. | basket parity가 낮습니다.,1,0.2830673941394109,1,0.18057702873695175,0.3205882352941177,Broad,None,None,0.3205882352941177,11648,7140,4067,259,1000000127,1000000127,0.13279678068410464,0.3400402414486922,0.02423051735428946,low,27,0,넓은 유입 / 관측 약함 / 관측 약함,0.06168043812050101,3
2026-04-18,7d,7,최근 7일,1000000085,십리향 2단 (1호 2호 3호),https://godomall.speedycdn.net/a1ce4a197810c4cd52677b215337ca9e/goods/1000000085/image/list/1000000085_list_069.jpg,limited,limited,0.17874001499363176,Medium,hide,reconstructed_with_limitations,medium,0.7541562759767249,제한 반영,제한 반영: 이벤트 최신성 지연 / 동시구매 재구성 안정성 낮음,이벤트 최신성 지연 / 동시구매 재구성 안정성 낮음,raw basket detail과의 유사도가 낮습니다. | event freshness가 7일을 초과합니다. | basket parity가 낮습니다.,0.17981922076637452,0.30030683371632133,0.22674476805117724,0.17195445826681086,0.25210084033613445,Broad,None,None,0.25210084033613445,2248,833,560,140,1000000091,1000000091,0.15555555555555559,0.37777777777777777,0.01662510390689942,low,27,0,넓은 유입 / 관측 약함 / 관측 약함,0.055883145455155735,4
2026-04-18,7d,7,최근 7일,1000000063,쑥이티,https://godomall.speedycdn.net/a1ce4a197810c4cd52677b215337ca9e/goods/1000000063/image/list/1000000063_list_055.jpg,limited,limited,0.17092615536045844,Medium,hide,reconstructed_with_limitations,high,0.8371666666666667,제한 반영,제한 반영: 이벤트 최신성 지연 / 동시구매 재구성 안정성 낮음,이벤트 최신성 지연 / 동시구매 재구성 안정성 낮음,raw basket detail과의 유사도가 낮습니다. | event freshness가 7일을 초과합니다. | basket parity가 낮습니다.,0.1617220852748297,0.24947685787330035,0.1674237781384615,0.27007427433684744,0.6853146853146852,Broad,None,None,0.6853146853146852,2081,1001,665,161,1000000062,1000000062,0.20812182741116755,0.5177664974619289,0.3486666666666668,low,27,0,넓은 유입 / 관측 약함 / 관측 약함,0.05344013875370529,5
2026-04-18,7d,7,최근 7일,1000000091,일리향 2단 (1호 2호 3호),https://godomall.speedycdn.net/a1ce4a197810c4cd52677b215337ca9e/goods/1000000091/image/list/1000000091_list_092.jpg,limited,limited,0.151690571917272,Medium,hide,reconstructed_with_limitations,high,0.8388888888888889,제한 반영,제한 반영: 이벤트 최신성 지연 / 동시구매 재구성 안정성 낮음,이벤트 최신성 지연 / 동시구매 재구성 안정성 낮음,raw basket detail과의 유사도가 낮습니다. | event freshness가 7일을 초과합니다. | basket parity가 낮습니다.,0.18936578449126099,0.2563899457290909,0.1992477189614499,0.14306605101995756,0.6493506493506492,None,None,None,0.6493506493506492,1270,539,322,147,1000000064,1000000064,0.12857142857142856,0.37142857142857144,0.3555555555555555,low,27,0,관측 약함 / 관측 약함 / 관측 약함,0.0474261250058119,6
2026-04-18,7d,7,최근 7일,1000000108,매화 2송이 2호,https://godomall.speedycdn.net/a1ce4a197810c4cd52677b215337ca9e/goods/1000000108/image/list/1000000108_list_020.jpg,limited,limited,0.1365167030081471,Medium,hide,reconstructed_with_limitations,medium,0.7534332084893882,제한 반영,제한 반영: 이벤트 최신성 지연 / 동시구매 재구성 안정성 낮음,이벤트 최신성 지연 / 동시구매 재구성 안정성 낮음,raw basket detail과의 유사도가 낮습니다. | event freshness가 7일을 초과합니다. | basket parity가 낮습니다.,0.23470671279086416,0.2966521690785394,0.23651006014409207,0.22664517257590786,0.1297709923664122,Broad,None,None,0.1297709923664122,1728,917,455,77,1000000092,1000000092,0.2380952380952381,0.4761904761904762,0.013732833957553092,low,27,0,넓은 유입 / 관측 약함 / 관측 약함,0.042682008119638966,7
2026-04-18,7d,7,최근 7일,1000000093,매화 2송이 1호,https://godomall.speedycdn.net/a1ce4a197810c4cd52677b215337ca9e/goods/1000000093/image/list/1000000093_list_057.jpg,limited,limited,0.12002871978700458,High,hide,reconstructed_with_limitations,high,0.8369663941871026,제한 반영,제한 반영: 이벤트 최신성 지연 / 동시구매 재구성 안정성 낮음,이벤트 최신성 지연 / 동시구매 재구성 안정성 낮음,raw basket detail과의 유사도가 낮습니다. | event freshness가 7일을 초과합니다. | basket parity가 낮습니다.,0.6430909001088458,0.3063460356382537,0.351973929145125,0.11064478368559293,0.1519337016574586,Broad,None,None,0.1519337016574586,4984,2534,1379,112,1000000064,1000000064,0.5230769230769231,0.6769230769230771,0.34786557674841045,low,27,0,넓은 유입 / 관측 약함 / 관측 약함,0.037527032807355906,8
2026-04-18,7d,7,최근 7일,1000000086,십리향 3단,https://godomall.speedycdn.net/a1ce4a197810c4cd52677b215337ca9e/goods/1000000086/image/list/1000000086_list_048.jpg,limited,limited,0.1194053971805477,Medium,hide,reconstructed_with_limitations,high,0.8362068965517241,제한 반영,제한 반영: 이벤트 최신성 지연 / 동시구매 재구성 안정성 낮음,이벤트 최신성 지연 / 동시구매 재구성 안정성 낮음,raw basket detail과의 유사도가 낮습니다. | event freshness가 7일을 초과합니다. | basket parity가 낮습니다.,0.11030705699898748,0.6465401295459482,0.22062196530317418,0.28590883021915614,0.25301204819277107,Qualified,Deep,None,0.25301204819277107,1396,581,322,77,1000000064,1000000064,0.32,0.52,0.34482758620689646,low,27,0,선별 유입 / 깊은 확장 / 관측 약함,0.03733215071627318,9
2026-04-18,7d,7,최근 7일,1000000062,흰이티,https://godomall.speedycdn.net/a1ce4a197810c4cd52677b215337ca9e/goods/1000000062/image/list/1000000062_list_062.jpg,limited,limited,0.11831837315756132,Medium,hide,reconstructed_with_limitations,high,0.8372257607926398,제한 반영,제한 반영: 이벤트 최신성 지연 / 동시구매 재구성 안정성 낮음,이벤트 최신성 지연 / 동시구매 재구성 안정성 낮음,raw basket detail과의 유사도가 낮습니다. | event freshness가 7일을 초과합니다. | basket parity가 낮습니다.,0.11042168303479465,0.152017548987923,0.251552764947229,0.1161726102680243,0.6859504132231404,Broad,None,None,0.6859504132231404,1673,847,518,154,1000000063,1000000063,0.25949367088607594,0.6075949367088608,0.3489030431705591,low,27,0,넓은 유입 / 관측 약함 / 관측 약함,0.03699229217037365,10
2026-04-18,7d,7,최근 7일,1000000088,백리향 2단 (1호 2호),https://godomall.speedycdn.net/a1ce4a197810c4cd52677b215337ca9e/goods/1000000088/image/list/1000000088_list_033.jpg,limited,limited,0.11559394684567155,Medium,hide,reconstructed_with_limitations,medium,0.75256052141527,제한 반영,제한 반영: 이벤트 최신성 지연 / 동시구매 재구성 안정성 낮음,이벤트 최신성 지연 / 동시구매 재구성 안정성 낮음,raw basket detail과의 유사도가 낮습니다. | event freshness가 7일을 초과합니다. | basket parity가 낮습니다.,0.22493394729440386,0.35895058609830965,0.3572637799100484,0.10863318886713492,0.1103448275862069,Broad,None,None,0.1103448275862069,2476,1015,588,77,1000000087,1000000087,0.21052631578947367,0.5263157894736842,0.010242085661080091,low,27,0,넓은 유입 / 관측 약함 / 관측 약함,0.036140499068114965,11
2026-04-18,7d,7,최근 7일,1000000094,매화 3송이 1호,https://godomall.speedycdn.net/a1ce4a197810c4cd52677b215337ca9e/goods/1000000094/image/list/1000000094_list_039.jpg,limited,limited,0.11064852205562135,Medium,hide,reconstructed_with_limitations,high,0.8354700854700855,제한 반영,제한 반영: 이벤트 최신성 지연 / 동시구매 재구성 안정성 낮음,이벤트 최신성 지연 / 동시구매 재구성 안정성 낮음,raw basket detail과의 유사도가 낮습니다. | event freshness가 7일을 초과합니다. | basket parity가 낮습니다.,0.16626244292415132,0.26768519819405073,0.15539258371762968,0.1050738741961235,0.2346938775510204,None,None,None,0.2346938775510204,1306,686,378,63,1000000064,1000000064,0.3461538461538462,0.6538461538461539,0.3418803418803419,low,27,0,관측 약함 / 관측 약함 / 관측 약함,0.03459430980048089,12
2026-04-18,7d,7,최근 7일,1000000111,매화 3송이 3호,https://godomall.speedycdn.net/a1ce4a197810c4cd52677b215337ca9e/goods/1000000111/image/list/1000000111_list_056.jpg,limited,limited,0.1070577470808169,Medium,hide,reconstructed_with_limitations,high,0.8377742946708464,제한 반영,제한 반영: 이벤트 최신성 지연 / 동시구매 재구성 안정성 낮음,이벤트 최신성 지연 / 동시구매 재구성 안정성 낮음,raw basket detail과의 유사도가 낮습니다. | event freshness가 7일을 초과합니다. | basket parity가 낮습니다.,0.3246744710426248,0.308395541259582,0.29587826711371484,0.0998735799694485,0.16853932584269662,Broad,None,None,0.16853932584269662,2373,1246,637,119,1000000064,1000000064,0.20833333333333331,0.45833333333333337,0.35109717868338564,low,27,0,넓은 유입 / 관측 약함 / 관측 약함,0.03347165240213122,13
2026-04-18,7d,7,최근 7일,1000000043,모듬영양찰떡,https://godomall.speedycdn.net/a1ce4a197810c4cd52677b215337ca9e/goods/1000000043/image/list/1000000043_list_012.jpg,limited,limited,0.09867567748169485,Medium,hide,reconstructed_with_limitations,high,0.83793347487615,제한 반영,제한 반영: 이벤트 최신성 지연 / 동시구매 재구성 안정성 낮음,이벤트 최신성 지연 / 동시구매 재구성 안정성 낮음,raw basket detail과의 유사도가 낮습니다. | event freshness가 7일을 초과합니다. | basket parity가 낮습니다.,0.08707639085999773,0.282555476713689,0.3848329276598591,0.33605301250249175,0.8426966292134831,None,None,None,0.8426966292134831,1384,623,406,182,1000000064,1000000064,0.2072538860103627,0.4715025906735751,0.3517338995046001,low,27,0,관측 약함 / 관측 약함 / 관측 약함,0.030850994601248384,14
2026-04-18,7d,7,최근 7일,1000000042,약식,https://godomall.speedycdn.net/a1ce4a197810c4cd52677b215337ca9e/goods/1000000042/image/list/1000000042_list_03.jpg,limited,limited,0.09599718239069203,Medium,hide,reconstructed_with_limitations,high,0.8375550660792952,제한 반영,제한 반영: 이벤트 최신성 지연 / 동시구매 재구성 안정성 낮음,이벤트 최신성 지연 / 동시구매 재구성 안정성 낮음,raw basket detail과의 유사도가 낮습니다. | event freshness가 7일을 초과합니다. | basket parity가 낮습니다.,0.08528626860103858,0.31749485567957986,0.4583939210260843,0.15182535423469537,0.7721518987341771,None,None,None,0.7721518987341771,1334,553,357,161,1000000064,1000000064,0.21875,0.5390625,0.3502202643171807,low,27,0,관측 약함 / 관측 약함 / 관측 약함,0.03001356191569801,15
2026-04-18,7d,7,최근 7일,1000000127,흑임자이티,https://godomall.speedycdn.net/a1ce4a197810c4cd52677b215337ca9e/goods/1000000127/image/list/1000000127_list_053.jpg,limited,limited,0.09326393590310916,Medium,hide,reconstructed_with_limitations,high,0.837772397094431,제한 반영,제한 반영: 이벤트 최신성 지연 / 동시구매 재구성 안정성 낮음,이벤트 최신성 지연 / 동시구매 재구성 안정성 낮음,raw basket detail과의 유사도가 낮습니다. | event freshness가 7일을 초과합니다. | basket parity가 낮습니다.,0.10837197532838017,0.1705224687581435,0.08447626627370905,0.20976802632273234,0.8914728682170542,Broad,None,None,0.8914728682170542,1728,903,630,154,1000000064,1000000064,0.31279620853080564,0.6350710900473934,0.35108958837772397,low,27,0,넓은 유입 / 관측 약함 / 관측 약함,0.029159011181572644,16
2026-04-18,7d,7,최근 7일,1000000092,일리향 3단,https://godomall.speedycdn.net/a1ce4a197810c4cd52677b215337ca9e/goods/1000000092/image/list/1000000092_list_029.jpg,limited,limited,0.08508404921632703,Medium,hide,reconstructed_with_limitations,high,0.8366910866910867,제한 반영,제한 반영: 이벤트 최신성 지연 / 동시구매 재구성 안정성 낮음,이벤트 최신성 지연 / 동시구매 재구성 안정성 낮음,raw basket detail과의 유사도가 낮습니다. | event freshness가 7일을 초과합니다. | basket parity가 낮습니다.,0.07973382668762254,0.21356442184328212,0.13664542061124077,0.08201325019889952,0.37974683544303794,None,None,None,0.37974683544303794,1056,553,329,77,1000000064,1000000064,0.30555555555555564,0.6111111111111113,0.34676434676434675,low,27,0,관측 약함 / 관측 약함 / 관측 약함,0.026601565958462282,17
2026-04-18,7d,7,최근 7일,1000000112,매화 5송이 2호,https://godomall.speedycdn.net/a1ce4a197810c4cd52677b215337ca9e/goods/1000000112/image/list/1000000112_list_032.jpg,limited,limited,0.08243747045725955,Medium,hide,reconstructed_with_limitations,high,0.8350798403193612,제한 반영,제한 반영: 이벤트 최신성 지연 / 동시구매 재구성 안정성 낮음,이벤트 최신성 지연 / 동시구매 재구성 안정성 낮음,raw basket detail과의 유사도가 낮습니다. | event freshness가 7일을 초과합니다. | basket parity가 낮습니다.,0.07807392406608603,0.1770886936243683,0.08010210994918084,0.17248080910066826,0.21951219512195122,None,None,None,0.21951219512195122,660,287,182,49,1000000113,1000000113,0.45454545454545453,0.6363636363636364,0.340319361277445,low,27,0,관측 약함 / 관측 약함 / 관측 약함,0.025774111928334988,18
2026-04-18,7d,7,최근 7일,1000000113,매화 5송이 3호,https://godomall.speedycdn.net/a1ce4a197810c4cd52677b215337ca9e/goods/1000000113/image/list/1000000113_list_070.jpg,limited,limited,0.07628599958118767,Medium,hide,reconstructed_with_limitations,medium,0.7519509476031215,제한 반영,제한 반영: 이벤트 최신성 지연 / 동시구매 재구성 안정성 낮음,이벤트 최신성 지연 / 동시구매 재구성 안정성 낮음,raw basket detail과의 유사도가 낮습니다. | event freshness가 7일을 초과합니다. | basket parity가 낮습니다.,0.08688889735617186,0.21128655711459735,0.07218615333724729,0.12961276618204726,0.18333333333333332,None,None,None,0.18333333333333332,723,420,217,49,1000000112,1000000112,0.38461538461538464,0.6923076923076924,0.007803790412486059,low,27,0,관측 약함 / 관측 약함 / 관측 약함,0.023850851813676684,19
2026-04-18,7d,7,최근 7일,1000000121,깨송편 1kg,https://godomall.speedycdn.net/a1ce4a197810c4cd52677b215337ca9e/goods/1000000121/image/list/1000000121_list_089.jpg,limited,limited,0.0759922051356436,Medium,hide,reconstructed_with_limitations,medium,0.7543402777777778,제한 반영,제한 반영: 이벤트 최신성 지연 / 동시구매 재구성 안정성 낮음,이벤트 최신성 지연 / 동시구매 재구성 안정성 낮음,raw basket detail과의 유사도가 낮습니다. | event freshness가 7일을 초과합니다. | basket parity가 낮습니다.,0.06719814276229898,0.20807259170889705,0.17509538481791528,0.22743215505620418,0.787878787878788,None,None,None,0.787878787878788,1288,231,168,140,1000000045,1000000045,0.17105263157894737,0.4473684210526315,0.017361111111111088,low,27,0,관측 약함 / 관측 약함 / 관측 약함,0.023758996849163893,20
2026-04-18,7d,7,최근 7일,1000000044,고구마찰떡,https://godomall.speedycdn.net/a1ce4a197810c4cd52677b215337ca9e/goods/1000000044/image/list/1000000044_list_088.jpg,limited,limited,0.07065694253385163,Medium,hide,reconstructed_with_limitations,high,0.8373931623931624,제한 반영,제한 반영: 이벤트 최신성 지연 / 동시구매 재구성 안정성 낮음,이벤트 최신성 지연 / 동시구매 재구성 안정성 낮음,raw basket detail과의 유사도가 낮습니다. | event freshness가 7일을 초과합니다. | basket parity가 낮습니다.,0.06002424217281751,0.22905035108228974,0.2610622812073032,0.3501849805817377,0.871794871794872,None,None,None,0.871794871794872,1002,546,336,133,1000000064,1000000064,0.2485549132947977,0.5202312138728323,0.34957264957264955,low,27,0,관측 약함 / 관측 약함 / 관측 약함,0.022090924615713447,21
2026-04-18,7d,7,최근 7일,1000000110,매화 3송이 2호,https://godomall.speedycdn.net/a1ce4a197810c4cd52677b215337ca9e/goods/1000000110/image/list/1000000110_list_026.jpg,limited,limited,0.05788725299913587,Medium,hide,reconstructed_with_limitations,medium,0.7526223776223776,제한 반영,제한 반영: 이벤트 최신성 지연 / 동시구매 재구성 안정성 낮음,이벤트 최신성 지연 / 동시구매 재구성 안정성 낮음,raw basket detail과의 유사도가 낮습니다. | event freshness가 7일을 초과합니다. | basket parity가 낮습니다.,0.05234019960473297,0.17029674145830384,0.05533482041449734,0.09098158203406129,0.5555555555555555,None,None,None,0.5555555555555555,506,189,105,63,1000000084,1000000084,0.46666666666666673,0.6,0.010489510489510485,low,27,0,관측 약함 / 관측 약함 / 관측 약함,0.018098475483877323,22
2026-04-18,7d,7,최근 7일,1000000084,십리향 1단 (1호 2호 3호),https://godomall.speedycdn.net/a1ce4a197810c4cd52677b215337ca9e/goods/1000000084/image/list/1000000084_list_028.jpg,limited,limited,0.04813648126438711,Medium,hide,reconstructed_with_limitations,medium,0.7538940809968847,제한 반영,제한 반영: 이벤트 최신성 지연 / 동시구매 재구성 안정성 낮음,이벤트 최신성 지연 / 동시구매 재구성 안정성 낮음,raw basket detail과의 유사도가 낮습니다. | event freshness가 7일을 초과합니다. | basket parity가 낮습니다.,0.08005726330461527,0.14294374522469452,0.1986844075012026,0.04153895323063839,0.6363636363636364,None,None,None,0.6363636363636364,1038,385,245,105,1000000087,1000000087,0.16981132075471697,0.4150943396226415,0.015576323987538904,low,27,0,관측 약함 / 관측 약함 / 관측 약함,0.015049892349471745,23
2026-04-18,7d,7,최근 7일,1000000035,떡국떡 500g,https://godomall.speedycdn.net/a1ce4a197810c4cd52677b215337ca9e/goods/1000000035/image/list/1000000035_list_093.jpg,limited,limited,0.042670494453270244,Medium,hide,reconstructed_with_limitations,high,0.837151841868823,제한 반영,제한 반영: 이벤트 최신성 지연 / 동시구매 재구성 안정성 낮음,이벤트 최신성 지연 / 동시구매 재구성 안정성 낮음,raw basket detail과의 유사도가 낮습니다. | event freshness가 7일을 초과합니다. | basket parity가 낮습니다.,0.034870776931578154,0.20727333469062095,0.15217304502304627,0.19831869046603826,0.7073170731707316,None,None,None,0.7073170731707316,539,287,210,119,1000000064,1000000064,0.17647058823529413,0.41176470588235287,0.348607367475292,low,27,0,관측 약함 / 관측 약함 / 관측 약함,0.013340949133636782,24
2026-04-18,7d,7,최근 7일,1000000069,설기세트,https://godomall.speedycdn.net/a1ce4a197810c4cd52677b215337ca9e/goods/1000000069/image/list/1000000069_list_033.jpg,limited,limited,0.040906632172882325,Medium,hide,reconstructed_with_limitations,high,0.8371829710144928,제한 반영,제한 반영: 이벤트 최신성 지연 / 동시구매 재구성 안정성 낮음,이벤트 최신성 지연 / 동시구매 재구성 안정성 낮음,raw basket detail과의 유사도가 낮습니다. | event freshness가 7일을 초과합니다. | basket parity가 낮습니다.,0.039682731894112824,0.13910961339881878,0.03320254387223427,0.2083834639731463,0.8636363636363635,None,None,None,0.8636363636363635,710,308,217,119,1000000064,1000000064,0.25675675675675674,0.5270270270270271,0.34873188405797106,low,27,0,관측 약함 / 관측 약함 / 관측 약함,0.01278947680450392,25
2026-04-18,7d,7,최근 7일,1000000083,백설기,https://godomall.speedycdn.net/a1ce4a197810c4cd52677b215337ca9e/goods/1000000083/image/list/1000000083_list_054.jpg,limited,limited,0.03929894067774171,Medium,hide,reconstructed_with_limitations,medium,0.7517942583732058,제한 반영,제한 반영: 이벤트 최신성 지연 / 동시구매 재구성 안정성 낮음,이벤트 최신성 지연 / 동시구매 재구성 안정성 낮음,raw basket detail과의 유사도가 낮습니다. | event freshness가 7일을 초과합니다. | basket parity가 낮습니다.,0.03269578484663087,0.23141837829031367,0.0639366779384191,0.3280306863319984,0.44444444444444453,None,None,None,0.44444444444444453,545,63,49,63,1000000121,1000000121,0.19999999999999998,0.39999999999999997,0.0071770334928229484,low,27,0,관측 약함 / 관측 약함 / 관측 약함,0.012286831341073915,26
2026-04-18,7d,7,최근 7일,1000000089,백리향 3단,https://godomall.speedycdn.net/a1ce4a197810c4cd52677b215337ca9e/goods/1000000089/image/list/1000000089_list_027.jpg,limited,limited,0.0294632580927487,Medium,hide,reconstructed_with_limitations,medium,0.7509469696969697,제한 반영,제한 반영: 이벤트 최신성 지연 / 동시구매 재구성 안정성 낮음,이벤트 최신성 지연 / 동시구매 재구성 안정성 낮음,raw basket detail과의 유사도가 낮습니다. | event freshness가 7일을 초과합니다. | basket parity가 낮습니다.,0.02458725330608132,0.43348262742795657,0.06161777244483239,0.17533275244216373,0.11764705882352942,Qualified,Deep,None,0.11764705882352942,351,119,91,14,1000000064,1000000064,0.5,1,0.003787878787878822,low,27,0,선별 유입 / 깊은 확장 / 관측 약함,0.009211700791445789,27
2026-04-18,7d,7,최근 7일,1000000090,일리향 1단 (1호 2호 3호),https://godomall.speedycdn.net/a1ce4a197810c4cd52677b215337ca9e/goods/1000000090/image/list/1000000090_list_073.jpg,limited,limited,0.028672634513320444,Medium,hide,reconstructed_with_limitations,high,0.8366161616161616,제한 반영,제한 반영: 이벤트 최신성 지연 / 동시구매 재구성 안정성 낮음,이벤트 최신성 지연 / 동시구매 재구성 안정성 낮음,raw basket detail과의 유사도가 낮습니다. | event freshness가 7일을 초과합니다. | basket parity가 낮습니다.,0.062052915116825924,0.1128781199285306,0.1295303738440877,0.023490636526538832,0.5357142857142857,None,None,None,0.5357142857142857,894,392,252,91,1000000091,1000000091,0.2307692307692308,0.5384615384615384,0.34646464646464636,low,27,0,관측 약함 / 관측 약함 / 관측 약함,0.008964511976501137,28
2026-04-18,7d,7,최근 7일,1000000128,흑임자인절미,https://godomall.speedycdn.net/a1ce4a197810c4cd52677b215337ca9e/goods/1000000128/image/list/1000000128_list_033.jpg,limited,limited,0.026976373616671535,Medium,hide,reconstructed_with_limitations,high,0.8366583541147132,제한 반영,제한 반영: 이벤트 최신성 지연 / 동시구매 재구성 안정성 낮음,이벤트 최신성 지연 / 동시구매 재구성 안정성 낮음,raw basket detail과의 유사도가 낮습니다. | event freshness가 7일을 초과합니다. | basket parity가 낮습니다.,0.019669403369952283,0.13545773857324764,0.024361730610752634,0.0768010403607945,0.9615384615384616,None,None,None,0.9615384615384616,431,182,140,112,1000000064,1000000064,0.24615384615384617,0.44615384615384623,0.3466334164588529,low,27,0,관측 약함 / 관측 약함 / 관측 약함,0.008434175250163158,29
2026-04-18,7d,7,최근 7일,1000000065,흰인절미,https://godomall.speedycdn.net/a1ce4a197810c4cd52677b215337ca9e/goods/1000000065/image/list/1000000065_list_019.jpg,limited,limited,0.024725474272100305,Medium,hide,reconstructed_with_limitations,high,0.8378514056224899,제한 반영,제한 반영: 이벤트 최신성 지연 / 동시구매 재구성 안정성 낮음,이벤트 최신성 지연 / 동시구매 재구성 안정성 낮음,raw basket detail과의 유사도가 낮습니다. | event freshness가 7일을 초과합니다. | basket parity가 낮습니다.,0.014880257018892252,0.15649243383077227,0.04284178753165611,0.4266550638200215,1,None,None,None,1,344,98,77,126,1000000064,1000000064,0.21951219512195122,0.4634146341463415,0.35140562248995977,low,27,0,관측 약함 / 관측 약함 / 관측 약함,0.007730430565560383,30
2026-04-18,7d,7,최근 7일,1000000066,쑥인절미,https://godomall.speedycdn.net/a1ce4a197810c4cd52677b215337ca9e/goods/1000000066/image/list/1000000066_list_042.jpg,limited,limited,0.017813293417801218,Medium,hide,reconstructed_with_limitations,high,0.8379360465116279,제한 반영,제한 반영: 이벤트 최신성 지연 / 동시구매 재구성 안정성 낮음,이벤트 최신성 지연 / 동시구매 재구성 안정성 낮음,raw basket detail과의 유사도가 낮습니다. | event freshness가 7일을 초과합니다. | basket parity가 낮습니다.,0.02898832882115668,0.18572622041566506,0.009604014502816454,0.3146262960748957,0.8292682926829268,None,None,None,0.8292682926829268,616,287,210,133,1000000064,1000000064,0.20987654320987656,0.38271604938271603,0.3517441860465116,low,27,0,관측 약함 / 관측 약함 / 관측 약함,0.005569334136722661,31
2026-04-18,7d,7,최근 7일,1000000033,가래떡,https://godomall.speedycdn.net/a1ce4a197810c4cd52677b215337ca9e/goods/1000000033/image/list/1000000033_list_090.jpg,limited,limited,0.017195037895980963,Medium,hide,reconstructed_with_limitations,high,0.837202380952381,제한 반영,제한 반영: 이벤트 최신성 지연 / 동시구매 재구성 안정성 낮음,이벤트 최신성 지연 / 동시구매 재구성 안정성 낮음,raw basket detail과의 유사도가 낮습니다. | event freshness가 7일을 초과합니다. | basket parity가 낮습니다.,0.011036526610273299,0.14312214802292103,0.08115735847797956,0.06382978723404255,0.7272727272727274,None,None,None,0.7272727272727274,329,154,105,91,1000000035,1000000035,0.28125,0.46875,0.3488095238095239,low,27,0,관측 약함 / 관측 약함 / 관측 약함,0.005376036271912896,32
2026-04-18,7d,7,최근 7일,1000000156,기원상,https://godomall.speedycdn.net/a1ce4a197810c4cd52677b215337ca9e/goods/1000000156/image/list/1000000156_list_085.jpg,limited,limited,0.016972554499723402,Medium,hide,reconstructed_with_limitations,high,0.8405797101449275,제한 반영,제한 반영: 이벤트 최신성 지연 / 동시구매 재구성 안정성 낮음,이벤트 최신성 지연 / 동시구매 재구성 안정성 낮음,raw basket detail과의 유사도가 낮습니다. | event freshness가 7일을 초과합니다. | basket parity가 낮습니다.,0.013203589799227963,0.19042857395968946,0.07128277093830329,0.14170738718022421,0.2115384615384615,None,None,None,0.2115384615384615,494,364,210,14,1000000153,1000000153,0.7272727272727274,1,0.3623188405797101,low,27,0,관측 약함 / 관측 약함 / 관측 약함,0.005306476738783946,33
2026-04-18,7d,7,최근 7일,1000000071,마스코바도 호박설기,https://godomall.speedycdn.net/a1ce4a197810c4cd52677b215337ca9e/goods/1000000071/image/list/1000000071_list_020.jpg,limited,limited,0.016562844212833182,Medium,hide,reconstructed_with_limitations,high,0.8356401384083045,제한 반영,제한 반영: 이벤트 최신성 지연 / 동시구매 재구성 안정성 낮음,이벤트 최신성 지연 / 동시구매 재구성 안정성 낮음,raw basket detail과의 유사도가 낮습니다. | event freshness가 7일을 초과합니다. | basket parity가 낮습니다.,0.008256247311488742,0.12507750208225393,0.03199295088642059,0.3191061166105768,0.9000000000000001,None,None,None,0.9000000000000001,256,70,56,56,1000000064,1000000064,0.2380952380952381,0.5714285714285713,0.342560553633218,low,27,0,관측 약함 / 관측 약함 / 관측 약함,0.00517838063474381,34
2026-04-18,7d,7,최근 7일,1000000143,"경기참기름, 경기들기름",https://godomall.speedycdn.net/a1ce4a197810c4cd52677b215337ca9e/goods/1000000143/image/list/1000000143_list_079.jpg,limited,limited,0.015854661132602053,Medium,hide,reconstructed_with_limitations,medium,0.754149377593361,제한 반영,제한 반영: 이벤트 최신성 지연 / 동시구매 재구성 안정성 낮음,이벤트 최신성 지연 / 동시구매 재구성 안정성 낮음,raw basket detail과의 유사도가 낮습니다. | event freshness가 7일을 초과합니다. | basket parity가 낮습니다.,0.008850297607717479,0.12599771103043658,0.015076207075822124,0.1285808162112306,0.8888888888888891,None,None,None,0.8888888888888891,182,63,49,84,1000000043,1000000043,0.15789473684210528,0.42105263157894735,0.016597510373443997,low,27,0,관측 약함 / 관측 약함 / 관측 약함,0.004956966878664365,35
2026-04-18,7d,7,최근 7일,1000000153,유밀상,https://godomall.speedycdn.net/a1ce4a197810c4cd52677b215337ca9e/goods/1000000153/image/list/1000000153_list_092.jpg,limited,limited,0.014047730888989772,Medium,hide,reconstructed_with_limitations,high,0.8397435897435898,제한 반영,제한 반영: 이벤트 최신성 지연 / 동시구매 재구성 안정성 낮음,이벤트 최신성 지연 / 동시구매 재구성 안정성 낮음,raw basket detail과의 유사도가 낮습니다. | event freshness가 7일을 초과합니다. | basket parity가 낮습니다.,0.009299853181862232,0.12953933013607694,0.0794097948060111,0.05454545454545455,0.5185185185185185,None,None,None,0.5185185185185185,385,189,140,14,1000000156,1000000156,0.5714285714285713,1,0.3589743589743589,low,27,0,관측 약함 / 관측 약함 / 관측 약함,0.004392029331609204,36
2026-04-18,7d,7,최근 7일,1000000154,화연상,https://godomall.speedycdn.net/a1ce4a197810c4cd52677b215337ca9e/goods/1000000154/image/list/1000000154_list_031.jpg,limited,limited,0.011276013385269564,Medium,hide,reconstructed_with_limitations,high,0.8405797101449275,제한 반영,제한 반영: 이벤트 최신성 지연 / 동시구매 재구성 안정성 낮음,이벤트 최신성 지연 / 동시구매 재구성 안정성 낮음,raw basket detail과의 유사도가 낮습니다. | event freshness가 7일을 초과합니다. | basket parity가 낮습니다.,0.006219497081978912,0.12218573458804964,0.009084327650343418,0.10526315789473684,0.6,None,None,None,0.6,266,105,77,14,1000000153,1000000153,0.6666666666666666,1,0.3623188405797101,low,27,0,관측 약함 / 관측 약함 / 관측 약함,0.0035254506171198035,37
2026-04-18,7d,7,최근 7일,1000000070,마스코바도 쑥설기,https://godomall.speedycdn.net/a1ce4a197810c4cd52677b215337ca9e/goods/1000000070/image/list/1000000070_list_027.jpg,limited,limited,0.010565188886180932,Medium,hide,reconstructed_with_limitations,medium,0.753934191702432,제한 반영,제한 반영: 이벤트 최신성 지연 / 동시구매 재구성 안정성 낮음,이벤트 최신성 지연 / 동시구매 재구성 안정성 낮음,raw basket detail과의 유사도가 낮습니다. | event freshness가 7일을 초과합니다. | basket parity가 낮습니다.,0.0039220855585540325,0.10733611863658477,0.012853042726004434,0.13691879486282738,0.846153846153846,None,None,None,0.846153846153846,161,91,56,77,1000000064,1000000064,0.20689655172413793,0.5517241379310346,0.015736766809728204,low,27,0,관측 약함 / 관측 약함 / 관측 약함,0.003303211020255758,38
2026-04-18,7d,7,최근 7일,1000000027,마스코바도 설기,https://godomall.speedycdn.net/a1ce4a197810c4cd52677b215337ca9e/goods/1000000027/image/list/1000000027_list_012.jpg,limited,limited,0.010412656734613368,Medium,hide,reconstructed_with_limitations,medium,0.7521847690387016,제한 반영,제한 반영: 이벤트 최신성 지연 / 동시구매 재구성 안정성 낮음,이벤트 최신성 지연 / 동시구매 재구성 안정성 낮음,raw basket detail과의 유사도가 낮습니다. | event freshness가 7일을 초과합니다. | basket parity가 낮습니다.,0.002638728497094009,0.12611451827909131,0.042951879645108215,0.12394957983193278,1,None,None,None,1,113,42,35,49,1000000071,1000000071,0.21428571428571425,0.5714285714285713,0.008739076154806513,low,27,0,관측 약함 / 관측 약함 / 관측 약함,0.003255521774996705,39
2026-04-18,7d,7,최근 7일,1000000028,마스코바도 딸기설기,https://godomall.speedycdn.net/a1ce4a197810c4cd52677b215337ca9e/goods/1000000028/image/list/1000000028_list_04.jpg,limited,limited,0.010029424161030965,Medium,hide,reconstructed_with_limitations,medium,0.750805152979066,제한 반영,제한 반영: 이벤트 최신성 지연 / 동시구매 재구성 안정성 낮음,이벤트 최신성 지연 / 동시구매 재구성 안정성 낮음,raw basket detail과의 유사도가 낮습니다. | event freshness가 7일을 초과합니다. | basket parity가 낮습니다.,0.002440736534033329,0.06484666744323454,0.03206725821152391,0.16542660897748077,1,None,None,None,1,105,7,7,14,1000000045,1000000045,0.5,1,0.0032206119162641045,low,27,0,관측 약함 / 관측 약함 / 관측 약함,0.0031357039398386285,40
2026-04-18,7d,7,최근 7일,1000000072,마스코바도 흑임자설기,https://godomall.speedycdn.net/a1ce4a197810c4cd52677b215337ca9e/goods/1000000072/image/list/1000000072_list_015.jpg,limited,limited,0.006453646046536862,Medium,hide,reconstructed_with_limitations,medium,0.7548076923076923,제한 반영,제한 반영: 이벤트 최신성 지연 / 동시구매 재구성 안정성 낮음,이벤트 최신성 지연 / 동시구매 재구성 안정성 낮음,raw basket detail과의 유사도가 낮습니다. | event freshness가 7일을 초과합니다. | basket parity가 낮습니다.,0.0011458302606615568,0.06912123233862104,0.005340611823527942,0,1,None,None,None,1,78,24,24,54,1000000127,1000000127,0.19999999999999998,0.39999999999999997,0.019230769230769235,low,27,0,관측 약함 / 관측 약함 / 관측 약함,0.0020177353165577367,41
2026-04-18,7d,7,최근 7일,1000000142,경기 미숫가루,https://godomall.speedycdn.net/a1ce4a197810c4cd52677b215337ca9e/goods/1000000142/image/list/1000000142_list_011.jpg,limited,limited,0.006169295339382575,Medium,hide,reconstructed_with_limitations,medium,0.7539808917197452,제한 반영,제한 반영: 이벤트 최신성 지연 / 동시구매 재구성 안정성 낮음,이벤트 최신성 지연 / 동시구매 재구성 안정성 낮음,raw basket detail과의 유사도가 낮습니다. | event freshness가 7일을 초과합니다. | basket parity가 낮습니다.,0.010711241079018012,0.14606064220400145,0.014301149471219398,0,0.857142857142857,None,None,None,0.857142857142857,255,98,91,105,1000000045,1000000045,0.16,0.32,0.015923566878980926,low,27,0,관측 약함 / 관측 약함 / 관측 약함,0.0019288329410670243,42
2026-04-18,7d,7,최근 7일,1000000144,경기 미숫가루 쫀드기,https://godomall.speedycdn.net/a1ce4a197810c4cd52677b215337ca9e/goods/1000000144/image/list/1000000144_list_070.jpg,limited,limited,0.004121216811111994,Medium,hide,reconstructed_with_limitations,high,0.8368055555555556,제한 반영,제한 반영: 이벤트 최신성 지연 / 동시구매 재구성 안정성 낮음,이벤트 최신성 지연 / 동시구매 재구성 안정성 낮음,raw basket detail과의 유사도가 낮습니다. | event freshness가 7일을 초과합니다. | basket parity가 낮습니다.,0.025365426312218938,0.10787976935464967,0,0.07994006232548143,0.47368421052631576,None,None,None,0.47368421052631576,61,19,14,9,1000000064,1000000064,0.3125,0.625,0.3472222222222223,low,27,0,관측 약함 / 관측 약함 / 관측 약함,0.0012885002751947296,43
2026-04-18,7d,7,최근 7일,1000000074,경기 콩약과(10ea),https://godomall.speedycdn.net/a1ce4a197810c4cd52677b215337ca9e/goods/1000000074/image/list/1000000074_list_06.jpg,unavailable,unavailable,,Low,hide,insufficient_reconstruction,low,0.5,산출 불가,산출 보류: 이벤트 최신성 지연 / 동시구매 재구성 안정성 낮음 외 1건,이벤트 최신성 지연 / 동시구매 재구성 안정성 낮음 외 1건,상품 단위 핵심 축이 모두 재구성되지 않았습니다. | event freshness가 7일을 초과합니다. | basket parity가 낮습니다.,0,0,0,0,0,None,None,None,0,18,0,0,0,,,0,0,0,low,27,0,관측 약함 / 관측 약함 / 관측 약함,0,44
2026-04-18,30d,30,최근 30일,1000000087,백리향 1단 (1호 2호 3호),https://godomall.speedycdn.net/a1ce4a197810c4cd52677b215337ca9e/goods/1000000087/image/list/1000000087_list_067.jpg,limited,limited,0.25682036833382466,Medium,hide,reconstructed_with_limitations,high,0.8376623376623377,제한 반영,제한 반영: 이벤트 최신성 지연 / 동시구매 재구성 안정성 낮음,이벤트 최신성 지연 / 동시구매 재구성 안정성 낮음,raw basket detail과의 유사도가 낮습니다. | event freshness가 7일을 초과합니다. | basket parity가 낮습니다. | 30일 관측 이력이 충분하지 않습니다.,0.2509427405131351,0.24827063883966433,0.37056269232108907,0.30152030743413505,0.25365853658536597,Broad,None,None,0.25365853658536597,6406,2870,1526,336,1000000064,1000000064,0.1739130434782608,0.4057971014492754,0.3506493506493506,low,27,0,넓은 유입 / 관측 약함 / 관측 약함,0.08362553402123034,1
2026-04-18,30d,30,최근 30일,1000000045,완두시루떡,https://godomall.speedycdn.net/a1ce4a197810c4cd52677b215337ca9e/goods/1000000045/image/list/1000000045_list_095.jpg,limited,limited,0.23680114146099765,Medium,hide,reconstructed_with_limitations,high,0.8381958417169685,제한 반영,제한 반영: 이벤트 최신성 지연 / 동시구매 재구성 안정성 낮음,이벤트 최신성 지연 / 동시구매 재구성 안정성 낮음,raw basket detail과의 유사도가 낮습니다. | event freshness가 7일을 초과합니다. | basket parity가 낮습니다. | 30일 관측 이력이 충분하지 않습니다.,0.22354111655738157,0.261760267762152,0.40413271856745486,0.4838353538381416,0.836734693877551,Broad,None,None,0.836734693877551,4333,2058,1218,406,1000000064,1000000064,0.2120141342756184,0.4240282685512368,0.35278336686787387,low,27,0,넓은 유입 / 관측 약함 / 관측 약함,0.07710689786790062,2
2026-04-18,30d,30,최근 30일,1000000064,2색 이티,https://godomall.speedycdn.net/a1ce4a197810c4cd52677b215337ca9e/goods/1000000064/image/list/1000000064_list_053.jpg,limited,limited,0.18192569492738772,High,hide,reconstructed_with_limitations,medium,0.7560576293385723,제한 반영,제한 반영: 이벤트 최신성 지연 / 동시구매 재구성 안정성 낮음,이벤트 최신성 지연 / 동시구매 재구성 안정성 낮음,raw basket detail과의 유사도가 낮습니다. | event freshness가 7일을 초과합니다. | basket parity가 낮습니다. | 30일 관측 이력이 충분하지 않습니다.,1,0.23030639063939512,0.9285714285714286,0.1660525831017476,0.32058823529411773,Broad,None,None,0.32058823529411773,23282,14280,8134,518,1000000127,1000000127,0.13279678068410464,0.3400402414486922,0.024230517354289455,low,27,0,넓은 유입 / 관측 약함 / 관측 약함,0.0592384221282285,3
2026-04-18,30d,30,최근 30일,1000000085,십리향 2단 (1호 2호 3호),https://godomall.speedycdn.net/a1ce4a197810c4cd52677b215337ca9e/goods/1000000085/image/list/1000000085_list_069.jpg,limited,limited,0.17017169485310557,Medium,hide,reconstructed_with_limitations,medium,0.7541562759767249,제한 반영,제한 반영: 이벤트 최신성 지연 / 동시구매 재구성 안정성 낮음,이벤트 최신성 지연 / 동시구매 재구성 안정성 낮음,raw basket detail과의 유사도가 낮습니다. | event freshness가 7일을 초과합니다. | basket parity가 낮습니다. | 30일 관측 이력이 충분하지 않습니다.,0.17664900705800987,0.268630169299771,0.20657364892389526,0.16376538057594306,0.25210084033613445,Broad,None,None,0.25210084033613445,4470,1666,1120,280,1000000091,1000000091,0.1555555555555555,0.3777777777777778,0.01662510390689942,low,27,0,넓은 유입 / 관측 약함 / 관측 약함,0.05541109900944935,4
2026-04-18,30d,30,최근 30일,1000000063,쑥이티,https://godomall.speedycdn.net/a1ce4a197810c4cd52677b215337ca9e/goods/1000000063/image/list/1000000063_list_055.jpg,limited,limited,0.16830807781579227,Medium,hide,reconstructed_with_limitations,high,0.8371666666666667,제한 반영,제한 반영: 이벤트 최신성 지연 / 동시구매 재구성 안정성 낮음,이벤트 최신성 지연 / 동시구매 재구성 안정성 낮음,raw basket detail과의 유사도가 낮습니다. | event freshness가 7일을 초과합니다. | basket parity가 낮습니다. | 30일 관측 이력이 충분하지 않습니다.,0.15951118573490947,0.21818860524390332,0.1594976789340172,0.24588765840166474,0.6853146853146851,Broad,None,None,0.6853146853146851,4162,2002,1330,322,1000000062,1000000062,0.2081218274111675,0.5177664974619292,0.3486666666666668,low,27,0,넓은 유입 / 관측 약함 / 관측 약함,0.0548042703105908,5
2026-04-18,30d,30,최근 30일,1000000091,일리향 2단 (1호 2호 3호),https://godomall.speedycdn.net/a1ce4a197810c4cd52677b215337ca9e/goods/1000000091/image/list/1000000091_list_092.jpg,limited,limited,0.13899268955202854,Medium,hide,reconstructed_with_limitations,high,0.8388888888888889,제한 반영,제한 반영: 이벤트 최신성 지연 / 동시구매 재구성 안정성 낮음,이벤트 최신성 지연 / 동시구매 재구성 안정성 낮음,raw basket detail과의 유사도가 낮습니다. | event freshness가 7일을 초과합니다. | basket parity가 낮습니다. | 30일 관측 이력이 충분하지 않습니다.,0.1859425907804703,0.2302404664795253,0.1812159399349305,0.13072782472440864,0.6493506493506496,None,None,None,0.6493506493506496,2534,1078,644,294,1000000064,1000000064,0.12857142857142856,0.3714285714285715,0.3555555555555555,low,27,0,관측 약함 / 관측 약함 / 관측 약함,0.045258629462469356,6
2026-04-18,30d,30,최근 30일,1000000108,매화 2송이 2호,https://godomall.speedycdn.net/a1ce4a197810c4cd52677b215337ca9e/goods/1000000108/image/list/1000000108_list_020.jpg,limited,limited,0.13608148647086815,Medium,hide,reconstructed_with_limitations,medium,0.7534332084893882,제한 반영,제한 반영: 이벤트 최신성 지연 / 동시구매 재구성 안정성 낮음,이벤트 최신성 지연 / 동시구매 재구성 안정성 낮음,raw basket detail과의 유사도가 낮습니다. | event freshness가 7일을 초과합니다. | basket parity가 낮습니다. | 30일 관측 이력이 충분하지 않습니다.,0.2327555175821984,0.26621967837025035,0.2160559893984814,0.20694683969197308,0.12977099236641226,Broad,None,None,0.12977099236641226,3467,1834,910,154,1000000092,1000000092,0.2380952380952381,0.4761904761904762,0.013732833957553092,low,27,0,넓은 유입 / 관측 약함 / 관측 약함,0.04431068707812607,7
2026-04-18,30d,30,최근 30일,1000000086,십리향 3단,https://godomall.speedycdn.net/a1ce4a197810c4cd52677b215337ca9e/goods/1000000086/image/list/1000000086_list_048.jpg,limited,limited,0.1169110017513916,Medium,hide,reconstructed_with_limitations,high,0.8362068965517241,제한 반영,제한 반영: 이벤트 최신성 지연 / 동시구매 재구성 안정성 낮음,이벤트 최신성 지연 / 동시구매 재구성 안정성 낮음,raw basket detail과의 유사도가 낮습니다. | event freshness가 7일을 초과합니다. | basket parity가 낮습니다. | 30일 관측 이력이 충분하지 않습니다.,0.10825139131738096,0.616113171117478,0.20362221324379595,0.262269581797015,0.25301204819277107,Qualified,Deep,None,0.25301204819277107,2794,1162,644,154,1000000064,1000000064,0.31999999999999995,0.5199999999999998,0.34482758620689646,low,27,0,선별 유입 / 깊은 확장 / 관측 약함,0.038068417306017344,8
2026-04-18,30d,30,최근 30일,1000000094,매화 3송이 1호,https://godomall.speedycdn.net/a1ce4a197810c4cd52677b215337ca9e/goods/1000000094/image/list/1000000094_list_039.jpg,limited,limited,0.11553761339339157,Medium,hide,reconstructed_with_limitations,high,0.8354700854700855,제한 반영,제한 반영: 이벤트 최신성 지연 / 동시구매 재구성 안정성 낮음,이벤트 최신성 지연 / 동시구매 재구성 안정성 낮음,raw basket detail과의 유사도가 낮습니다. | event freshness가 7일을 초과합니다. | basket parity가 낮습니다. | 30일 관측 이력이 충분하지 않습니다.,0.16590587781273486,0.23888250429345095,0.17263311564265765,0.1100048917908473,0.23469387755102036,None,None,None,0.23469387755102036,2627,1372,756,126,1000000064,1000000064,0.34615384615384615,0.653846153846154,0.3418803418803419,low,27,0,관측 약함 / 관측 약함 / 관측 약함,0.03762121626973892,9
2026-04-18,30d,30,최근 30일,1000000062,흰이티,https://godomall.speedycdn.net/a1ce4a197810c4cd52677b215337ca9e/goods/1000000062/image/list/1000000062_list_062.jpg,limited,limited,0.11381243356184921,Medium,hide,reconstructed_with_limitations,high,0.8372257607926398,제한 반영,제한 반영: 이벤트 최신성 지연 / 동시구매 재구성 안정성 낮음,이벤트 최신성 지연 / 동시구매 재구성 안정성 낮음,raw basket detail과의 유사도가 낮습니다. | event freshness가 7일을 초과합니다. | basket parity가 낮습니다. | 30일 관측 이력이 충분하지 않습니다.,0.10836758957516257,0.11334289512938192,0.22724048751973822,0.10636483623177402,0.6859504132231404,Broad,None,None,0.6859504132231404,3345,1694,1036,308,1000000063,1000000063,0.25949367088607594,0.6075949367088607,0.34890304317055904,low,27,0,넓은 유입 / 관측 약함 / 관측 약함,0.03705946532439388,10
2026-04-18,30d,30,최근 30일,1000000093,매화 2송이 1호,https://godomall.speedycdn.net/a1ce4a197810c4cd52677b215337ca9e/goods/1000000093/image/list/1000000093_list_057.jpg,limited,limited,0.11192842048904422,High,hide,reconstructed_with_limitations,high,0.8369663941871026,제한 반영,제한 반영: 이벤트 최신성 지연 / 동시구매 재구성 안정성 낮음,이벤트 최신성 지연 / 동시구매 재구성 안정성 낮음,raw basket detail과의 유사도가 낮습니다. | event freshness가 7일을 초과합니다. | basket parity가 낮습니다. | 30일 관측 이력이 충분하지 않습니다.,0.6384657954564894,0.2705596372096963,0.3234605545220562,0.10300387908148113,0.1519337016574585,Broad,None,None,0.1519337016574585,9927,5068,2758,224,1000000064,1000000064,0.5230769230769231,0.676923076923077,0.34786557674841045,low,27,0,넓은 유입 / 관측 약함 / 관측 약함,0.03644599529342069,11
2026-04-18,30d,30,최근 30일,1000000088,백리향 2단 (1호 2호),https://godomall.speedycdn.net/a1ce4a197810c4cd52677b215337ca9e/goods/1000000088/image/list/1000000088_list_033.jpg,limited,limited,0.10931654104534949,Medium,hide,reconstructed_with_limitations,medium,0.75256052141527,제한 반영,제한 반영: 이벤트 최신성 지연 / 동시구매 재구성 안정성 낮음,이벤트 최신성 지연 / 동시구매 재구성 안정성 낮음,raw basket detail과의 유사도가 낮습니다. | event freshness가 7일을 초과합니다. | basket parity가 낮습니다. | 30일 관측 이력이 충분하지 않습니다.,0.22314237876264492,0.33414683306960086,0.34041736825956337,0.10265231868715845,0.1103448275862069,Broad,None,None,0.1103448275862069,4954,2030,1176,154,1000000087,1000000087,0.21052631578947364,0.5263157894736842,0.010242085661080091,low,27,0,넓은 유입 / 관측 약함 / 관측 약함,0.03559551830557472,12
2026-04-18,30d,30,최근 30일,1000000111,매화 3송이 3호,https://godomall.speedycdn.net/a1ce4a197810c4cd52677b215337ca9e/goods/1000000111/image/list/1000000111_list_056.jpg,limited,limited,0.09995493904994618,Medium,hide,reconstructed_with_limitations,high,0.8377742946708464,제한 반영,제한 반영: 이벤트 최신성 지연 / 동시구매 재구성 안정성 낮음,이벤트 최신성 지연 / 동시구매 재구성 안정성 낮음,raw basket detail과의 유사도가 낮습니다. | event freshness가 7일을 초과합니다. | basket parity가 낮습니다. | 30일 관측 이력이 충분하지 않습니다.,0.32072152271225757,0.28040692290940306,0.2777535604082881,0.09311174061502019,0.16853932584269665,Broad,None,None,0.16853932584269665,4735,2492,1274,238,1000000064,1000000064,0.20833333333333334,0.4583333333333332,0.35109717868338564,low,27,0,넓은 유입 / 관측 약함 / 관측 약함,0.0325472049212476,13
2026-04-18,30d,30,최근 30일,1000000043,모듬영양찰떡,https://godomall.speedycdn.net/a1ce4a197810c4cd52677b215337ca9e/goods/1000000043/image/list/1000000043_list_012.jpg,limited,limited,0.09565037195024911,Medium,hide,reconstructed_with_limitations,high,0.83793347487615,제한 반영,제한 반영: 이벤트 최신성 지연 / 동시구매 재구성 안정성 낮음,이벤트 최신성 지연 / 동시구매 재구성 안정성 낮음,raw basket detail과의 유사도가 낮습니다. | event freshness가 7일을 초과합니다. | basket parity가 낮습니다. | 30일 관측 이력이 충분하지 않습니다.,0.08458779421656035,0.2518496755944145,0.34914626177675506,0.31548259481358093,0.8426966292134831,None,None,None,0.8426966292134831,2750,1246,812,364,1000000064,1000000064,0.20725388601036268,0.4715025906735751,0.35173389950460004,low,27,0,관측 약함 / 관측 약함 / 관측 약함,0.03114555705048962,14
2026-04-18,30d,30,최근 30일,1000000042,약식,https://godomall.speedycdn.net/a1ce4a197810c4cd52677b215337ca9e/goods/1000000042/image/list/1000000042_list_03.jpg,limited,limited,0.09417877960576328,Medium,hide,reconstructed_with_limitations,high,0.8375550660792952,제한 반영,제한 반영: 이벤트 최신성 지연 / 동시구매 재구성 안정성 낮음,이벤트 최신성 지연 / 동시구매 재구성 안정성 낮음,raw basket detail과의 유사도가 낮습니다. | event freshness가 7일을 초과합니다. | basket parity가 낮습니다. | 30일 관측 이력이 충분하지 않습니다.,0.08341879976990285,0.38533914612717635,0.41342947498288846,0.13899065302925964,0.7721518987341772,None,None,None,0.7721518987341772,2660,1106,714,322,1000000064,1000000064,0.21875,0.5390625,0.35022026431718073,low,27,0,관측 약함 / 관측 약함 / 관측 약함,0.03066637895232094,15
2026-04-18,30d,30,최근 30일,1000000112,매화 5송이 2호,https://godomall.speedycdn.net/a1ce4a197810c4cd52677b215337ca9e/goods/1000000112/image/list/1000000112_list_032.jpg,limited,limited,0.07994774037203858,Medium,hide,reconstructed_with_limitations,high,0.8350798403193612,제한 반영,제한 반영: 이벤트 최신성 지연 / 동시구매 재구성 안정성 낮음,이벤트 최신성 지연 / 동시구매 재구성 안정성 낮음,raw basket detail과의 유사도가 낮습니다. | event freshness가 7일을 초과합니다. | basket parity가 낮습니다. | 30일 관측 이력이 충분하지 않습니다.,0.07577092412037353,0.15323274876110263,0.09080376964502876,0.1568164042957197,0.21951219512195128,None,None,None,0.21951219512195128,1312,574,364,98,1000000113,1000000113,0.4545454545454544,0.6363636363636365,0.340319361277445,low,27,0,관측 약함 / 관측 약함 / 관측 약함,0.026032485374026554,16
2026-04-18,30d,30,최근 30일,1000000127,흑임자이티,https://godomall.speedycdn.net/a1ce4a197810c4cd52677b215337ca9e/goods/1000000127/image/list/1000000127_list_053.jpg,limited,limited,0.07991024642175694,Medium,hide,reconstructed_with_limitations,high,0.837772397094431,제한 반영,제한 반영: 이벤트 최신성 지연 / 동시구매 재구성 안정성 낮음,이벤트 최신성 지연 / 동시구매 재구성 안정성 낮음,raw basket detail과의 유사도가 낮습니다. | event freshness가 7일을 초과합니다. | basket parity가 낮습니다. | 30일 관측 이력이 충분하지 않습니다.,0.10680636799143396,0.130402167795368,0.07155765190632471,0.1918600299951906,0.8914728682170542,Broad,None,None,0.8914728682170542,3460,1806,1260,308,1000000064,1000000064,0.31279620853080564,0.6350710900473934,0.35108958837772397,low,27,0,넓은 유입 / 관측 약함 / 관측 약함,0.026020276639823696,17
2026-04-18,30d,30,최근 30일,1000000092,일리향 3단,https://godomall.speedycdn.net/a1ce4a197810c4cd52677b215337ca9e/goods/1000000092/image/list/1000000092_list_029.jpg,limited,limited,0.07915577852536775,Medium,hide,reconstructed_with_limitations,high,0.8366910866910867,제한 반영,제한 반영: 이벤트 최신성 지연 / 동시구매 재구성 안정성 낮음,이벤트 최신성 지연 / 동시구매 재구성 안정성 낮음,raw basket detail과의 유사도가 낮습니다. | event freshness가 7일을 초과합니다. | basket parity가 낮습니다. | 30일 관측 이력이 충분하지 않습니다.,0.07902976938010939,0.18669745973950608,0.12705266201221105,0.0740761611987262,0.3797468354430381,None,None,None,0.3797468354430381,2141,1106,658,154,1000000064,1000000064,0.30555555555555547,0.6111111111111109,0.34676434676434675,low,27,0,관측 약함 / 관측 약함 / 관측 약함,0.025774607726774673,18
2026-04-18,30d,30,최근 30일,1000000121,깨송편 1kg,https://godomall.speedycdn.net/a1ce4a197810c4cd52677b215337ca9e/goods/1000000121/image/list/1000000121_list_089.jpg,limited,limited,0.07394765964305702,Medium,hide,reconstructed_with_limitations,medium,0.7543402777777778,제한 반영,제한 반영: 이벤트 최신성 지연 / 동시구매 재구성 안정성 낮음,이벤트 최신성 지연 / 동시구매 재구성 안정성 낮음,raw basket detail과의 유사도가 낮습니다. | event freshness가 7일을 초과합니다. | basket parity가 낮습니다. | 30일 관측 이력이 충분하지 않습니다.,0.06555714982379972,0.1770713986999067,0.15934741927027232,0.20856354753678488,0.7878787878787878,None,None,None,0.7878787878787878,2574,462,336,280,1000000045,1000000045,0.17105263157894737,0.4473684210526317,0.017361111111111084,low,27,0,관측 약함 / 관측 약함 / 관측 약함,0.02407874643039507,19
2026-04-18,30d,30,최근 30일,1000000113,매화 5송이 3호,https://godomall.speedycdn.net/a1ce4a197810c4cd52677b215337ca9e/goods/1000000113/image/list/1000000113_list_070.jpg,limited,limited,0.06909997380873023,Medium,hide,reconstructed_with_limitations,medium,0.7519509476031215,제한 반영,제한 반영: 이벤트 최신성 지연 / 동시구매 재구성 안정성 낮음,이벤트 최신성 지연 / 동시구매 재구성 안정성 낮음,raw basket detail과의 유사도가 낮습니다. | event freshness가 7일을 초과합니다. | basket parity가 낮습니다. | 30일 관측 이력이 충분하지 않습니다.,0.08380603090506811,0.18714587734163007,0.06527247734190485,0.11835835888229333,0.1833333333333333,Heavy,None,None,0.1833333333333333,1435,840,434,98,1000000112,1000000112,0.3846153846153847,0.6923076923076923,0.0078037904124860615,low,27,0,Heavy / 관측 약함 / 관측 약함,0.022500248901975554,20
2026-04-18,30d,30,최근 30일,1000000044,고구마찰떡,https://godomall.speedycdn.net/a1ce4a197810c4cd52677b215337ca9e/goods/1000000044/image/list/1000000044_list_088.jpg,limited,limited,0.06819274546253444,Medium,hide,reconstructed_with_limitations,high,0.8373931623931624,제한 반영,제한 반영: 이벤트 최신성 지연 / 동시구매 재구성 안정성 낮음,이벤트 최신성 지연 / 동시구매 재구성 안정성 낮음,raw basket detail과의 유사도가 낮습니다. | event freshness가 7일을 초과합니다. | basket parity가 낮습니다. | 30일 관측 이력이 충분하지 않습니다.,0.058012788487090385,0.2058774923519473,0.23457168139310816,0.32640266188032413,0.8717948717948721,None,None,None,0.8717948717948721,1989,1092,672,266,1000000064,1000000064,0.24855491329479765,0.5202312138728323,0.34957264957264955,low,27,0,관측 약함 / 관측 약함 / 관측 약함,0.022204838318219965,21
2026-04-18,30d,30,최근 30일,1000000110,매화 3송이 2호,https://godomall.speedycdn.net/a1ce4a197810c4cd52677b215337ca9e/goods/1000000110/image/list/1000000110_list_026.jpg,limited,limited,0.05497365196848045,Medium,hide,reconstructed_with_limitations,medium,0.7526223776223776,제한 반영,제한 반영: 이벤트 최신성 지연 / 동시구매 재구성 안정성 낮음,이벤트 최신성 지연 / 동시구매 재구성 안정성 낮음,raw basket detail과의 유사도가 낮습니다. | event freshness가 7일을 초과합니다. | basket parity가 낮습니다. | 30일 관측 이력이 충분하지 않습니다.,0.04966195372588789,0.14750136476761347,0.04964024132956995,0.08654265777312273,0.5555555555555555,None,None,None,0.5555555555555555,1005,378,210,126,1000000084,1000000084,0.46666666666666673,0.5999999999999999,0.010489510489510485,low,27,0,관측 약함 / 관측 약함 / 관측 약함,0.017900453273183632,22
2026-04-18,30d,30,최근 30일,1000000084,십리향 1단 (1호 2호 3호),https://godomall.speedycdn.net/a1ce4a197810c4cd52677b215337ca9e/goods/1000000084/image/list/1000000084_list_028.jpg,limited,limited,0.04410909507477703,Medium,hide,reconstructed_with_limitations,medium,0.7538940809968847,제한 반영,제한 반영: 이벤트 최신성 지연 / 동시구매 재구성 안정성 낮음,이벤트 최신성 지연 / 동시구매 재구성 안정성 낮음,raw basket detail과의 유사도가 낮습니다. | event freshness가 7일을 초과합니다. | basket parity가 낮습니다. | 30일 관측 이력이 충분하지 않습니다.,0.07732413176806066,0.10765800402458604,0.1748121031167679,0.037904719506102115,0.6363636363636365,None,None,None,0.6363636363636365,2070,770,490,210,1000000087,1000000087,0.169811320754717,0.4150943396226416,0.01557632398753891,low,27,0,관측 약함 / 관측 약함 / 관측 약함,0.01436274955429863,23
2026-04-18,30d,30,최근 30일,1000000035,떡국떡 500g,https://godomall.speedycdn.net/a1ce4a197810c4cd52677b215337ca9e/goods/1000000035/image/list/1000000035_list_093.jpg,limited,limited,0.04086280573289351,Medium,hide,reconstructed_with_limitations,high,0.837151841868823,제한 반영,제한 반영: 이벤트 최신성 지연 / 동시구매 재구성 안정성 낮음,이벤트 최신성 지연 / 동시구매 재구성 안정성 낮음,raw basket detail과의 유사도가 낮습니다. | event freshness가 7일을 초과합니다. | basket parity가 낮습니다. | 30일 관측 이력이 충분하지 않습니다.,0.03344253463698231,0.18388476213533972,0.13294657962952292,0.1791208997459568,0.7073170731707316,None,None,None,0.7073170731707316,1078,574,420,238,1000000064,1000000064,0.1764705882352941,0.411764705882353,0.348607367475292,low,27,0,관측 약함 / 관측 약함 / 관측 약함,0.013305696791841848,24
2026-04-18,30d,30,최근 30일,1000000083,백설기,https://godomall.speedycdn.net/a1ce4a197810c4cd52677b215337ca9e/goods/1000000083/image/list/1000000083_list_054.jpg,limited,limited,0.03772641237200351,Medium,hide,reconstructed_with_limitations,medium,0.7517942583732058,제한 반영,제한 반영: 이벤트 최신성 지연 / 동시구매 재구성 안정성 낮음,이벤트 최신성 지연 / 동시구매 재구성 안정성 낮음,raw basket detail과의 유사도가 낮습니다. | event freshness가 7일을 초과합니다. | basket parity가 낮습니다. | 30일 관측 이력이 충분하지 않습니다.,0.031485102203838065,0.2005739667475271,0.05763078101907731,0.3060840669460214,0.4444444444444446,None,None,None,0.4444444444444446,1090,126,98,126,1000000121,1000000121,0.2,0.4,0.0071770334928229484,low,27,0,관측 약함 / 관측 약함 / 관측 약함,0.012284428224217403,25
2026-04-18,30d,30,최근 30일,1000000069,설기세트,https://godomall.speedycdn.net/a1ce4a197810c4cd52677b215337ca9e/goods/1000000069/image/list/1000000069_list_033.jpg,limited,limited,0.03757556494711103,Medium,hide,reconstructed_with_limitations,high,0.8371829710144928,제한 반영,제한 반영: 이벤트 최신성 지연 / 동시구매 재구성 안정성 낮음,이벤트 최신성 지연 / 동시구매 재구성 안정성 낮음,raw basket detail과의 유사도가 낮습니다. | event freshness가 7일을 초과합니다. | basket parity가 낮습니다. | 30일 관측 이력이 충분하지 않습니다.,0.038763516222079075,0.10878532838258605,0.03012084511868854,0.20114725137736408,0.8636363636363634,None,None,None,0.8636363636363634,1432,616,434,238,1000000064,1000000064,0.2567567567567567,0.5270270270270271,0.34873188405797106,low,27,0,관측 약함 / 관측 약함 / 관측 약함,0.01223530947034207,26
2026-04-18,30d,30,최근 30일,1000000089,백리향 3단,https://godomall.speedycdn.net/a1ce4a197810c4cd52677b215337ca9e/goods/1000000089/image/list/1000000089_list_027.jpg,limited,limited,0.028286635636498882,Medium,hide,reconstructed_with_limitations,medium,0.7509469696969697,제한 반영,제한 반영: 이벤트 최신성 지연 / 동시구매 재구성 안정성 낮음,이벤트 최신성 지연 / 동시구매 재구성 안정성 낮음,raw basket detail과의 유사도가 낮습니다. | event freshness가 7일을 초과합니다. | basket parity가 낮습니다. | 30일 관측 이력이 충분하지 않습니다.,0.02366329463162425,0.4146425489145598,0.05737844843479272,0.1572254833412658,0.11764705882352942,Qualified,Deep,None,0.11764705882352942,702,238,182,28,1000000064,1000000064,0.5,1,0.0037878787878788205,low,27,0,선별 유입 / 깊은 확장 / 관측 약함,0.009210659676694485,27
2026-04-18,30d,30,최근 30일,1000000090,일리향 1단 (1호 2호 3호),https://godomall.speedycdn.net/a1ce4a197810c4cd52677b215337ca9e/goods/1000000090/image/list/1000000090_list_073.jpg,limited,limited,0.02674675239184896,Medium,hide,reconstructed_with_limitations,high,0.8366161616161616,제한 반영,제한 반영: 이벤트 최신성 지연 / 동시구매 재구성 안정성 낮음,이벤트 최신성 지연 / 동시구매 재구성 안정성 낮음,raw basket detail과의 유사도가 낮습니다. | event freshness가 7일을 초과합니다. | basket parity가 낮습니다. | 30일 관측 이력이 충분하지 않습니다.,0.06104815301225207,0.08243286737456501,0.12062425747482675,0.02181693340993378,0.5357142857142857,None,None,None,0.5357142857142857,1788,784,504,182,1000000091,1000000091,0.2307692307692308,0.5384615384615384,0.34646464646464636,low,27,0,관측 약함 / 관측 약함 / 관측 약함,0.008709244779193792,28
2026-04-18,30d,30,최근 30일,1000000128,흑임자인절미,https://godomall.speedycdn.net/a1ce4a197810c4cd52677b215337ca9e/goods/1000000128/image/list/1000000128_list_033.jpg,limited,limited,0.025649215932481283,Medium,hide,reconstructed_with_limitations,high,0.8366583541147132,제한 반영,제한 반영: 이벤트 최신성 지연 / 동시구매 재구성 안정성 낮음,이벤트 최신성 지연 / 동시구매 재구성 안정성 낮음,raw basket detail과의 유사도가 낮습니다. | event freshness가 7일을 초과합니다. | basket parity가 낮습니다. | 30일 관측 이력이 충분하지 않습니다.,0.018527072201711587,0.11146834311547561,0.026220280354292087,0.0692697979183418,0.9615384615384616,None,None,None,0.9615384615384616,858,364,280,224,1000000064,1000000064,0.24615384615384617,0.4461538461538463,0.3466334164588529,low,27,0,관측 약함 / 관측 약함 / 관측 약함,0.00835186630054022,29
2026-04-18,30d,30,최근 30일,1000000065,흰인절미,https://godomall.speedycdn.net/a1ce4a197810c4cd52677b215337ca9e/goods/1000000065/image/list/1000000065_list_019.jpg,limited,limited,0.023484313029885635,Medium,hide,reconstructed_with_limitations,high,0.8378514056224899,제한 반영,제한 반영: 이벤트 최신성 지연 / 동시구매 재구성 안정성 낮음,이벤트 최신성 지연 / 동시구매 재구성 안정성 낮음,raw basket detail과의 유사도가 낮습니다. | event freshness가 7일을 초과합니다. | basket parity가 낮습니다. | 30일 관측 이력이 충분하지 않습니다.,0.014080096228603841,0.1335580273991204,0.03848066924702399,0.38125067400555135,1,None,None,None,1,694,196,154,252,1000000064,1000000064,0.21951219512195128,0.4634146341463416,0.35140562248995977,low,27,0,관측 약함 / 관측 약함 / 관측 약함,0.007646933266964205,30
2026-04-18,30d,30,최근 30일,1000000066,쑥인절미,https://godomall.speedycdn.net/a1ce4a197810c4cd52677b215337ca9e/goods/1000000066/image/list/1000000066_list_042.jpg,limited,limited,0.020253195115616157,Medium,hide,reconstructed_with_limitations,high,0.8379360465116279,제한 반영,제한 반영: 이벤트 최신성 지연 / 동시구매 재구성 안정성 낮음,이벤트 최신성 지연 / 동시구매 재구성 안정성 낮음,raw basket detail과의 유사도가 낮습니다. | event freshness가 7일을 초과합니다. | basket parity가 낮습니다. | 30일 관측 이력이 충분하지 않습니다.,0.02735224295132969,0.15453098601732768,0.012385626529798448,0.28772428278823536,0.829268292682927,None,None,None,0.829268292682927,1216,574,420,266,1000000064,1000000064,0.20987654320987656,0.38271604938271603,0.3517441860465116,low,27,0,관측 약함 / 관측 약함 / 관측 약함,0.006594820606199199,31
2026-04-18,30d,30,최근 30일,1000000033,가래떡(40개) 4kg,https://godomall.speedycdn.net/a1ce4a197810c4cd52677b215337ca9e/goods/1000000033/image/list/1000000033_list_090.jpg,limited,limited,0.016172744179953902,Medium,hide,reconstructed_with_limitations,high,0.837202380952381,제한 반영,제한 반영: 이벤트 최신성 지연 / 동시구매 재구성 안정성 낮음,이벤트 최신성 지연 / 동시구매 재구성 안정성 낮음,raw basket detail과의 유사도가 낮습니다. | event freshness가 7일을 초과합니다. | basket parity가 낮습니다. | 30일 관측 이력이 충분하지 않습니다.,0.010217010827015389,0.12187586403698651,0.07368876290634682,0.05956786044667634,0.7272727272727273,None,None,None,0.7272727272727273,654,308,210,182,1000000035,1000000035,0.28125,0.46875,0.3488095238095239,low,27,0,관측 약함 / 관측 약함 / 관측 약함,0.005266149166484411,32
2026-04-18,30d,30,최근 30일,1000000156,기원상,https://godomall.speedycdn.net/a1ce4a197810c4cd52677b215337ca9e/goods/1000000156/image/list/1000000156_list_085.jpg,limited,limited,0.015592652148328594,Medium,hide,reconstructed_with_limitations,high,0.8405797101449275,제한 반영,제한 반영: 이벤트 최신성 지연 / 동시구매 재구성 안정성 낮음,이벤트 최신성 지연 / 동시구매 재구성 안정성 낮음,raw basket detail과의 유사도가 낮습니다. | event freshness가 7일을 초과합니다. | basket parity가 낮습니다. | 30일 관측 이력이 충분하지 않습니다.,0.012095118604072455,0.16252826960736108,0.06378186409603982,0.13297854353008806,0.21153846153846154,None,None,None,0.21153846153846154,976,728,420,28,1000000153,1000000153,0.7272727272727273,1,0.36231884057971003,low,27,0,관측 약함 / 관측 약함 / 관측 약함,0.005077260309105813,33
2026-04-18,30d,30,최근 30일,1000000071,마스코바도 호박설기,https://godomall.speedycdn.net/a1ce4a197810c4cd52677b215337ca9e/goods/1000000071/image/list/1000000071_list_020.jpg,limited,limited,0.015369168182490484,Medium,hide,reconstructed_with_limitations,high,0.8356401384083045,제한 반영,제한 반영: 이벤트 최신성 지연 / 동시구매 재구성 안정성 낮음,이벤트 최신성 지연 / 동시구매 재구성 안정성 낮음,raw basket detail과의 유사도가 낮습니다. | event freshness가 7일을 초과합니다. | basket parity가 낮습니다. | 30일 관측 이력이 충분하지 않습니다.,0.007403796759231223,0.10620559296662302,0.028199005308992022,0.2857535088416966,0.9000000000000002,None,None,None,0.9000000000000002,503,140,112,112,1000000064,1000000064,0.2380952380952381,0.5714285714285713,0.3425605536332181,low,27,0,관측 약함 / 관측 약함 / 관측 약함,0.0050044897336656985,34
2026-04-18,30d,30,최근 30일,1000000143,"경기참기름, 경기들기름",https://godomall.speedycdn.net/a1ce4a197810c4cd52677b215337ca9e/goods/1000000143/image/list/1000000143_list_079.jpg,limited,limited,0.014696986768420517,Medium,hide,reconstructed_with_limitations,medium,0.754149377593361,제한 반영,제한 반영: 이벤트 최신성 지연 / 동시구매 재구성 안정성 낮음,이벤트 최신성 지연 / 동시구매 재구성 안정성 낮음,raw basket detail과의 유사도가 낮습니다. | event freshness가 7일을 초과합니다. | basket parity가 낮습니다. | 30일 관측 이력이 충분하지 않습니다.,0.007899688705439768,0.10901787902797469,0.013103158966245854,0.11397339490824233,0.8888888888888892,None,None,None,0.8888888888888892,357,126,98,168,1000000043,1000000043,0.15789473684210528,0.4210526315789473,0.016597510373444,low,27,0,관측 약함 / 관측 약함 / 관측 약함,0.004785614844281221,35
2026-04-18,30d,30,최근 30일,1000000153,유밀상,https://godomall.speedycdn.net/a1ce4a197810c4cd52677b215337ca9e/goods/1000000153/image/list/1000000153_list_092.jpg,limited,limited,0.013134205525511014,Medium,hide,reconstructed_with_limitations,high,0.8397435897435898,제한 반영,제한 반영: 이벤트 최신성 지연 / 동시구매 재구성 안정성 낮음,이벤트 최신성 지연 / 동시구매 재구성 안정성 낮음,raw basket detail과의 유사도가 낮습니다. | event freshness가 7일을 초과합니다. | basket parity가 낮습니다. | 30일 관측 이력이 충분하지 않습니다.,0.008623688317100638,0.10585244404674823,0.06810886653667814,0.05064935064935066,0.5185185185185184,None,None,None,0.5185185185185184,770,378,280,28,1000000156,1000000156,0.5714285714285713,1,0.3589743589743589,low,27,0,관측 약함 / 관측 약함 / 관측 약함,0.004276743928611496,36
2026-04-18,30d,30,최근 30일,1000000154,화연상,https://godomall.speedycdn.net/a1ce4a197810c4cd52677b215337ca9e/goods/1000000154/image/list/1000000154_list_031.jpg,limited,limited,0.010457676619767355,Medium,hide,reconstructed_with_limitations,high,0.8405797101449275,제한 반영,제한 반영: 이벤트 최신성 지연 / 동시구매 재구성 안정성 낮음,이벤트 최신성 지연 / 동시구매 재구성 안정성 낮음,raw basket detail과의 유사도가 낮습니다. | event freshness가 7일을 초과합니다. | basket parity가 낮습니다. | 30일 관측 이력이 충분하지 않습니다.,0.0055650864933228855,0.10287806784523672,0.007991039667849843,0.09899749373433579,0.5999999999999999,None,None,None,0.5999999999999999,524,210,154,28,1000000153,1000000153,0.6666666666666666,1,0.36231884057971003,low,27,0,관측 약함 / 관측 약함 / 관측 약함,0.003405215862055906,37
2026-04-18,30d,30,최근 30일,1000000027,마스코바도 설기,https://godomall.speedycdn.net/a1ce4a197810c4cd52677b215337ca9e/goods/1000000027/image/list/1000000027_list_012.jpg,limited,limited,0.009902009733261085,Medium,hide,reconstructed_with_limitations,medium,0.7521847690387016,제한 반영,제한 반영: 이벤트 최신성 지연 / 동시구매 재구성 안정성 낮음,이벤트 최신성 지연 / 동시구매 재구성 안정성 낮음,raw basket detail과의 유사도가 낮습니다. | event freshness가 7일을 초과합니다. | basket parity가 낮습니다. | 30일 관측 이력이 충분하지 않습니다.,0.0022230768199975573,0.12397356351597492,0.0362935791015061,0.11733193277310924,1,None,None,None,1,221,84,70,98,1000000071,1000000071,0.21428571428571427,0.5714285714285713,0.008739076154806513,low,27,0,관측 약함 / 관측 약함 / 관측 약함,0.003224280290537683,38
2026-04-18,30d,30,최근 30일,1000000070,마스코바도 쑥설기,https://godomall.speedycdn.net/a1ce4a197810c4cd52677b215337ca9e/goods/1000000070/image/list/1000000070_list_027.jpg,limited,limited,0.009885915321991658,Medium,hide,reconstructed_with_limitations,medium,0.753934191702432,제한 반영,제한 반영: 이벤트 최신성 지연 / 동시구매 재구성 안정성 낮음,이벤트 최신성 지연 / 동시구매 재구성 안정성 낮음,raw basket detail과의 유사도가 낮습니다. | event freshness가 7일을 초과합니다. | basket parity가 낮습니다. | 30일 관측 이력이 충분하지 않습니다.,0.0034619006878529876,0.08991273033821191,0.011213064531069902,0.11992756397879746,0.8461538461538461,None,None,None,0.8461538461538461,321,182,112,154,1000000064,1000000064,0.20689655172413793,0.5517241379310346,0.015736766809728207,low,27,0,관측 약함 / 관측 약함 / 관측 약함,0.0032190396480376543,39
2026-04-18,30d,30,최근 30일,1000000028,마스코바도 딸기설기,https://godomall.speedycdn.net/a1ce4a197810c4cd52677b215337ca9e/goods/1000000028/image/list/1000000028_list_04.jpg,limited,limited,0.009365337735944602,Medium,hide,reconstructed_with_limitations,medium,0.750805152979066,제한 반영,제한 반영: 이벤트 최신성 지연 / 동시구매 재구성 안정성 낮음,이벤트 최신성 지연 / 동시구매 재구성 안정성 낮음,raw basket detail과의 유사도가 낮습니다. | event freshness가 7일을 초과합니다. | basket parity가 낮습니다. | 30일 관측 이력이 충분하지 않습니다.,0.0020346537477141328,0.05160793224534608,0.027017415673703887,0.1411206630383141,1,None,None,None,1,205,14,14,28,1000000045,1000000045,0.5,1,0.0032206119162641045,low,27,0,관측 약함 / 관측 약함 / 관측 약함,0.0030495298115900973,40
2026-04-18,30d,30,최근 30일,1000000072,마스코바도 흑임자설기,https://godomall.speedycdn.net/a1ce4a197810c4cd52677b215337ca9e/goods/1000000072/image/list/1000000072_list_015.jpg,limited,limited,0.006356306687390208,Medium,hide,reconstructed_with_limitations,medium,0.7548076923076923,제한 반영,제한 반영: 이벤트 최신성 지연 / 동시구매 재구성 안정성 낮음,이벤트 최신성 지연 / 동시구매 재구성 안정성 낮음,raw basket detail과의 유사도가 낮습니다. | event freshness가 7일을 초과합니다. | basket parity가 낮습니다. | 30일 관측 이력이 충분하지 않습니다.,0.0009152303486878861,0.054026996186468085,0.004442221363212046,0,1,None,None,None,1,169,52,52,117,1000000127,1000000127,0.2,0.4,0.01923076923076924,low,27,0,관측 약함 / 관측 약함 / 관측 약함,0.002069732804233019,41
2026-04-18,30d,30,최근 30일,1000000142,경기 미숫가루,https://godomall.speedycdn.net/a1ce4a197810c4cd52677b215337ca9e/goods/1000000142/image/list/1000000142_list_011.jpg,limited,limited,0.0060301905093399135,Medium,hide,reconstructed_with_limitations,medium,0.7539808917197452,제한 반영,제한 반영: 이벤트 최신성 지연 / 동시구매 재구성 안정성 낮음,이벤트 최신성 지연 / 동시구매 재구성 안정성 낮음,raw basket detail과의 유사도가 낮습니다. | event freshness가 7일을 초과합니다. | basket parity가 낮습니다. | 30일 관측 이력이 충분하지 않습니다.,0.009816611010527122,0.12540466247160006,0.012667620931667933,0,0.8571428571428571,None,None,None,0.8571428571428571,505,196,182,210,1000000045,1000000045,0.15999999999999998,0.31999999999999995,0.015923566878980923,low,27,0,관측 약함 / 관측 약함 / 관측 약함,0.0019635432534612133,42
2026-04-18,30d,30,최근 30일,1000000095,매화 5송이 1호,https://godomall.speedycdn.net/a1ce4a197810c4cd52677b215337ca9e/goods/1000000095/image/list/1000000095_list_06.jpg,limited,limited,0.004133801005404806,Medium,hide,reconstructed_with_limitations,medium,0.7534722222222222,제한 반영,제한 반영: 이벤트 최신성 지연 / 동시구매 재구성 안정성 낮음,이벤트 최신성 지연 / 동시구매 재구성 안정성 낮음,raw basket detail과의 유사도가 낮습니다. | event freshness가 7일을 초과합니다. | basket parity가 낮습니다. | 30일 관측 이력이 충분하지 않습니다.,0.001067194163236375,0.01977160574608237,0.001461367658149027,0,0.6666666666666666,None,None,Pair,0.6666666666666666,49,21,14,7,1000000085,1000000085,1,1,0.013888888888888912,low,27,0,관측 약함 / 관측 약함 / 강한 짝상품,0.0013460432241306243,43
2026-04-18,30d,30,최근 30일,1000000144,경기 미숫가루 쫀드기,https://godomall.speedycdn.net/a1ce4a197810c4cd52677b215337ca9e/goods/1000000144/image/list/1000000144_list_070.jpg,limited,limited,0.0036659387462708915,Medium,hide,reconstructed_with_limitations,high,0.8368055555555556,제한 반영,제한 반영: 이벤트 최신성 지연 / 동시구매 재구성 안정성 낮음,이벤트 최신성 지연 / 동시구매 재구성 안정성 낮음,raw basket detail과의 유사도가 낮습니다. | event freshness가 7일을 초과합니다. | basket parity가 낮습니다. | 30일 관측 이력이 충분하지 않습니다.,0.022242786456464582,0.05104905023028002,0,0.06401374383208816,0.4736842105263158,None,None,None,0.4736842105263158,488,152,112,72,1000000064,1000000064,0.3125,0.625,0.3472222222222223,low,27,0,관측 약함 / 관측 약함 / 관측 약함,0.0011936984879156352,44
2026-04-18,30d,30,최근 30일,1000000074,경기 콩약과(10ea),https://godomall.speedycdn.net/a1ce4a197810c4cd52677b215337ca9e/goods/1000000074/image/list/1000000074_list_06.jpg,unavailable,unavailable,,Low,hide,insufficient_reconstruction,low,0.5,산출 불가,산출 보류: 이벤트 최신성 지연 / 동시구매 재구성 안정성 낮음 외 1건,이벤트 최신성 지연 / 동시구매 재구성 안정성 낮음 외 1건,상품 단위 핵심 축이 모두 재구성되지 않았습니다. | event freshness가 7일을 초과합니다. | basket parity가 낮습니다. | 30일 관측 이력이 충분하지 않습니다.,0,0,0,0,0,None,None,None,0,23,0,0,0,,,0,0,0,low,27,0,관측 약함 / 관측 약함 / 관측 약함,0,45
