as_of_date,product_id,product_name,product_image_url,contribution_status,contributor_status,reconstructed_product_signal,confidence,numeric_display_policy,reconstruction_level,parity_level,parity_score,status_label,status_reason,limitation_reason,limitation_reason_detail,entry_axis,expansion_axis,convergence_axis,return_axis,basket_axis,entry_primary_type,expansion_primary_type,basket_type,attach_rate,first_customer_cnt,structural_active_order_cnt,structural_active_member_cnt,basket_pair_rows,top_pair_product_id,basket_top_pair_product_id,basket_top1_share,basket_top3_share,basket_parity_score,basket_parity_level,event_freshness_gap_days,basket_freshness_gap_days,role_alignment_note,contribution_share,contributor_rank
2026-04-18,1000000087,백리향 1단 (1호 2호 3호),https://godomall.speedycdn.net/a1ce4a197810c4cd52677b215337ca9e/goods/1000000087/image/list/1000000087_list_067.jpg,limited,limited,0.25760859885275383,Medium,hide,reconstructed_with_limitations,high,0.8376623376623377,제한 반영,제한 반영: 이벤트 최신성 지연 / 동시구매 재구성 안정성 낮음,이벤트 최신성 지연 / 동시구매 재구성 안정성 낮음,raw basket detail과의 유사도가 낮습니다. | event freshness가 7일을 초과합니다. | basket parity가 낮습니다.,0.2485038201962452,0.27738213868511025,0.427261664204492,0.31065694974688807,0.25365853658536586,Broad,None,None,0.25365853658536586,455,205,109,24,1000000064,1000000064,0.17391304347826086,0.4057971014492754,0.35064935064935066,low,27,0,넓은 유입 / 관측 약함 / 관측 약함,0.08227018106882288,1
2026-04-18,1000000045,완두시루떡,https://godomall.speedycdn.net/a1ce4a197810c4cd52677b215337ca9e/goods/1000000045/image/list/1000000045_list_095.jpg,limited,limited,0.23084275171127214,Medium,hide,reconstructed_with_limitations,high,0.8381958417169685,제한 반영,제한 반영: 이벤트 최신성 지연 / 동시구매 재구성 안정성 낮음,이벤트 최신성 지연 / 동시구매 재구성 안정성 낮음,raw basket detail과의 유사도가 낮습니다. | event freshness가 7일을 초과합니다. | basket parity가 낮습니다.,0.21698329534344438,0.2797818846486167,0.4662685802079743,0.5101409405603751,0.8367346938775511,Broad,None,None,0.8367346938775511,308,147,87,29,1000000064,1000000064,0.21201413427561838,0.42402826855123676,0.3527833668678739,low,27,0,넓은 유입 / 관측 약함 / 관측 약함,0.07372220906557159,2
2026-04-18,1000000064,2색 이티,https://godomall.speedycdn.net/a1ce4a197810c4cd52677b215337ca9e/goods/1000000064/image/list/1000000064_list_053.jpg,limited,limited,0.19335540441176471,High,hide,reconstructed_with_limitations,medium,0.7560576293385723,제한 반영,제한 반영: 이벤트 최신성 지연 / 동시구매 재구성 안정성 낮음,이벤트 최신성 지연 / 동시구매 재구성 안정성 낮음,raw basket detail과의 유사도가 낮습니다. | event freshness가 7일을 초과합니다. | basket parity가 낮습니다.,1,0.28151442307692304,1,0.17668269230769232,0.3205882352941177,Broad,None,None,0.3205882352941177,1664,1020,581,37,1000000127,1000000127,0.13279678068410464,0.34004024144869216,0.024230517354289455,low,27,0,넓은 유입 / 관측 약함 / 관측 약함,0.06175020633020033,3
2026-04-18,1000000063,쑥이티,https://godomall.speedycdn.net/a1ce4a197810c4cd52677b215337ca9e/goods/1000000063/image/list/1000000063_list_055.jpg,limited,limited,0.16930120146107586,Medium,hide,reconstructed_with_limitations,high,0.8371666666666666,제한 반영,제한 반영: 이벤트 최신성 지연 / 동시구매 재구성 안정성 낮음,이벤트 최신성 지연 / 동시구매 재구성 안정성 낮음,raw basket detail과의 유사도가 낮습니다. | event freshness가 7일을 초과합니다. | basket parity가 낮습니다.,0.1601876252684964,0.24527361149215196,0.1634350636044144,0.264718379750164,0.6853146853146853,Broad,None,None,0.6853146853146853,297,143,95,23,1000000062,1000000062,0.20812182741116753,0.5177664974619289,0.34866666666666674,low,27,0,넓은 유입 / 관측 약함 / 관측 약함,0.0540682281624198,4
2026-04-18,1000000085,십리향 2단 (1호 2호 3호),https://godomall.speedycdn.net/a1ce4a197810c4cd52677b215337ca9e/goods/1000000085/image/list/1000000085_list_069.jpg,limited,limited,0.16541139648169542,Medium,hide,reconstructed_with_limitations,medium,0.7541562759767249,제한 반영,제한 반영: 이벤트 최신성 지연 / 동시구매 재구성 안정성 낮음,이벤트 최신성 지연 / 동시구매 재구성 안정성 낮음,raw basket detail과의 유사도가 낮습니다. | event freshness가 7일을 초과합니다. | basket parity가 낮습니다.,0.17730594305752997,0.2976514402094702,0.2390426069702031,0.15866281461059184,0.25210084033613445,Broad,None,None,0.25210084033613445,321,119,80,20,1000000091,1000000091,0.15555555555555556,0.37777777777777777,0.01662510390689942,low,27,0,넓은 유입 / 관측 약함 / 관측 약함,0.05282597553032132,5
2026-04-18,1000000091,일리향 2단 (1호 2호 3호),https://godomall.speedycdn.net/a1ce4a197810c4cd52677b215337ca9e/goods/1000000091/image/list/1000000091_list_092.jpg,limited,limited,0.14846887900416156,Medium,hide,reconstructed_with_limitations,high,0.8388888888888888,제한 반영,제한 반영: 이벤트 최신성 지연 / 동시구매 재구성 안정성 낮음,이벤트 최신성 지연 / 동시구매 재구성 안정성 낮음,raw basket detail과의 유사도가 낮습니다. | event freshness가 7일을 초과합니다. | basket parity가 낮습니다.,0.18619799266191264,0.24675915334384432,0.2082623387548541,0.1398861413513857,0.6493506493506493,None,None,None,0.6493506493506493,181,77,46,21,1000000064,1000000064,0.12857142857142856,0.37142857142857144,0.35555555555555546,low,27,0,관측 약함 / 관측 약함 / 관측 약함,0.047415193487928685,6
2026-04-18,1000000108,매화 2송이 2호,https://godomall.speedycdn.net/a1ce4a197810c4cd52677b215337ca9e/goods/1000000108/image/list/1000000108_list_020.jpg,limited,limited,0.13649049919626483,Medium,hide,reconstructed_with_limitations,medium,0.7534332084893882,제한 반영,제한 반영: 이벤트 최신성 지연 / 동시구매 재구성 안정성 낮음,이벤트 최신성 지연 / 동시구매 재구성 안정성 낮음,raw basket detail과의 유사도가 낮습니다. | event freshness가 7일을 초과합니다. | basket parity가 낮습니다.,0.22993695553342763,0.2895687172126886,0.24763866222510444,0.22300247763780415,0.1297709923664122,Broad,None,None,0.1297709923664122,245,131,65,11,1000000092,1000000092,0.23809523809523808,0.47619047619047616,0.013732833957553092,low,27,0,넓은 유입 / 관측 약함 / 관측 약함,0.04358976421229307,7
2026-04-18,1000000093,매화 2송이 1호,https://godomall.speedycdn.net/a1ce4a197810c4cd52677b215337ca9e/goods/1000000093/image/list/1000000093_list_057.jpg,limited,limited,0.11822989390426308,High,hide,reconstructed_with_limitations,high,0.8369663941871026,제한 반영,제한 반영: 이벤트 최신성 지연 / 동시구매 재구성 안정성 낮음,이벤트 최신성 지연 / 동시구매 재구성 안정성 낮음,raw basket detail과의 유사도가 낮습니다. | event freshness가 7일을 초과합니다. | basket parity가 낮습니다.,0.6443090477930735,0.29875331266377814,0.3700978312740257,0.1087866108786611,0.15193370165745856,Broad,None,None,0.15193370165745856,717,362,197,16,1000000064,1000000064,0.5230769230769231,0.676923076923077,0.34786557674841045,low,27,0,넓은 유입 / 관측 약함 / 관측 약함,0.03775803611591074,8
2026-04-18,1000000086,십리향 3단,https://godomall.speedycdn.net/a1ce4a197810c4cd52677b215337ca9e/goods/1000000086/image/list/1000000086_list_048.jpg,limited,limited,0.11755634479753851,Medium,hide,reconstructed_with_limitations,high,0.8362068965517242,제한 반영,제한 반영: 이벤트 최신성 지연 / 동시구매 재구성 안정성 낮음,이벤트 최신성 지연 / 동시구매 재구성 안정성 낮음,raw basket detail과의 유사도가 낮습니다. | event freshness가 7일을 초과합니다. | basket parity가 낮습니다.,0.10854651565563585,0.636366335238421,0.22992322689906328,0.27379006433121983,0.25301204819277107,Qualified,Deep,None,0.25301204819277107,199,83,46,11,1000000064,1000000064,0.32,0.52,0.3448275862068965,low,27,0,선별 유입 / 깊은 확장 / 관측 약함,0.03754293069157416,9
2026-04-18,1000000062,흰이티,https://godomall.speedycdn.net/a1ce4a197810c4cd52677b215337ca9e/goods/1000000062/image/list/1000000062_list_062.jpg,limited,limited,0.11719213254656335,Medium,hide,reconstructed_with_limitations,high,0.8372257607926398,제한 반영,제한 반영: 이벤트 최신성 지연 / 동시구매 재구성 안정성 낮음,이벤트 최신성 지연 / 동시구매 재구성 안정성 낮음,raw basket detail과의 유사도가 낮습니다. | event freshness가 7일을 초과합니다. | basket parity가 낮습니다.,0.10948485511930994,0.150312949522266,0.22518278983529166,0.11361523017556009,0.6859504132231405,Broad,None,None,0.6859504132231405,239,121,74,22,1000000063,1000000063,0.25949367088607594,0.6075949367088608,0.3489030431705591,low,27,0,넓은 유입 / 관측 약함 / 관측 약함,0.03742661544445643,10
2026-04-18,1000000088,백리향 2단 (1호 2호),https://godomall.speedycdn.net/a1ce4a197810c4cd52677b215337ca9e/goods/1000000088/image/list/1000000088_list_033.jpg,limited,limited,0.11232661228212244,Medium,hide,reconstructed_with_limitations,medium,0.75256052141527,제한 반영,제한 반영: 이벤트 최신성 지연 / 동시구매 재구성 안정성 낮음,이벤트 최신성 지연 / 동시구매 재구성 안정성 낮음,raw basket detail과의 유사도가 낮습니다. | event freshness가 7일을 초과합니다. | basket parity가 낮습니다.,0.22078432138792561,0.34820746793690766,0.36750142251202605,0.10541310541310542,0.1103448275862069,Broad,None,None,0.1103448275862069,351,145,84,11,1000000087,1000000087,0.21052631578947367,0.5263157894736842,0.010242085661080091,low,27,0,넓은 유입 / 관측 약함 / 관측 약함,0.03587275724666242,11
2026-04-18,1000000094,매화 3송이 1호,https://godomall.speedycdn.net/a1ce4a197810c4cd52677b215337ca9e/goods/1000000094/image/list/1000000094_list_039.jpg,limited,limited,0.10873358799790231,Medium,hide,reconstructed_with_limitations,high,0.8354700854700854,제한 반영,제한 반영: 이벤트 최신성 지연 / 동시구매 재구성 안정성 낮음,이벤트 최신성 지연 / 동시구매 재구성 안정성 낮음,raw basket detail과의 유사도가 낮습니다. | event freshness가 7일을 초과합니다. | basket parity가 낮습니다.,0.16186108788756395,0.2562874214007564,0.161074674136616,0.10323070142350553,0.23469387755102042,None,None,None,0.23469387755102042,185,98,54,9,1000000064,1000000064,0.34615384615384615,0.6538461538461539,0.34188034188034183,low,27,0,관측 약함 / 관측 약함 / 관측 약함,0.03472528484176638,12
2026-04-18,1000000111,매화 3송이 3호,https://godomall.speedycdn.net/a1ce4a197810c4cd52677b215337ca9e/goods/1000000111/image/list/1000000111_list_056.jpg,limited,limited,0.10481517193862974,Medium,hide,reconstructed_with_limitations,high,0.8377742946708464,제한 반영,제한 반영: 이벤트 최신성 지연 / 동시구매 재구성 안정성 낮음,이벤트 최신성 지연 / 동시구매 재구성 안정성 낮음,raw basket detail과의 유사도가 낮습니다. | event freshness가 7일을 초과합니다. | basket parity가 낮습니다.,0.3208852359596403,0.30306932442442236,0.30687895167109863,0.09763313609467456,0.16853932584269662,Broad,None,None,0.16853932584269662,338,178,91,17,1000000064,1000000064,0.20833333333333334,0.4583333333333333,0.35109717868338564,low,27,0,넓은 유입 / 관측 약함 / 관측 약함,0.03347389494199211,13
2026-04-18,1000000043,모듬영양찰떡,https://godomall.speedycdn.net/a1ce4a197810c4cd52677b215337ca9e/goods/1000000043/image/list/1000000043_list_012.jpg,limited,limited,0.09721121852484223,Medium,hide,reconstructed_with_limitations,high,0.83793347487615,제한 반영,제한 반영: 이벤트 최신성 지연 / 동시구매 재구성 안정성 낮음,이벤트 최신성 지연 / 동시구매 재구성 안정성 낮음,raw basket detail과의 유사도가 낮습니다. | event freshness가 7일을 초과합니다. | basket parity가 낮습니다.,0.08558124412365992,0.2767786572059919,0.40486881395941593,0.3284037223611674,0.8426966292134831,None,None,None,0.8426966292134831,197,89,58,26,1000000064,1000000064,0.20725388601036268,0.47150259067357514,0.35173389950460016,low,27,0,관측 약함 / 관측 약함 / 관측 약함,0.031045487555836627,14
2026-04-18,1000000127,흑임자이티,https://godomall.speedycdn.net/a1ce4a197810c4cd52677b215337ca9e/goods/1000000127/image/list/1000000127_list_053.jpg,limited,limited,0.09617240762403578,Medium,hide,reconstructed_with_limitations,high,0.8377723970944311,제한 반영,제한 반영: 이벤트 최신성 지연 / 동시구매 재구성 안정성 낮음,이벤트 최신성 지연 / 동시구매 재구성 안정성 낮음,raw basket detail과의 유사도가 낮습니다. | event freshness가 7일을 초과합니다. | basket parity가 낮습니다.,0.10546573453393789,0.1644158182016456,0.08743814502947761,0.20691786644424787,0.8914728682170543,Broad,None,None,0.8914728682170543,244,129,90,22,1000000064,1000000064,0.3127962085308057,0.6350710900473934,0.351089588377724,low,27,0,넓은 유입 / 관측 약함 / 관측 약함,0.030713731701077825,15
2026-04-18,1000000042,약식,https://godomall.speedycdn.net/a1ce4a197810c4cd52677b215337ca9e/goods/1000000042/image/list/1000000042_list_03.jpg,limited,limited,0.09452104307362133,Medium,hide,reconstructed_with_limitations,high,0.8375550660792952,제한 반영,제한 반영: 이벤트 최신성 지연 / 동시구매 재구성 안정성 낮음,이벤트 최신성 지연 / 동시구매 재구성 안정성 낮음,raw basket detail과의 유사도가 낮습니다. | event freshness가 7일을 초과합니다. | basket parity가 낮습니다.,0.08371760449847966,0.3107777374308895,0.4854866406150312,0.14843921457836667,0.7721518987341772,None,None,None,0.7721518987341772,190,79,51,23,1000000064,1000000064,0.21875,0.5390625,0.3502202643171806,low,27,0,관측 약함 / 관측 약함 / 관측 약함,0.030186350001948723,16
2026-04-18,1000000092,일리향 3단,https://godomall.speedycdn.net/a1ce4a197810c4cd52677b215337ca9e/goods/1000000092/image/list/1000000092_list_029.jpg,limited,limited,0.08265222252503973,Medium,hide,reconstructed_with_limitations,high,0.8366910866910866,제한 반영,제한 반영: 이벤트 최신성 지연 / 동시구매 재구성 안정성 낮음,이벤트 최신성 지연 / 동시구매 재구성 안정성 낮음,raw basket detail과의 유사도가 낮습니다. | event freshness가 7일을 초과합니다. | basket parity가 낮습니다.,0.07734203607961962,0.20653067239955608,0.1403555364370946,0.08105599387737682,0.379746835443038,None,None,None,0.379746835443038,148,79,47,11,1000000064,1000000064,0.3055555555555556,0.6111111111111112,0.3467643467643467,low,27,0,관측 약함 / 관측 약함 / 관측 약함,0.026395909698504885,17
2026-04-18,1000000112,매화 5송이 2호,https://godomall.speedycdn.net/a1ce4a197810c4cd52677b215337ca9e/goods/1000000112/image/list/1000000112_list_032.jpg,limited,limited,0.08107805201914682,Medium,hide,reconstructed_with_limitations,high,0.8350798403193613,제한 반영,제한 반영: 이벤트 최신성 지연 / 동시구매 재구성 안정성 낮음,이벤트 최신성 지연 / 동시구매 재구성 안정성 낮음,raw basket detail과의 유사도가 낮습니다. | event freshness가 7일을 초과합니다. | basket parity가 낮습니다.,0.07684220613299411,0.1618979074094938,0.08252005935812662,0.1652019463362182,0.21951219512195122,None,None,None,0.21951219512195122,96,41,26,7,1000000113,1000000113,0.45454545454545453,0.6363636363636364,0.34031936127744505,low,27,0,관측 약함 / 관측 약함 / 관측 약함,0.025893180779013206,18
2026-04-18,1000000113,매화 5송이 3호,https://godomall.speedycdn.net/a1ce4a197810c4cd52677b215337ca9e/goods/1000000113/image/list/1000000113_list_070.jpg,limited,limited,0.07759401903145861,Medium,hide,reconstructed_with_limitations,medium,0.7519509476031215,제한 반영,제한 반영: 이벤트 최신성 지연 / 동시구매 재구성 안정성 낮음,이벤트 최신성 지연 / 동시구매 재구성 안정성 낮음,raw basket detail과의 유사도가 낮습니다. | event freshness가 7일을 초과합니다. | basket parity가 낮습니다.,0.08447262441079666,0.20699035081544917,0.07354360682188857,0.1267287862135403,0.18333333333333332,None,None,None,0.18333333333333332,102,60,31,7,1000000112,1000000112,0.38461538461538464,0.6923076923076923,0.00780379041248606,low,27,0,관측 약함 / 관측 약함 / 관측 약함,0.02478051596105542,19
2026-04-18,1000000121,깨송편 1kg,https://godomall.speedycdn.net/a1ce4a197810c4cd52677b215337ca9e/goods/1000000121/image/list/1000000121_list_089.jpg,limited,limited,0.07498527640339078,Medium,hide,reconstructed_with_limitations,medium,0.7543402777777778,제한 반영,제한 반영: 이벤트 최신성 지연 / 동시구매 재구성 안정성 낮음,이벤트 최신성 지연 / 동시구매 재구성 안정성 낮음,raw basket detail과의 유사도가 낮습니다. | event freshness가 7일을 초과합니다. | basket parity가 낮습니다.,0.06621769073235362,0.2031461742707357,0.18291014342487721,0.2211114821994402,0.7878787878787878,None,None,None,0.7878787878787878,184,33,24,20,1000000045,1000000045,0.17105263157894737,0.4473684210526316,0.017361111111111088,low,27,0,관측 약함 / 관측 약함 / 관측 약함,0.023947384888067545,20
2026-04-18,1000000044,고구마찰떡,https://godomall.speedycdn.net/a1ce4a197810c4cd52677b215337ca9e/goods/1000000044/image/list/1000000044_list_088.jpg,limited,limited,0.07098610023195641,Medium,hide,reconstructed_with_limitations,high,0.8373931623931623,제한 반영,제한 반영: 이벤트 최신성 지연 / 동시구매 재구성 안정성 낮음,이벤트 최신성 지연 / 동시구매 재구성 안정성 낮음,raw basket detail과의 유사도가 낮습니다. | event freshness가 7일을 초과합니다. | basket parity가 낮습니다.,0.06034633864753185,0.22574301047663212,0.27811114654548336,0.33729822993957426,0.8717948717948718,None,None,None,0.8717948717948718,145,78,48,19,1000000064,1000000064,0.24855491329479767,0.5202312138728323,0.3495726495726495,low,27,0,관측 약함 / 관측 약함 / 관측 약함,0.022670203345156053,21
2026-04-18,1000000110,매화 3송이 2호,https://godomall.speedycdn.net/a1ce4a197810c4cd52677b215337ca9e/goods/1000000110/image/list/1000000110_list_026.jpg,limited,limited,0.05671741625037858,Medium,hide,reconstructed_with_limitations,medium,0.7526223776223776,제한 반영,제한 반영: 이벤트 최신성 지연 / 동시구매 재구성 안정성 낮음,이벤트 최신성 지연 / 동시구매 재구성 안정성 낮음,raw basket detail과의 유사도가 낮습니다. | event freshness가 7일을 초과합니다. | basket parity가 낮습니다.,0.0513052170772004,0.155867544958705,0.05711309711631774,0.0821917808219178,0.5555555555555556,None,None,None,0.5555555555555556,73,27,15,9,1000000084,1000000084,0.4666666666666667,0.6,0.010489510489510486,low,27,0,관측 약함 / 관측 약함 / 관측 약함,0.01811333987085409,22
2026-04-18,1000000084,십리향 1단 (1호 2호 3호),https://godomall.speedycdn.net/a1ce4a197810c4cd52677b215337ca9e/goods/1000000084/image/list/1000000084_list_028.jpg,limited,limited,0.04699746184634644,Medium,hide,reconstructed_with_limitations,medium,0.7538940809968847,제한 반영,제한 반영: 이벤트 최신성 지연 / 동시구매 재구성 안정성 낮음,이벤트 최신성 지연 / 동시구매 재구성 안정성 낮음,raw basket detail과의 유사도가 낮습니다. | event freshness가 7일을 초과합니다. | basket parity가 낮습니다.,0.07908415336069927,0.14228575611546665,0.2131080424893167,0.04033042973794406,0.6363636363636364,None,None,None,0.6363636363636364,149,55,35,15,1000000087,1000000087,0.16981132075471697,0.41509433962264153,0.015576323987538906,low,27,0,관측 약함 / 관측 약함 / 관측 약함,0.015009163952962838,23
2026-04-18,1000000035,떡국떡 500g,https://godomall.speedycdn.net/a1ce4a197810c4cd52677b215337ca9e/goods/1000000035/image/list/1000000035_list_093.jpg,limited,limited,0.041755437992978275,Medium,hide,reconstructed_with_limitations,high,0.8371518418688231,제한 반영,제한 반영: 이벤트 최신성 지연 / 동시구매 재구성 안정성 낮음,이벤트 최신성 지연 / 동시구매 재구성 안정성 낮음,raw basket detail과의 유사도가 낮습니다. | event freshness가 7일을 초과합니다. | basket parity가 낮습니다.,0.034002723803650166,0.20058222943497608,0.1583334948440104,0.1918835103013164,0.7073170731707317,None,None,None,0.7073170731707317,77,41,30,17,1000000064,1000000064,0.17647058823529413,0.4117647058823529,0.34860736747529203,low,27,0,관측 약함 / 관측 약함 / 관측 약함,0.013335065132099361,24
2026-04-18,1000000069,설기세트,https://godomall.speedycdn.net/a1ce4a197810c4cd52677b215337ca9e/goods/1000000069/image/list/1000000069_list_033.jpg,limited,limited,0.04152619942001819,Medium,hide,reconstructed_with_limitations,high,0.8371829710144927,제한 반영,제한 반영: 이벤트 최신성 지연 / 동시구매 재구성 안정성 낮음,이벤트 최신성 지연 / 동시구매 재구성 안정성 낮음,raw basket detail과의 유사도가 낮습니다. | event freshness가 7일을 초과합니다. | basket parity가 낮습니다.,0.038165304343330805,0.13546776190076454,0.034140744763748794,0.15949893473402418,0.8636363636363636,None,None,None,0.8636363636363636,101,44,31,17,1000000064,1000000064,0.25675675675675674,0.527027027027027,0.348731884057971,low,27,0,관측 약함 / 관측 약함 / 관측 약함,0.013261855235421319,25
2026-04-18,1000000083,백설기,https://godomall.speedycdn.net/a1ce4a197810c4cd52677b215337ca9e/goods/1000000083/image/list/1000000083_list_054.jpg,limited,limited,0.03804469647450834,Medium,hide,reconstructed_with_limitations,medium,0.7517942583732058,제한 반영,제한 반영: 이벤트 최신성 지연 / 동시구매 재구성 안정성 낮음,이벤트 최신성 지연 / 동시구매 재구성 안정성 낮음,raw basket detail과의 유사도가 낮습니다. | event freshness가 7일을 초과합니다. | basket parity가 낮습니다.,0.0315237574010326,0.22565500811434805,0.06539411845060358,0.319805850502194,0.4444444444444444,None,None,None,0.4444444444444444,77,9,7,9,1000000121,1000000121,0.2,0.4,0.0071770334928229484,low,27,0,관측 약함 / 관측 약함 / 관측 약함,0.01214999841466957,26
2026-04-18,1000000090,일리향 1단 (1호 2호 3호),https://godomall.speedycdn.net/a1ce4a197810c4cd52677b215337ca9e/goods/1000000090/image/list/1000000090_list_073.jpg,limited,limited,0.02855584433220835,Medium,hide,reconstructed_with_limitations,high,0.8366161616161616,제한 반영,제한 반영: 이벤트 최신성 지연 / 동시구매 재구성 안정성 낮음,이벤트 최신성 지연 / 동시구매 재구성 안정성 낮음,raw basket detail과의 유사도가 낮습니다. | event freshness가 7일을 초과합니다. | basket parity가 낮습니다.,0.06018415133321831,0.10582468416780161,0.1278967674860864,0.0234375,0.5357142857142857,None,None,None,0.5357142857142857,128,56,36,13,1000000091,1000000091,0.23076923076923078,0.5384615384615384,0.34646464646464636,low,27,0,관측 약함 / 관측 약함 / 관측 약함,0.009119627583265304,27
2026-04-18,1000000089,백리향 3단,https://godomall.speedycdn.net/a1ce4a197810c4cd52677b215337ca9e/goods/1000000089/image/list/1000000089_list_027.jpg,limited,limited,0.0280453391984331,Medium,hide,reconstructed_with_limitations,medium,0.7509469696969697,제한 반영,제한 반영: 이벤트 최신성 지연 / 동시구매 재구성 안정성 낮음,이벤트 최신성 지연 / 동시구매 재구성 안정성 낮음,raw basket detail과의 유사도가 낮습니다. | event freshness가 7일을 초과합니다. | basket parity가 낮습니다.,0.023261506705951566,0.41877115875706206,0.06669868755273502,0.17092700357431104,0.11764705882352941,Qualified,Deep,None,0.11764705882352941,49,17,13,2,1000000064,1000000064,0.5,1,0.0037878787878788214,low,27,0,선별 유입 / 깊은 확장 / 관측 약함,0.00895659207133249,28
2026-04-18,1000000128,흑임자인절미,https://godomall.speedycdn.net/a1ce4a197810c4cd52677b215337ca9e/goods/1000000128/image/list/1000000128_list_033.jpg,limited,limited,0.026493777172696947,Medium,hide,reconstructed_with_limitations,high,0.8366583541147132,제한 반영,제한 반영: 이벤트 최신성 지연 / 동시구매 재구성 안정성 낮음,이벤트 최신성 지연 / 동시구매 재구성 안정성 낮음,raw basket detail과의 유사도가 낮습니다. | event freshness가 7일을 초과합니다. | basket parity가 낮습니다.,0.019246950830977536,0.13004946933649245,0.023245319614371648,0.07372418896626555,0.9615384615384616,None,None,None,0.9615384615384616,62,26,20,16,1000000064,1000000064,0.24615384615384617,0.4461538461538462,0.3466334164588529,low,27,0,관측 약함 / 관측 약함 / 관측 약함,0.008461083422299448,29
2026-04-18,1000000065,흰인절미,https://godomall.speedycdn.net/a1ce4a197810c4cd52677b215337ca9e/goods/1000000065/image/list/1000000065_list_019.jpg,limited,limited,0.02379496254460634,Medium,hide,reconstructed_with_limitations,high,0.8378514056224899,제한 반영,제한 반영: 이벤트 최신성 지연 / 동시구매 재구성 안정성 낮음,이벤트 최신성 지연 / 동시구매 재구성 안정성 낮음,raw basket detail과의 유사도가 낮습니다. | event freshness가 7일을 초과합니다. | basket parity가 낮습니다.,0.014041021479702027,0.15266740385711236,0.04352691171972061,0.41542150709418335,1,None,None,None,1,48,14,11,18,1000000064,1000000064,0.21951219512195122,0.4634146341463415,0.35140562248995977,low,27,0,관측 약함 / 관측 약함 / 관측 약함,0.00759918685086119,30
2026-04-18,1000000066,쑥인절미,https://godomall.speedycdn.net/a1ce4a197810c4cd52677b215337ca9e/goods/1000000066/image/list/1000000066_list_042.jpg,limited,limited,0.017949772516870834,Medium,hide,reconstructed_with_limitations,high,0.8379360465116279,제한 반영,제한 반영: 이벤트 최신성 지연 / 동시구매 재구성 안정성 낮음,이벤트 최신성 지연 / 동시구매 재구성 안정성 낮음,raw basket detail과의 유사도가 낮습니다. | event freshness가 7일을 초과합니다. | basket parity가 낮습니다.,0.029014059193868312,0.18051496128089686,0.009861877705884536,0.29932327763414024,0.8292682926829268,None,None,None,0.8292682926829268,90,41,30,19,1000000064,1000000064,0.20987654320987653,0.38271604938271603,0.3517441860465116,low,27,0,관측 약함 / 관측 약함 / 관측 약함,0.005732460180613873,31
2026-04-18,1000000033,가래떡,https://godomall.speedycdn.net/a1ce4a197810c4cd52677b215337ca9e/goods/1000000033/image/list/1000000033_list_090.jpg,limited,limited,0.016687257983469754,Medium,hide,reconstructed_with_limitations,high,0.837202380952381,제한 반영,제한 반영: 이벤트 최신성 지연 / 동시구매 재구성 안정성 낮음,이벤트 최신성 지연 / 동시구매 재구성 안정성 낮음,raw basket detail과의 유사도가 낮습니다. | event freshness가 7일을 초과합니다. | basket parity가 낮습니다.,0.010611362666699951,0.13745114209087086,0.07348420019729274,0.06382978723404255,0.7272727272727273,None,None,None,0.7272727272727273,47,22,15,13,1000000035,1000000035,0.28125,0.46875,0.3488095238095239,low,27,0,관측 약함 / 관측 약함 / 관측 약함,0.0053292620741551035,32
2026-04-18,1000000156,기원상,https://godomall.speedycdn.net/a1ce4a197810c4cd52677b215337ca9e/goods/1000000156/image/list/1000000156_list_085.jpg,limited,limited,0.016680568528598855,Medium,hide,reconstructed_with_limitations,high,0.8405797101449275,제한 반영,제한 반영: 이벤트 최신성 지연 / 동시구매 재구성 안정성 낮음,이벤트 최신성 지연 / 동시구매 재구성 안정성 낮음,raw basket detail과의 유사도가 낮습니다. | event freshness가 7일을 초과합니다. | basket parity가 낮습니다.,0.012934400326602926,0.18521217740072787,0.07383125731099405,0.14084507042253522,0.21153846153846154,None,None,None,0.21153846153846154,71,52,30,2,1000000153,1000000153,0.7272727272727273,1,0.36231884057971014,low,27,0,관측 약함 / 관측 약함 / 관측 약함,0.0053271257220848245,33
2026-04-18,1000000071,마스코바도 호박설기,https://godomall.speedycdn.net/a1ce4a197810c4cd52677b215337ca9e/goods/1000000071/image/list/1000000071_list_020.jpg,limited,limited,0.01620107118156199,Medium,hide,reconstructed_with_limitations,high,0.8356401384083045,제한 반영,제한 반영: 이벤트 최신성 지연 / 동시구매 재구성 안정성 낮음,이벤트 최신성 지연 / 동시구매 재구성 안정성 낮음,raw basket detail과의 유사도가 낮습니다. | event freshness가 7일을 초과합니다. | basket parity가 낮습니다.,0.008023637265913586,0.11863899551637731,0.033592521059507705,0.30265049876626865,0.9,None,None,None,0.9,37,10,8,8,1000000064,1000000064,0.23809523809523808,0.5714285714285714,0.34256055363321797,low,27,0,관측 약함 / 관측 약함 / 관측 약함,0.005173992892907444,34
2026-04-18,1000000143,"경기참기름, 경기들기름",https://godomall.speedycdn.net/a1ce4a197810c4cd52677b215337ca9e/goods/1000000143/image/list/1000000143_list_079.jpg,limited,limited,0.015311749050078052,Medium,hide,reconstructed_with_limitations,medium,0.754149377593361,제한 반영,제한 반영: 이벤트 최신성 지연 / 동시구매 재구성 안정성 낮음,이벤트 최신성 지연 / 동시구매 재구성 안정성 낮음,raw basket detail과의 유사도가 낮습니다. | event freshness가 7일을 초과합니다. | basket parity가 낮습니다.,0.00839022366002394,0.11933617996700802,0.015200660281865012,0.12177161221123269,0.8888888888888888,None,None,None,0.8888888888888888,26,9,7,12,1000000043,1000000043,0.15789473684210525,0.42105263157894735,0.016597510373443997,low,27,0,관측 약함 / 관측 약함 / 관측 약함,0.004889977944992157,35
2026-04-18,1000000153,유밀상,https://godomall.speedycdn.net/a1ce4a197810c4cd52677b215337ca9e/goods/1000000153/image/list/1000000153_list_092.jpg,limited,limited,0.01367355656442284,Medium,hide,reconstructed_with_limitations,high,0.8397435897435896,제한 반영,제한 반영: 이벤트 최신성 지연 / 동시구매 재구성 안정성 낮음,이벤트 최신성 지연 / 동시구매 재구성 안정성 낮음,raw basket detail과의 유사도가 낮습니다. | event freshness가 7일을 초과합니다. | basket parity가 낮습니다.,0.008944770091401405,0.12474474732117659,0.08137758836035486,0.05454545454545454,0.5185185185185185,None,None,None,0.5185185185185185,55,27,20,2,1000000156,1000000156,0.5714285714285714,1,0.35897435897435886,low,27,0,관측 약함 / 관측 약함 / 관측 약함,0.004366802891749952,36
2026-04-18,1000000154,화연상,https://godomall.speedycdn.net/a1ce4a197810c4cd52677b215337ca9e/goods/1000000154/image/list/1000000154_list_031.jpg,limited,limited,0.010938650208789846,Medium,hide,reconstructed_with_limitations,high,0.8405797101449275,제한 반영,제한 반영: 이벤트 최신성 지연 / 동시구매 재구성 안정성 낮음,이벤트 최신성 지연 / 동시구매 재구성 안정성 낮음,raw basket detail과의 유사도가 낮습니다. | event freshness가 7일을 초과합니다. | basket parity가 낮습니다.,0.005914762253137116,0.11684975506033066,0.009286984067250375,0.10526315789473684,0.6,None,None,None,0.6,38,15,11,2,1000000153,1000000153,0.6666666666666666,1,0.36231884057971014,low,27,0,관측 약함 / 관측 약함 / 관측 약함,0.0034933800243214888,37
2026-04-18,1000000027,마스코바도 설기,https://godomall.speedycdn.net/a1ce4a197810c4cd52677b215337ca9e/goods/1000000027/image/list/1000000027_list_012.jpg,limited,limited,0.010278750939820898,Low,hide,reconstructed_with_limitations,medium,0.7521847690387016,제한 반영,제한 반영: 이벤트 최신성 지연 / 동시구매 재구성 안정성 낮음,이벤트 최신성 지연 / 동시구매 재구성 안정성 낮음,raw basket detail과의 유사도가 낮습니다. | event freshness가 7일을 초과합니다. | basket parity가 낮습니다.,0.002602149189876151,0.11500782761547278,0.04417658936191286,0.11764705882352941,1,None,None,None,1,17,6,5,7,1000000071,1000000071,0.21428571428571427,0.5714285714285714,0.008739076154806513,low,27,0,관측 약함 / 관측 약함 / 관측 약함,0.0032826338280103526,38
2026-04-18,1000000070,마스코바도 쑥설기,https://godomall.speedycdn.net/a1ce4a197810c4cd52677b215337ca9e/goods/1000000070/image/list/1000000070_list_027.jpg,limited,limited,0.010218351882383854,Low,hide,reconstructed_with_limitations,medium,0.753934191702432,제한 반영,제한 반영: 이벤트 최신성 지연 / 동시구매 재구성 안정성 낮음,이벤트 최신성 지연 / 동시구매 재구성 안정성 낮음,raw basket detail과의 유사도가 낮습니다. | event freshness가 7일을 초과합니다. | basket parity가 낮습니다.,0.003659877245882678,0.10126468336408205,0.012836562375736413,0.1291641369439822,0.8461538461538461,None,None,None,0.8461538461538461,23,13,8,11,1000000064,1000000064,0.20689655172413793,0.5517241379310345,0.015736766809728204,low,27,0,관측 약함 / 관측 약함 / 관측 약함,0.003263344714937803,39
2026-04-18,1000000028,마스코바도 딸기설기,https://godomall.speedycdn.net/a1ce4a197810c4cd52677b215337ca9e/goods/1000000028/image/list/1000000028_list_04.jpg,limited,limited,0.009703865178148684,Low,hide,reconstructed_with_limitations,medium,0.750805152979066,제한 반영,제한 반영: 이벤트 최신성 지연 / 동시구매 재구성 안정성 낮음,이벤트 최신성 지연 / 동시구매 재구성 안정성 낮음,raw basket detail과의 유사도가 낮습니다. | event freshness가 7일을 초과합니다. | basket parity가 낮습니다.,0.00222072661125578,0.060067608117438574,0.03166773224298391,0.15323369417713925,1,None,None,None,1,15,1,1,2,1000000045,1000000045,0.5,1,0.0032206119162641045,low,27,0,관측 약함 / 관측 약함 / 관측 약함,0.003099037644042538,40
2026-04-18,1000000142,경기 미숫가루,https://godomall.speedycdn.net/a1ce4a197810c4cd52677b215337ca9e/goods/1000000142/image/list/1000000142_list_011.jpg,limited,limited,0.006143603922087015,Medium,hide,reconstructed_with_limitations,medium,0.7539808917197452,제한 반영,제한 반영: 이벤트 최신성 지연 / 동시구매 재구성 안정성 낮음,이벤트 최신성 지연 / 동시구매 재구성 안정성 낮음,raw basket detail과의 유사도가 낮습니다. | event freshness가 7일을 초과합니다. | basket parity가 낮습니다.,0.009827090661355396,0.14280735956123078,0.01415667964905933,0,0.8571428571428571,None,None,None,0.8571428571428571,35,14,13,15,1000000045,1000000045,0.16,0.32,0.015923566878980926,low,27,0,관측 약함 / 관측 약함 / 관측 약함,0.001962028477838701,41
2026-04-18,1000000074,경기 콩약과(10ea),https://godomall.speedycdn.net/a1ce4a197810c4cd52677b215337ca9e/goods/1000000074/image/list/1000000074_list_06.jpg,unavailable,unavailable,,Low,hide,insufficient_reconstruction,low,0.5,산출 불가,산출 보류: 이벤트 최신성 지연 / 동시구매 재구성 안정성 낮음 외 1건,이벤트 최신성 지연 / 동시구매 재구성 안정성 낮음 외 1건,상품 단위 핵심 축이 모두 재구성되지 않았습니다. | event freshness가 7일을 초과합니다. | basket parity가 낮습니다.,0,0,0,0,0,None,None,,0,3,0,0,0,,,0,0,0,,27,0,관측 약함 / 관측 약함 / 관측 약함,0,42
