rank,as_of_date,window_key,window_days,period_label,product_id,product_name,product_image_url,priority_level,priority_sort_score,revenue_change_rate_30d,revenue_change_rate,revenue_compare_state,revenue_compare_note,revenue_30d_compare_state,revenue_30d_compare_note,revenue_reason,role_taxonomy,role_reason,role_evidence_status,brand_score_status,brand_score_reason,revenue_freshness_max_date,role_freshness_max_date,brand_revenue_current,brand_revenue_previous,brand_revenue_delta_rate,brand_revenue_30d_current,brand_revenue_30d_previous,brand_revenue_30d_delta_rate
1,2026-04-18,30d,30,최근 30일,1000000093,매화 2송이 1호,https://godomall.speedycdn.net/a1ce4a197810c4cd52677b215337ca9e/goods/1000000093/image/list/1000000093_list_057.jpg,즉시 확인,1091750000,-0.2866270544347886,-0.2866270544347886,available,직전 동일 길이 기간과 비교 가능합니다.,available,직전 동일 길이 기간과 비교 가능합니다.,최근 30일 매출이 직전기간 대비 -28.7%,첫구매기여,최근 30일 첫구매기여 기준 최근 30일 역할 관측은 참고용입니다.,limited,limited,최근 30일 브랜드 점수 참고용,2026-04-18,2026-04-18,161962180,195510440,-0.17159318960153738,161962180,195510440,-0.17159318960153738
2,2026-04-18,30d,30,최근 30일,1000000111,매화 3송이 3호,https://godomall.speedycdn.net/a1ce4a197810c4cd52677b215337ca9e/goods/1000000111/image/list/1000000111_list_056.jpg,즉시 확인,887390000,-0.4731863392919246,-0.4731863392919246,available,직전 동일 길이 기간과 비교 가능합니다.,available,직전 동일 길이 기간과 비교 가능합니다.,최근 30일 매출이 직전기간 대비 -47.3%,첫구매기여,최근 30일 첫구매기여 기준 최근 30일 역할 관측은 참고용입니다.,limited,limited,최근 30일 브랜드 점수 참고용,2026-04-18,2026-04-18,161962180,195510440,-0.17159318960153738,161962180,195510440,-0.17159318960153738
3,2026-04-18,30d,30,최근 30일,1000000094,매화 3송이 1호,https://godomall.speedycdn.net/a1ce4a197810c4cd52677b215337ca9e/goods/1000000094/image/list/1000000094_list_039.jpg,즉시 확인,828940000,-0.6489208746140369,-0.6489208746140369,available,직전 동일 길이 기간과 비교 가능합니다.,available,직전 동일 길이 기간과 비교 가능합니다.,최근 30일 매출이 직전기간 대비 -64.9%,재구매확장기여,최근 30일 재구매확장기여 기준 최근 30일 역할 관측은 참고용입니다.,limited,limited,최근 30일 브랜드 점수 참고용,2026-04-18,2026-04-18,161962180,195510440,-0.17159318960153738,161962180,195510440,-0.17159318960153738
4,2026-04-18,30d,30,최근 30일,1000000113,매화 5송이 3호,https://godomall.speedycdn.net/a1ce4a197810c4cd52677b215337ca9e/goods/1000000113/image/list/1000000113_list_070.jpg,즉시 확인,748880000,-0.614915332486933,-0.614915332486933,available,직전 동일 길이 기간과 비교 가능합니다.,available,직전 동일 길이 기간과 비교 가능합니다.,최근 30일 매출이 직전기간 대비 -61.5%,재구매확장기여,최근 30일 재구매확장기여 기준 최근 30일 역할 관측은 참고용입니다.,limited,limited,최근 30일 브랜드 점수 참고용,2026-04-18,2026-04-18,161962180,195510440,-0.17159318960153738,161962180,195510440,-0.17159318960153738
5,2026-04-18,30d,30,최근 30일,1000000084,십리향 1단 (1호 2호 3호),https://godomall.speedycdn.net/a1ce4a197810c4cd52677b215337ca9e/goods/1000000084/image/list/1000000084_list_028.jpg,즉시 확인,537100000,-0.7063880439095358,-0.7063880439095358,available,직전 동일 길이 기간과 비교 가능합니다.,available,직전 동일 길이 기간과 비교 가능합니다.,최근 30일 매출이 직전기간 대비 -70.6%,재구매확장기여,최근 30일 재구매확장기여 기준 최근 30일 역할 관측은 참고용입니다.,limited,limited,최근 30일 브랜드 점수 참고용,2026-04-18,2026-04-18,161962180,195510440,-0.17159318960153738,161962180,195510440,-0.17159318960153738
6,2026-04-18,7d,7,최근 7일,1000000093,매화 2송이 1호,https://godomall.speedycdn.net/a1ce4a197810c4cd52677b215337ca9e/goods/1000000093/image/list/1000000093_list_057.jpg,즉시 확인,497480000,,-0.4986084781994918,available,직전 동일 길이 기간과 비교 가능합니다.,,,최근 7일 매출이 직전기간 대비 -49.9%,첫구매기여,최근 7일 첫구매기여 기준 최근 7일 주요 신호 0.64,available,limited,최근 7일 브랜드 점수 참고용,2026-04-18,2026-04-18,25575500,35701600,-0.2836315459251126,,,
7,2026-04-18,7d,7,최근 7일,1000000111,매화 3송이 3호,https://godomall.speedycdn.net/a1ce4a197810c4cd52677b215337ca9e/goods/1000000111/image/list/1000000111_list_056.jpg,즉시 확인,261330000,,-0.8222356610860017,available,직전 동일 길이 기간과 비교 가능합니다.,,,최근 7일 매출이 직전기간 대비 -82.2%,첫구매기여,최근 7일 첫구매기여 기준 최근 7일 주요 신호 0.32,available,limited,최근 7일 브랜드 점수 참고용,2026-04-18,2026-04-18,25575500,35701600,-0.2836315459251126,,,
8,2026-04-18,30d,30,최근 30일,1000000092,일리향 3단,https://godomall.speedycdn.net/a1ce4a197810c4cd52677b215337ca9e/goods/1000000092/image/list/1000000092_list_029.jpg,즉시 확인,182900000,-0.6100373007799254,-0.6100373007799254,available,직전 동일 길이 기간과 비교 가능합니다.,available,직전 동일 길이 기간과 비교 가능합니다.,최근 30일 매출이 직전기간 대비 -61.0%,재구매확장기여,최근 30일 재구매확장기여 기준 최근 30일 역할 관측은 참고용입니다.,limited,limited,최근 30일 브랜드 점수 참고용,2026-04-18,2026-04-18,161962180,195510440,-0.17159318960153738,161962180,195510440,-0.17159318960153738
9,2026-04-18,30d,30,최근 30일,1000000091,일리향 2단 (1호 2호 3호),https://godomall.speedycdn.net/a1ce4a197810c4cd52677b215337ca9e/goods/1000000091/image/list/1000000091_list_092.jpg,즉시 확인,162750000,-0.3280624294075367,-0.3280624294075367,available,직전 동일 길이 기간과 비교 가능합니다.,available,직전 동일 길이 기간과 비교 가능합니다.,최근 30일 매출이 직전기간 대비 -32.8%,재구매확장기여,최근 30일 재구매확장기여 기준 최근 30일 역할 관측은 참고용입니다.,limited,limited,최근 30일 브랜드 점수 참고용,2026-04-18,2026-04-18,161962180,195510440,-0.17159318960153738,161962180,195510440,-0.17159318960153738
10,2026-04-18,30d,30,최근 30일,1000000085,십리향 2단 (1호 2호 3호),https://godomall.speedycdn.net/a1ce4a197810c4cd52677b215337ca9e/goods/1000000085/image/list/1000000085_list_069.jpg,즉시 확인,142300000,-0.26000933271115256,-0.26000933271115256,available,직전 동일 길이 기간과 비교 가능합니다.,available,직전 동일 길이 기간과 비교 가능합니다.,최근 30일 매출이 직전기간 대비 -26.0%,재구매확장기여,최근 30일 재구매확장기여 기준 최근 30일 역할 관측은 참고용입니다.,limited,limited,최근 30일 브랜드 점수 참고용,2026-04-18,2026-04-18,161962180,195510440,-0.17159318960153738,161962180,195510440,-0.17159318960153738
11,2026-04-18,30d,30,최근 30일,1000000090,일리향 1단 (1호 2호 3호),https://godomall.speedycdn.net/a1ce4a197810c4cd52677b215337ca9e/goods/1000000090/image/list/1000000090_list_073.jpg,즉시 확인,96900000,-0.29602774274905425,-0.29602774274905425,available,직전 동일 길이 기간과 비교 가능합니다.,available,직전 동일 길이 기간과 비교 가능합니다.,최근 30일 매출이 직전기간 대비 -29.6%,동시구매기여,최근 30일 동시구매기여 기준 최근 30일 역할 관측은 참고용입니다.,limited,limited,최근 30일 브랜드 점수 참고용,2026-04-18,2026-04-18,161962180,195510440,-0.17159318960153738,161962180,195510440,-0.17159318960153738
12,2026-04-18,7d,7,최근 7일,1000000088,백리향 2단 (1호 2호),https://godomall.speedycdn.net/a1ce4a197810c4cd52677b215337ca9e/goods/1000000088/image/list/1000000088_list_033.jpg,즉시 확인,93100000,,-0.5746173469387755,available,직전 동일 길이 기간과 비교 가능합니다.,,,최근 7일 매출이 직전기간 대비 -57.5%,재구매확장기여,최근 7일 재구매확장기여 기준 최근 7일 주요 신호 0.36,available,limited,최근 7일 브랜드 점수 참고용,2026-04-18,2026-04-18,25575500,35701600,-0.2836315459251126,,,
13,2026-04-18,7d,7,최근 7일,1000000108,매화 2송이 2호,https://godomall.speedycdn.net/a1ce4a197810c4cd52677b215337ca9e/goods/1000000108/image/list/1000000108_list_020.jpg,즉시 확인,88290000,,-0.8428698487992885,available,직전 동일 길이 기간과 비교 가능합니다.,,,최근 7일 매출이 직전기간 대비 -84.3%,재구매확장기여,최근 7일 재구매확장기여 기준 최근 7일 주요 신호 0.30,available,limited,최근 7일 브랜드 점수 참고용,2026-04-18,2026-04-18,25575500,35701600,-0.2836315459251126,,,
14,2026-04-18,7d,7,최근 7일,1000000064,2색 이티,https://godomall.speedycdn.net/a1ce4a197810c4cd52677b215337ca9e/goods/1000000064/image/list/1000000064_list_053.jpg,주의 관찰,81350000,,-0.14450919686760152,available,직전 동일 길이 기간과 비교 가능합니다.,,,최근 7일 매출이 직전기간 대비 -14.5%,첫구매기여,최근 7일 첫구매기여 기준 최근 7일 주요 신호 1.00,available,limited,최근 7일 브랜드 점수 참고용,2026-04-18,2026-04-18,25575500,35701600,-0.2836315459251126,,,
15,2026-04-18,7d,7,최근 7일,1000000028,마스코바도 딸기설기,https://godomall.speedycdn.net/a1ce4a197810c4cd52677b215337ca9e/goods/1000000028/image/list/1000000028_list_04.jpg,즉시 확인,79800000,,-1,available,직전 동일 길이 기간과 비교 가능합니다.,,,최근 7일 매출이 직전기간 대비 -100.0%,반복구매기여,최근 7일 반복구매기여 기준 최근 7일 주요 신호 0.17,available,limited,최근 7일 브랜드 점수 참고용,2026-04-18,2026-04-18,25575500,35701600,-0.2836315459251126,,,
16,2026-04-18,7d,7,최근 7일,1000000110,매화 3송이 2호,https://godomall.speedycdn.net/a1ce4a197810c4cd52677b215337ca9e/goods/1000000110/image/list/1000000110_list_026.jpg,즉시 확인,78300000,,-0.3822335025380711,available,직전 동일 길이 기간과 비교 가능합니다.,,,최근 7일 매출이 직전기간 대비 -38.2%,재구매확장기여,최근 7일 재구매확장기여 기준 최근 7일 주요 신호 0.17,available,limited,최근 7일 브랜드 점수 참고용,2026-04-18,2026-04-18,25575500,35701600,-0.2836315459251126,,,
17,2026-04-18,30d,30,최근 30일,1000000087,백리향 1단 (1호 2호 3호),https://godomall.speedycdn.net/a1ce4a197810c4cd52677b215337ca9e/goods/1000000087/image/list/1000000087_list_067.jpg,주의 관찰,68100000,-0.11678445229681979,-0.11678445229681979,available,직전 동일 길이 기간과 비교 가능합니다.,available,직전 동일 길이 기간과 비교 가능합니다.,최근 30일 매출이 직전기간 대비 -11.7%,반복구매기여,최근 30일 반복구매기여 기준 최근 30일 역할 관측은 참고용입니다.,limited,limited,최근 30일 브랜드 점수 참고용,2026-04-18,2026-04-18,161962180,195510440,-0.17159318960153738,161962180,195510440,-0.17159318960153738
18,2026-04-18,30d,30,최근 30일,1000000177,설 백리향 1단,https://godomall.speedycdn.net/a1ce4a197810c4cd52677b215337ca9e/goods/1000000177/image/list/1000000177_list_062.jpg,즉시 확인,61600000,-1,-1,available,직전 동일 길이 기간과 비교 가능합니다.,available,직전 동일 길이 기간과 비교 가능합니다.,최근 30일 매출이 직전기간 대비 -100.0%,관측 없음,역할 근거 없음,unavailable,unavailable,브랜드 점수 상태 없음,2026-04-18,2026-04-18,161962180,195510440,-0.17159318960153738,161962180,195510440,-0.17159318960153738
19,2026-04-18,30d,30,최근 30일,1000000112,매화 5송이 2호,https://godomall.speedycdn.net/a1ce4a197810c4cd52677b215337ca9e/goods/1000000112/image/list/1000000112_list_032.jpg,주의 관찰,61560000,-0.11411929259834071,-0.11411929259834071,available,직전 동일 길이 기간과 비교 가능합니다.,available,직전 동일 길이 기간과 비교 가능합니다.,최근 30일 매출이 직전기간 대비 -11.4%,반복구매기여,최근 30일 반복구매기여 기준 최근 30일 역할 관측은 참고용입니다.,limited,limited,최근 30일 브랜드 점수 참고용,2026-04-18,2026-04-18,161962180,195510440,-0.17159318960153738,161962180,195510440,-0.17159318960153738
20,2026-04-18,7d,7,최근 7일,1000000092,일리향 3단,https://godomall.speedycdn.net/a1ce4a197810c4cd52677b215337ca9e/goods/1000000092/image/list/1000000092_list_029.jpg,즉시 확인,57600000,,-1,available,직전 동일 길이 기간과 비교 가능합니다.,,,최근 7일 매출이 직전기간 대비 -100.0%,재구매확장기여,최근 7일 재구매확장기여 기준 최근 7일 주요 신호 0.21,available,limited,최근 7일 브랜드 점수 참고용,2026-04-18,2026-04-18,25575500,35701600,-0.2836315459251126,,,
21,2026-04-18,7d,7,최근 7일,1000000090,일리향 1단 (1호 2호 3호),https://godomall.speedycdn.net/a1ce4a197810c4cd52677b215337ca9e/goods/1000000090/image/list/1000000090_list_073.jpg,즉시 확인,56400000,,-0.6319526627218935,available,직전 동일 길이 기간과 비교 가능합니다.,,,최근 7일 매출이 직전기간 대비 -63.2%,재구매확장기여,최근 7일 재구매확장기여 기준 최근 7일 주요 신호 0.11,available,limited,최근 7일 브랜드 점수 참고용,2026-04-18,2026-04-18,25575500,35701600,-0.2836315459251126,,,
22,2026-04-18,30d,30,최근 30일,1000000064,2색 이티,https://godomall.speedycdn.net/a1ce4a197810c4cd52677b215337ca9e/goods/1000000064/image/list/1000000064_list_053.jpg,정상 유지,49300000,-0.02302906048108327,-0.02302906048108327,available,직전 동일 길이 기간과 비교 가능합니다.,available,직전 동일 길이 기간과 비교 가능합니다.,최근 30일 매출이 직전기간 대비 -2.3%,첫구매기여,최근 30일 첫구매기여 기준 최근 30일 역할 관측은 참고용입니다.,limited,limited,최근 30일 브랜드 점수 참고용,2026-04-18,2026-04-18,161962180,195510440,-0.17159318960153738,161962180,195510440,-0.17159318960153738
23,2026-04-18,1d,1,하루 기준,1000000094,매화 3송이 1호,https://godomall.speedycdn.net/a1ce4a197810c4cd52677b215337ca9e/goods/1000000094/image/list/1000000094_list_039.jpg,즉시 확인,42000000,,-1,available,직전 동일 길이 기간과 비교 가능합니다.,,,하루 기준 매출이 직전기간 대비 -100.0%,재구매확장기여,하루 기준 재구매확장기여 기준 하루 기준 주요 신호 0.26,available,limited,하루 기준 브랜드 점수 참고용,2026-04-18,2026-04-18,2861800,2947300,-0.029009602008618057,,,
24,2026-04-18,7d,7,최근 7일,1000000063,쑥이티,https://godomall.speedycdn.net/a1ce4a197810c4cd52677b215337ca9e/goods/1000000063/image/list/1000000063_list_055.jpg,즉시 확인,39000000,,-0.41002277904328016,available,직전 동일 길이 기간과 비교 가능합니다.,,,최근 7일 매출이 직전기간 대비 -41.0%,동시구매기여,최근 7일 동시구매기여 기준 최근 7일 주요 신호 0.40,available,limited,최근 7일 브랜드 점수 참고용,2026-04-18,2026-04-18,25575500,35701600,-0.2836315459251126,,,
25,2026-04-18,30d,30,최근 30일,1000000043,모듬영양찰떡,https://godomall.speedycdn.net/a1ce4a197810c4cd52677b215337ca9e/goods/1000000043/image/list/1000000043_list_012.jpg,즉시 확인,38100000,-0.34110787172011664,-0.34110787172011664,available,직전 동일 길이 기간과 비교 가능합니다.,available,직전 동일 길이 기간과 비교 가능합니다.,최근 30일 매출이 직전기간 대비 -34.1%,동시구매기여,최근 30일 동시구매기여 기준 최근 30일 역할 관측은 참고용입니다.,limited,limited,최근 30일 브랜드 점수 참고용,2026-04-18,2026-04-18,161962180,195510440,-0.17159318960153738,161962180,195510440,-0.17159318960153738
26,2026-04-18,1d,1,하루 기준,1000000064,2색 이티,https://godomall.speedycdn.net/a1ce4a197810c4cd52677b215337ca9e/goods/1000000064/image/list/1000000064_list_053.jpg,즉시 확인,36950000,,-0.5653621981681932,available,직전 동일 길이 기간과 비교 가능합니다.,,,하루 기준 매출이 직전기간 대비 -56.5%,첫구매기여,하루 기준 첫구매기여 기준 하루 기준 주요 신호 1.00,available,limited,하루 기준 브랜드 점수 참고용,2026-04-18,2026-04-18,2861800,2947300,-0.029009602008618057,,,
27,2026-04-18,7d,7,최근 7일,1000000087,백리향 1단 (1호 2호 3호),https://godomall.speedycdn.net/a1ce4a197810c4cd52677b215337ca9e/goods/1000000087/image/list/1000000087_list_067.jpg,즉시 확인,35200000,,-0.22439024390243903,available,직전 동일 길이 기간과 비교 가능합니다.,,,최근 7일 매출이 직전기간 대비 -22.4%,반복구매기여,최근 7일 반복구매기여 기준 최근 7일 주요 신호 0.32,available,limited,최근 7일 브랜드 점수 참고용,2026-04-18,2026-04-18,25575500,35701600,-0.2836315459251126,,,
28,2026-04-18,7d,7,최근 7일,1000000086,십리향 3단,https://godomall.speedycdn.net/a1ce4a197810c4cd52677b215337ca9e/goods/1000000086/image/list/1000000086_list_048.jpg,즉시 확인,35200000,,-0.4831207801950488,available,직전 동일 길이 기간과 비교 가능합니다.,,,최근 7일 매출이 직전기간 대비 -48.3%,재구매확장기여,최근 7일 재구매확장기여 기준 최근 7일 주요 신호 0.65,available,limited,최근 7일 브랜드 점수 참고용,2026-04-18,2026-04-18,25575500,35701600,-0.2836315459251126,,,
29,2026-04-18,7d,7,최근 7일,1000000085,십리향 2단 (1호 2호 3호),https://godomall.speedycdn.net/a1ce4a197810c4cd52677b215337ca9e/goods/1000000085/image/list/1000000085_list_069.jpg,즉시 확인,32750000,,-0.24118362383461694,available,직전 동일 길이 기간과 비교 가능합니다.,,,최근 7일 매출이 직전기간 대비 -24.1%,재구매확장기여,최근 7일 재구매확장기여 기준 최근 7일 주요 신호 0.30,available,limited,최근 7일 브랜드 점수 참고용,2026-04-18,2026-04-18,25575500,35701600,-0.2836315459251126,,,
30,2026-04-18,7d,7,최근 7일,1000000127,흑임자이티,https://godomall.speedycdn.net/a1ce4a197810c4cd52677b215337ca9e/goods/1000000127/image/list/1000000127_list_053.jpg,즉시 확인,23500000,,-0.6591639871382636,available,직전 동일 길이 기간과 비교 가능합니다.,,,최근 7일 매출이 직전기간 대비 -65.9%,동시구매기여,최근 7일 동시구매기여 기준 최근 7일 주요 신호 0.42,available,limited,최근 7일 브랜드 점수 참고용,2026-04-18,2026-04-18,25575500,35701600,-0.2836315459251126,,,
31,2026-04-18,30d,30,최근 30일,1000000153,유밀상,https://godomall.speedycdn.net/a1ce4a197810c4cd52677b215337ca9e/goods/1000000153/image/list/1000000153_list_092.jpg,즉시 확인,23020000,-0.7,-0.7,available,직전 동일 길이 기간과 비교 가능합니다.,available,직전 동일 길이 기간과 비교 가능합니다.,최근 30일 매출이 직전기간 대비 -70.0%,재구매확장기여,최근 30일 재구매확장기여 기준 최근 30일 역할 관측은 참고용입니다.,limited,limited,최근 30일 브랜드 점수 참고용,2026-04-18,2026-04-18,161962180,195510440,-0.17159318960153738,161962180,195510440,-0.17159318960153738
32,2026-04-18,1d,1,하루 기준,1000000044,고구마찰떡,https://godomall.speedycdn.net/a1ce4a197810c4cd52677b215337ca9e/goods/1000000044/image/list/1000000044_list_088.jpg,즉시 확인,22900000,,-1,available,직전 동일 길이 기간과 비교 가능합니다.,,,하루 기준 매출이 직전기간 대비 -100.0%,동시구매기여,하루 기준 동시구매기여 기준 하루 기준 주요 신호 0.37,available,limited,하루 기준 브랜드 점수 참고용,2026-04-18,2026-04-18,2861800,2947300,-0.029009602008618057,,,
33,2026-04-18,30d,30,최근 30일,1000000062,흰이티,https://godomall.speedycdn.net/a1ce4a197810c4cd52677b215337ca9e/goods/1000000062/image/list/1000000062_list_062.jpg,주의 관찰,21700000,-0.08008130081300813,-0.08008130081300813,available,직전 동일 길이 기간과 비교 가능합니다.,available,직전 동일 길이 기간과 비교 가능합니다.,최근 30일 매출이 직전기간 대비 -8.0%,동시구매기여,최근 30일 동시구매기여 기준 최근 30일 역할 관측은 참고용입니다.,limited,limited,최근 30일 브랜드 점수 참고용,2026-04-18,2026-04-18,161962180,195510440,-0.17159318960153738,161962180,195510440,-0.17159318960153738
34,2026-04-18,1d,1,하루 기준,1000000063,쑥이티,https://godomall.speedycdn.net/a1ce4a197810c4cd52677b215337ca9e/goods/1000000063/image/list/1000000063_list_055.jpg,즉시 확인,21150000,,-1,available,직전 동일 길이 기간과 비교 가능합니다.,,,하루 기준 매출이 직전기간 대비 -100.0%,동시구매기여,하루 기준 동시구매기여 기준 하루 기준 주요 신호 0.40,available,limited,하루 기준 브랜드 점수 참고용,2026-04-18,2026-04-18,2861800,2947300,-0.029009602008618057,,,
35,2026-04-18,30d,30,최근 30일,1000000144,경기 미숫가루 쫀드기,https://godomall.speedycdn.net/a1ce4a197810c4cd52677b215337ca9e/goods/1000000144/image/list/1000000144_list_070.jpg,즉시 확인,20100000,-1,-1,available,직전 동일 길이 기간과 비교 가능합니다.,available,직전 동일 길이 기간과 비교 가능합니다.,최근 30일 매출이 직전기간 대비 -100.0%,반복구매기여,최근 30일 반복구매기여 기준 최근 30일 역할 관측은 참고용입니다.,limited,limited,최근 30일 브랜드 점수 참고용,2026-04-18,2026-04-18,161962180,195510440,-0.17159318960153738,161962180,195510440,-0.17159318960153738
36,2026-04-18,1d,1,하루 기준,1000000113,매화 5송이 3호,https://godomall.speedycdn.net/a1ce4a197810c4cd52677b215337ca9e/goods/1000000113/image/list/1000000113_list_070.jpg,즉시 확인,19770000,,-1,available,직전 동일 길이 기간과 비교 가능합니다.,,,하루 기준 매출이 직전기간 대비 -100.0%,재구매확장기여,하루 기준 재구매확장기여 기준 하루 기준 주요 신호 0.21,available,limited,하루 기준 브랜드 점수 참고용,2026-04-18,2026-04-18,2861800,2947300,-0.029009602008618057,,,
37,2026-04-18,30d,30,최근 30일,1000000128,흑임자인절미,https://godomall.speedycdn.net/a1ce4a197810c4cd52677b215337ca9e/goods/1000000128/image/list/1000000128_list_033.jpg,즉시 확인,18600000,-0.5333333333333333,-0.5333333333333333,available,직전 동일 길이 기간과 비교 가능합니다.,available,직전 동일 길이 기간과 비교 가능합니다.,최근 30일 매출이 직전기간 대비 -53.3%,동시구매기여,최근 30일 동시구매기여 기준 최근 30일 역할 관측은 참고용입니다.,limited,limited,최근 30일 브랜드 점수 참고용,2026-04-18,2026-04-18,161962180,195510440,-0.17159318960153738,161962180,195510440,-0.17159318960153738
38,2026-04-18,1d,1,하루 기준,1000000088,백리향 2단 (1호 2호),https://godomall.speedycdn.net/a1ce4a197810c4cd52677b215337ca9e/goods/1000000088/image/list/1000000088_list_033.jpg,즉시 확인,17000000,,-0.5185185185185185,available,직전 동일 길이 기간과 비교 가능합니다.,,,하루 기준 매출이 직전기간 대비 -51.9%,재구매확장기여,하루 기준 재구매확장기여 기준 하루 기준 주요 신호 0.35,available,limited,하루 기준 브랜드 점수 참고용,2026-04-18,2026-04-18,2861800,2947300,-0.029009602008618057,,,
39,2026-04-18,30d,30,최근 30일,1000000095,매화 5송이 1호,https://godomall.speedycdn.net/a1ce4a197810c4cd52677b215337ca9e/goods/1000000095/image/list/1000000095_list_06.jpg,즉시 확인,15720000,-1,-1,available,직전 동일 길이 기간과 비교 가능합니다.,available,직전 동일 길이 기간과 비교 가능합니다.,최근 30일 매출이 직전기간 대비 -100.0%,재구매확장기여,최근 30일 재구매확장기여 기준 최근 30일 역할 관측은 참고용입니다.,limited,limited,최근 30일 브랜드 점수 참고용,2026-04-18,2026-04-18,161962180,195510440,-0.17159318960153738,161962180,195510440,-0.17159318960153738
40,2026-04-18,7d,7,최근 7일,1000000070,마스코바도 쑥설기,https://godomall.speedycdn.net/a1ce4a197810c4cd52677b215337ca9e/goods/1000000070/image/list/1000000070_list_027.jpg,즉시 확인,13100000,,-1,available,직전 동일 길이 기간과 비교 가능합니다.,,,최근 7일 매출이 직전기간 대비 -100.0%,반복구매기여,최근 7일 반복구매기여 기준 최근 7일 주요 신호 0.14,available,limited,최근 7일 브랜드 점수 참고용,2026-04-18,2026-04-18,25575500,35701600,-0.2836315459251126,,,
41,2026-04-18,7d,7,최근 7일,1000000043,모듬영양찰떡,https://godomall.speedycdn.net/a1ce4a197810c4cd52677b215337ca9e/goods/1000000043/image/list/1000000043_list_012.jpg,즉시 확인,13000000,,-0.5714285714285714,available,직전 동일 길이 기간과 비교 가능합니다.,,,최근 7일 매출이 직전기간 대비 -57.1%,동시구매기여,최근 7일 동시구매기여 기준 최근 7일 주요 신호 0.49,available,limited,최근 7일 브랜드 점수 참고용,2026-04-18,2026-04-18,25575500,35701600,-0.2836315459251126,,,
42,2026-04-18,30d,30,최근 30일,1000000075,2색절편 4kg,https://godomall.speedycdn.net/a1ce4a197810c4cd52677b215337ca9e/goods/1000000075/image/list/1000000075_list_092.jpg,즉시 확인,11400000,-1,-1,available,직전 동일 길이 기간과 비교 가능합니다.,available,직전 동일 길이 기간과 비교 가능합니다.,최근 30일 매출이 직전기간 대비 -100.0%,관측 없음,역할 근거 없음,unavailable,unavailable,브랜드 점수 상태 없음,2026-04-18,2026-04-18,161962180,195510440,-0.17159318960153738,161962180,195510440,-0.17159318960153738
43,2026-04-18,30d,30,최근 30일,1000000156,기원상,https://godomall.speedycdn.net/a1ce4a197810c4cd52677b215337ca9e/goods/1000000156/image/list/1000000156_list_085.jpg,주의 관찰,10700000,-0.15789473684210525,-0.15789473684210525,available,직전 동일 길이 기간과 비교 가능합니다.,available,직전 동일 길이 기간과 비교 가능합니다.,최근 30일 매출이 직전기간 대비 -15.8%,재구매확장기여,최근 30일 재구매확장기여 기준 최근 30일 역할 관측은 참고용입니다.,limited,limited,최근 30일 브랜드 점수 참고용,2026-04-18,2026-04-18,161962180,195510440,-0.17159318960153738,161962180,195510440,-0.17159318960153738
44,2026-04-18,1d,1,하루 기준,1000000045,완두시루떡,https://godomall.speedycdn.net/a1ce4a197810c4cd52677b215337ca9e/goods/1000000045/image/list/1000000045_list_095.jpg,즉시 확인,10400000,,-0.7474747474747475,available,직전 동일 길이 기간과 비교 가능합니다.,,,하루 기준 매출이 직전기간 대비 -74.7%,동시구매기여,하루 기준 동시구매기여 기준 하루 기준 주요 신호 0.63,available,limited,하루 기준 브랜드 점수 참고용,2026-04-18,2026-04-18,2861800,2947300,-0.029009602008618057,,,
45,2026-04-18,30d,30,최근 30일,1000000176,설 십리향 2단,https://godomall.speedycdn.net/a1ce4a197810c4cd52677b215337ca9e/goods/1000000176/image/list/1000000176_list_096.jpg,즉시 확인,9200000,-1,-1,available,직전 동일 길이 기간과 비교 가능합니다.,available,직전 동일 길이 기간과 비교 가능합니다.,최근 30일 매출이 직전기간 대비 -100.0%,관측 없음,역할 근거 없음,unavailable,unavailable,브랜드 점수 상태 없음,2026-04-18,2026-04-18,161962180,195510440,-0.17159318960153738,161962180,195510440,-0.17159318960153738
46,2026-04-18,30d,30,최근 30일,1000000033,가래떡,https://godomall.speedycdn.net/a1ce4a197810c4cd52677b215337ca9e/goods/1000000033/image/list/1000000033_list_090.jpg,즉시 확인,9100000,-0.3388888888888889,-0.3388888888888889,available,직전 동일 길이 기간과 비교 가능합니다.,available,직전 동일 길이 기간과 비교 가능합니다.,최근 30일 매출이 직전기간 대비 -33.9%,재구매확장기여,최근 30일 재구매확장기여 기준 최근 30일 역할 관측은 참고용입니다.,limited,limited,최근 30일 브랜드 점수 참고용,2026-04-18,2026-04-18,161962180,195510440,-0.17159318960153738,161962180,195510440,-0.17159318960153738
47,2026-04-18,30d,30,최근 30일,1000000142,경기 미숫가루,https://godomall.speedycdn.net/a1ce4a197810c4cd52677b215337ca9e/goods/1000000142/image/list/1000000142_list_011.jpg,즉시 확인,9100000,-0.3630952380952381,-0.3630952380952381,available,직전 동일 길이 기간과 비교 가능합니다.,available,직전 동일 길이 기간과 비교 가능합니다.,최근 30일 매출이 직전기간 대비 -36.3%,재구매확장기여,최근 30일 재구매확장기여 기준 최근 30일 역할 관측은 참고용입니다.,limited,limited,최근 30일 브랜드 점수 참고용,2026-04-18,2026-04-18,161962180,195510440,-0.17159318960153738,161962180,195510440,-0.17159318960153738
48,2026-04-18,30d,30,최근 30일,1000000162,백리향 1단,https://godomall.speedycdn.net/a1ce4a197810c4cd52677b215337ca9e/goods/1000000162/image/list/1000000087_list_067.jpg,즉시 확인,9100000,-1,-1,available,직전 동일 길이 기간과 비교 가능합니다.,available,직전 동일 길이 기간과 비교 가능합니다.,최근 30일 매출이 직전기간 대비 -100.0%,관측 없음,역할 근거 없음,unavailable,unavailable,브랜드 점수 상태 없음,2026-04-18,2026-04-18,161962180,195510440,-0.17159318960153738,161962180,195510440,-0.17159318960153738
49,2026-04-18,1d,1,하루 기준,1000000085,십리향 2단 (1호 2호 3호),https://godomall.speedycdn.net/a1ce4a197810c4cd52677b215337ca9e/goods/1000000085/image/list/1000000085_list_069.jpg,즉시 확인,9050000,,-0.5148936170212766,available,직전 동일 길이 기간과 비교 가능합니다.,,,하루 기준 매출이 직전기간 대비 -51.5%,재구매확장기여,하루 기준 재구매확장기여 기준 하루 기준 주요 신호 0.30,available,limited,하루 기준 브랜드 점수 참고용,2026-04-18,2026-04-18,2861800,2947300,-0.029009602008618057,,,
50,2026-04-18,7d,7,최근 7일,1000000156,기원상,https://godomall.speedycdn.net/a1ce4a197810c4cd52677b215337ca9e/goods/1000000156/image/list/1000000156_list_085.jpg,즉시 확인,8800000,,-0.6666666666666666,available,직전 동일 길이 기간과 비교 가능합니다.,,,최근 7일 매출이 직전기간 대비 -66.7%,재구매확장기여,최근 7일 재구매확장기여 기준 최근 7일 주요 신호 0.19,available,limited,최근 7일 브랜드 점수 참고용,2026-04-18,2026-04-18,25575500,35701600,-0.2836315459251126,,,
51,2026-04-18,30d,30,최근 30일,1000000175,설 십리향 1단,https://godomall.speedycdn.net/a1ce4a197810c4cd52677b215337ca9e/goods/1000000175/image/list/1000000175_list_064.jpg,즉시 확인,8800000,-1,-1,available,직전 동일 길이 기간과 비교 가능합니다.,available,직전 동일 길이 기간과 비교 가능합니다.,최근 30일 매출이 직전기간 대비 -100.0%,관측 없음,역할 근거 없음,unavailable,unavailable,브랜드 점수 상태 없음,2026-04-18,2026-04-18,161962180,195510440,-0.17159318960153738,161962180,195510440,-0.17159318960153738
52,2026-04-18,7d,7,최근 7일,1000000083,백설기,https://godomall.speedycdn.net/a1ce4a197810c4cd52677b215337ca9e/goods/1000000083/image/list/1000000083_list_054.jpg,즉시 확인,8700000,,-1,available,직전 동일 길이 기간과 비교 가능합니다.,,,최근 7일 매출이 직전기간 대비 -100.0%,반복구매기여,최근 7일 반복구매기여 기준 최근 7일 주요 신호 0.33,available,limited,최근 7일 브랜드 점수 참고용,2026-04-18,2026-04-18,25575500,35701600,-0.2836315459251126,,,
53,2026-04-18,7d,7,최근 7일,1000000154,화연상,https://godomall.speedycdn.net/a1ce4a197810c4cd52677b215337ca9e/goods/1000000154/image/list/1000000154_list_031.jpg,즉시 확인,8560000,,-1,available,직전 동일 길이 기간과 비교 가능합니다.,,,최근 7일 매출이 직전기간 대비 -100.0%,재구매확장기여,최근 7일 재구매확장기여 기준 최근 7일 주요 신호 0.12,available,limited,최근 7일 브랜드 점수 참고용,2026-04-18,2026-04-18,25575500,35701600,-0.2836315459251126,,,
54,2026-04-18,7d,7,최근 7일,1000000142,경기 미숫가루,https://godomall.speedycdn.net/a1ce4a197810c4cd52677b215337ca9e/goods/1000000142/image/list/1000000142_list_011.jpg,즉시 확인,8000000,,-1,available,직전 동일 길이 기간과 비교 가능합니다.,,,최근 7일 매출이 직전기간 대비 -100.0%,재구매확장기여,최근 7일 재구매확장기여 기준 최근 7일 주요 신호 0.15,available,limited,최근 7일 브랜드 점수 참고용,2026-04-18,2026-04-18,25575500,35701600,-0.2836315459251126,,,
55,2026-04-18,1d,1,하루 기준,1000000033,가래떡,https://godomall.speedycdn.net/a1ce4a197810c4cd52677b215337ca9e/goods/1000000033/image/list/1000000033_list_090.jpg,즉시 확인,7900000,,-1,available,직전 동일 길이 기간과 비교 가능합니다.,,,하루 기준 매출이 직전기간 대비 -100.0%,재구매확장기여,하루 기준 재구매확장기여 기준 하루 기준 주요 신호 0.14,available,limited,하루 기준 브랜드 점수 참고용,2026-04-18,2026-04-18,2861800,2947300,-0.029009602008618057,,,
56,2026-04-18,30d,30,최근 30일,1000000121,깨송편 1kg,https://godomall.speedycdn.net/a1ce4a197810c4cd52677b215337ca9e/goods/1000000121/image/list/1000000121_list_089.jpg,즉시 확인,7050000,-0.2956204379562044,-0.2956204379562044,available,직전 동일 길이 기간과 비교 가능합니다.,available,직전 동일 길이 기간과 비교 가능합니다.,최근 30일 매출이 직전기간 대비 -29.6%,반복구매기여,최근 30일 반복구매기여 기준 최근 30일 역할 관측은 참고용입니다.,limited,limited,최근 30일 브랜드 점수 참고용,2026-04-18,2026-04-18,161962180,195510440,-0.17159318960153738,161962180,195510440,-0.17159318960153738
57,2026-04-18,30d,30,최근 30일,1000000042,약식,https://godomall.speedycdn.net/a1ce4a197810c4cd52677b215337ca9e/goods/1000000042/image/list/1000000042_list_03.jpg,정상 유지,5950000,-0.02819709484477357,-0.02819709484477357,available,직전 동일 길이 기간과 비교 가능합니다.,available,직전 동일 길이 기간과 비교 가능합니다.,최근 30일 매출이 직전기간 대비 -2.8%,동시구매기여,최근 30일 동시구매기여 기준 최근 30일 역할 관측은 참고용입니다.,limited,limited,최근 30일 브랜드 점수 참고용,2026-04-18,2026-04-18,161962180,195510440,-0.17159318960153738,161962180,195510440,-0.17159318960153738
58,2026-04-18,7d,7,최근 7일,1000000074,경기 콩약과(10ea),https://godomall.speedycdn.net/a1ce4a197810c4cd52677b215337ca9e/goods/1000000074/image/list/1000000074_list_06.jpg,즉시 확인,5600000,,-0.6666666666666666,available,직전 동일 길이 기간과 비교 가능합니다.,,,최근 7일 매출이 직전기간 대비 -66.7%,동시구매기여,최근 7일 동시구매기여 기준 최근 7일 주요 신호 0.01,available,unavailable,최근 7일 브랜드 점수 산출 없음,2026-04-18,2026-04-18,25575500,35701600,-0.2836315459251126,,,
59,2026-04-18,7d,7,최근 7일,1000000071,마스코바도 호박설기,https://godomall.speedycdn.net/a1ce4a197810c4cd52677b215337ca9e/goods/1000000071/image/list/1000000071_list_020.jpg,즉시 확인,5300000,,-0.48936170212765956,available,직전 동일 길이 기간과 비교 가능합니다.,,,최근 7일 매출이 직전기간 대비 -48.9%,반복구매기여,최근 7일 반복구매기여 기준 최근 7일 주요 신호 0.32,available,limited,최근 7일 브랜드 점수 참고용,2026-04-18,2026-04-18,25575500,35701600,-0.2836315459251126,,,
60,2026-04-18,30d,30,최근 30일,1000000072,마스코바도 흑임자설기,https://godomall.speedycdn.net/a1ce4a197810c4cd52677b215337ca9e/goods/1000000072/image/list/1000000072_list_015.jpg,즉시 확인,5000000,-1,-1,available,직전 동일 길이 기간과 비교 가능합니다.,available,직전 동일 길이 기간과 비교 가능합니다.,최근 30일 매출이 직전기간 대비 -100.0%,재구매확장기여,최근 30일 재구매확장기여 기준 최근 30일 역할 관측은 참고용입니다.,limited,limited,최근 30일 브랜드 점수 참고용,2026-04-18,2026-04-18,161962180,195510440,-0.17159318960153738,161962180,195510440,-0.17159318960153738
61,2026-04-18,7d,7,최근 7일,1000000121,깨송편 1kg,https://godomall.speedycdn.net/a1ce4a197810c4cd52677b215337ca9e/goods/1000000121/image/list/1000000121_list_089.jpg,즉시 확인,4900000,,-1,available,직전 동일 길이 기간과 비교 가능합니다.,,,최근 7일 매출이 직전기간 대비 -100.0%,반복구매기여,최근 7일 반복구매기여 기준 최근 7일 주요 신호 0.23,available,limited,최근 7일 브랜드 점수 참고용,2026-04-18,2026-04-18,25575500,35701600,-0.2836315459251126,,,
62,2026-04-18,30d,30,최근 30일,1000000035,떡국떡 500g,https://godomall.speedycdn.net/a1ce4a197810c4cd52677b215337ca9e/goods/1000000035/image/list/1000000035_list_093.jpg,즉시 확인,4700000,-0.4722222222222222,-0.4722222222222222,available,직전 동일 길이 기간과 비교 가능합니다.,available,직전 동일 길이 기간과 비교 가능합니다.,최근 30일 매출이 직전기간 대비 -47.2%,재구매확장기여,최근 30일 재구매확장기여 기준 최근 30일 역할 관측은 참고용입니다.,limited,limited,최근 30일 브랜드 점수 참고용,2026-04-18,2026-04-18,161962180,195510440,-0.17159318960153738,161962180,195510440,-0.17159318960153738
63,2026-04-18,30d,30,최근 30일,1000000127,흑임자이티,https://godomall.speedycdn.net/a1ce4a197810c4cd52677b215337ca9e/goods/1000000127/image/list/1000000127_list_053.jpg,정상 유지,1800000,-0.0047100382690609364,-0.0047100382690609364,available,직전 동일 길이 기간과 비교 가능합니다.,available,직전 동일 길이 기간과 비교 가능합니다.,최근 30일 매출이 직전기간 대비 -0.5%,동시구매기여,최근 30일 동시구매기여 기준 최근 30일 역할 관측은 참고용입니다.,limited,limited,최근 30일 브랜드 점수 참고용,2026-04-18,2026-04-18,161962180,195510440,-0.17159318960153738,161962180,195510440,-0.17159318960153738
64,2026-04-18,1d,1,하루 기준,1000000108,매화 2송이 2호,https://godomall.speedycdn.net/a1ce4a197810c4cd52677b215337ca9e/goods/1000000108/image/list/1000000108_list_020.jpg,정상 유지,1000000,,0,available,직전 동일 길이 기간과 비교 가능합니다.,,,하루 기준 매출이 직전기간 대비 0.0%,재구매확장기여,하루 기준 재구매확장기여 기준 하루 기준 주요 신호 0.29,available,limited,하루 기준 브랜드 점수 참고용,2026-04-18,2026-04-18,2861800,2947300,-0.029009602008618057,,,
65,2026-04-18,1d,1,하루 기준,1000000110,매화 3송이 2호,https://godomall.speedycdn.net/a1ce4a197810c4cd52677b215337ca9e/goods/1000000110/image/list/1000000110_list_026.jpg,정상 유지,1000000,,0,available,직전 동일 길이 기간과 비교 가능합니다.,,,하루 기준 매출이 직전기간 대비 0.0%,재구매확장기여,하루 기준 재구매확장기여 기준 하루 기준 주요 신호 0.16,available,limited,하루 기준 브랜드 점수 참고용,2026-04-18,2026-04-18,2861800,2947300,-0.029009602008618057,,,
66,2026-04-18,1d,1,하루 기준,1000000091,일리향 2단 (1호 2호 3호),https://godomall.speedycdn.net/a1ce4a197810c4cd52677b215337ca9e/goods/1000000091/image/list/1000000091_list_092.jpg,정상 유지,1000000,,0,available,직전 동일 길이 기간과 비교 가능합니다.,,,하루 기준 매출이 직전기간 대비 0.0%,재구매확장기여,하루 기준 재구매확장기여 기준 하루 기준 주요 신호 0.25,available,limited,하루 기준 브랜드 점수 참고용,2026-04-18,2026-04-18,2861800,2947300,-0.029009602008618057,,,
67,2026-04-18,1d,1,하루 기준,1000000089,백리향 3단,https://godomall.speedycdn.net/a1ce4a197810c4cd52677b215337ca9e/goods/1000000089/image/list/1000000089_list_027.jpg,정상 유지,1000000,,0,available,직전 동일 길이 기간과 비교 가능합니다.,,,하루 기준 매출이 직전기간 대비 0.0%,재구매확장기여,하루 기준 재구매확장기여 기준 하루 기준 주요 신호 0.42,available,limited,하루 기준 브랜드 점수 참고용,2026-04-18,2026-04-18,2861800,2947300,-0.029009602008618057,,,
68,2026-04-18,1d,1,하루 기준,1000000086,십리향 3단,https://godomall.speedycdn.net/a1ce4a197810c4cd52677b215337ca9e/goods/1000000086/image/list/1000000086_list_048.jpg,정상 유지,1000000,,0,available,직전 동일 길이 기간과 비교 가능합니다.,,,하루 기준 매출이 직전기간 대비 0.0%,재구매확장기여,하루 기준 재구매확장기여 기준 하루 기준 주요 신호 0.64,available,limited,하루 기준 브랜드 점수 참고용,2026-04-18,2026-04-18,2861800,2947300,-0.029009602008618057,,,
69,2026-04-18,1d,1,하루 기준,1000000084,십리향 1단 (1호 2호 3호),https://godomall.speedycdn.net/a1ce4a197810c4cd52677b215337ca9e/goods/1000000084/image/list/1000000084_list_028.jpg,정상 유지,1000000,,0,available,직전 동일 길이 기간과 비교 가능합니다.,,,하루 기준 매출이 직전기간 대비 0.0%,재구매확장기여,하루 기준 재구매확장기여 기준 하루 기준 주요 신호 0.14,available,limited,하루 기준 브랜드 점수 참고용,2026-04-18,2026-04-18,2861800,2947300,-0.029009602008618057,,,
70,2026-04-18,1d,1,하루 기준,1000000092,일리향 3단,https://godomall.speedycdn.net/a1ce4a197810c4cd52677b215337ca9e/goods/1000000092/image/list/1000000092_list_029.jpg,정상 유지,1000000,,0,available,직전 동일 길이 기간과 비교 가능합니다.,,,하루 기준 매출이 직전기간 대비 0.0%,재구매확장기여,하루 기준 재구매확장기여 기준 하루 기준 주요 신호 0.21,available,limited,하루 기준 브랜드 점수 참고용,2026-04-18,2026-04-18,2861800,2947300,-0.029009602008618057,,,
71,2026-04-18,1d,1,하루 기준,1000000069,설기세트,https://godomall.speedycdn.net/a1ce4a197810c4cd52677b215337ca9e/goods/1000000069/image/list/1000000069_list_033.jpg,정상 유지,1000000,,0,available,직전 동일 길이 기간과 비교 가능합니다.,,,하루 기준 매출이 직전기간 대비 0.0%,동시구매기여,하루 기준 동시구매기여 기준 하루 기준 주요 신호 0.19,available,limited,하루 기준 브랜드 점수 참고용,2026-04-18,2026-04-18,2861800,2947300,-0.029009602008618057,,,
72,2026-04-18,1d,1,하루 기준,1000000028,마스코바도 딸기설기,https://godomall.speedycdn.net/a1ce4a197810c4cd52677b215337ca9e/goods/1000000028/image/list/1000000028_list_04.jpg,정상 유지,1000000,,0,available,직전 동일 길이 기간과 비교 가능합니다.,,,하루 기준 매출이 직전기간 대비 0.0%,반복구매기여,하루 기준 반복구매기여 기준 하루 기준 주요 신호 0.15,available,limited,하루 기준 브랜드 점수 참고용,2026-04-18,2026-04-18,2861800,2947300,-0.029009602008618057,,,
73,2026-04-18,1d,1,하루 기준,1000000043,모듬영양찰떡,https://godomall.speedycdn.net/a1ce4a197810c4cd52677b215337ca9e/goods/1000000043/image/list/1000000043_list_012.jpg,정상 유지,1000000,,0,available,직전 동일 길이 기간과 비교 가능합니다.,,,하루 기준 매출이 직전기간 대비 0.0%,동시구매기여,하루 기준 동시구매기여 기준 하루 기준 주요 신호 0.49,available,limited,하루 기준 브랜드 점수 참고용,2026-04-18,2026-04-18,2861800,2947300,-0.029009602008618057,,,
74,2026-04-18,1d,1,하루 기준,1000000083,백설기,https://godomall.speedycdn.net/a1ce4a197810c4cd52677b215337ca9e/goods/1000000083/image/list/1000000083_list_054.jpg,정상 유지,1000000,,0,available,직전 동일 길이 기간과 비교 가능합니다.,,,하루 기준 매출이 직전기간 대비 0.0%,반복구매기여,하루 기준 반복구매기여 기준 하루 기준 주요 신호 0.32,available,limited,하루 기준 브랜드 점수 참고용,2026-04-18,2026-04-18,2861800,2947300,-0.029009602008618057,,,
75,2026-04-18,1d,1,하루 기준,1000000156,기원상,https://godomall.speedycdn.net/a1ce4a197810c4cd52677b215337ca9e/goods/1000000156/image/list/1000000156_list_085.jpg,정상 유지,1000000,,0,available,직전 동일 길이 기간과 비교 가능합니다.,,,하루 기준 매출이 직전기간 대비 0.0%,재구매확장기여,하루 기준 재구매확장기여 기준 하루 기준 주요 신호 0.19,available,limited,하루 기준 브랜드 점수 참고용,2026-04-18,2026-04-18,2861800,2947300,-0.029009602008618057,,,
76,2026-04-18,1d,1,하루 기준,1000000071,마스코바도 호박설기,https://godomall.speedycdn.net/a1ce4a197810c4cd52677b215337ca9e/goods/1000000071/image/list/1000000071_list_020.jpg,정상 유지,1000000,,0,available,직전 동일 길이 기간과 비교 가능합니다.,,,하루 기준 매출이 직전기간 대비 0.0%,반복구매기여,하루 기준 반복구매기여 기준 하루 기준 주요 신호 0.30,available,limited,하루 기준 브랜드 점수 참고용,2026-04-18,2026-04-18,2861800,2947300,-0.029009602008618057,,,
77,2026-04-18,1d,1,하루 기준,1000000070,마스코바도 쑥설기,https://godomall.speedycdn.net/a1ce4a197810c4cd52677b215337ca9e/goods/1000000070/image/list/1000000070_list_027.jpg,정상 유지,1000000,,0,available,직전 동일 길이 기간과 비교 가능합니다.,,,하루 기준 매출이 직전기간 대비 0.0%,반복구매기여,하루 기준 반복구매기여 기준 하루 기준 주요 신호 0.13,available,limited,하루 기준 브랜드 점수 참고용,2026-04-18,2026-04-18,2861800,2947300,-0.029009602008618057,,,
78,2026-04-18,1d,1,하루 기준,1000000154,화연상,https://godomall.speedycdn.net/a1ce4a197810c4cd52677b215337ca9e/goods/1000000154/image/list/1000000154_list_031.jpg,정상 유지,1000000,,0,available,직전 동일 길이 기간과 비교 가능합니다.,,,하루 기준 매출이 직전기간 대비 0.0%,재구매확장기여,하루 기준 재구매확장기여 기준 하루 기준 주요 신호 0.12,available,limited,하루 기준 브랜드 점수 참고용,2026-04-18,2026-04-18,2861800,2947300,-0.029009602008618057,,,
79,2026-04-18,1d,1,하루 기준,1000000128,흑임자인절미,https://godomall.speedycdn.net/a1ce4a197810c4cd52677b215337ca9e/goods/1000000128/image/list/1000000128_list_033.jpg,정상 유지,1000000,,0,available,직전 동일 길이 기간과 비교 가능합니다.,,,하루 기준 매출이 직전기간 대비 0.0%,재구매확장기여,하루 기준 재구매확장기여 기준 하루 기준 주요 신호 0.13,available,limited,하루 기준 브랜드 점수 참고용,2026-04-18,2026-04-18,2861800,2947300,-0.029009602008618057,,,
80,2026-04-18,1d,1,하루 기준,1000000143,"경기참기름, 경기들기름",https://godomall.speedycdn.net/a1ce4a197810c4cd52677b215337ca9e/goods/1000000143/image/list/1000000143_list_079.jpg,정상 유지,1000000,,0,available,직전 동일 길이 기간과 비교 가능합니다.,,,하루 기준 매출이 직전기간 대비 0.0%,반복구매기여,하루 기준 반복구매기여 기준 하루 기준 주요 신호 0.12,available,limited,하루 기준 브랜드 점수 참고용,2026-04-18,2026-04-18,2861800,2947300,-0.029009602008618057,,,
81,2026-04-18,1d,1,하루 기준,1000000142,경기 미숫가루,https://godomall.speedycdn.net/a1ce4a197810c4cd52677b215337ca9e/goods/1000000142/image/list/1000000142_list_011.jpg,정상 유지,1000000,,0,available,직전 동일 길이 기간과 비교 가능합니다.,,,하루 기준 매출이 직전기간 대비 0.0%,재구매확장기여,하루 기준 재구매확장기여 기준 하루 기준 주요 신호 0.14,available,limited,하루 기준 브랜드 점수 참고용,2026-04-18,2026-04-18,2861800,2947300,-0.029009602008618057,,,
82,2026-04-18,1d,1,하루 기준,1000000065,흰인절미,https://godomall.speedycdn.net/a1ce4a197810c4cd52677b215337ca9e/goods/1000000065/image/list/1000000065_list_019.jpg,정상 유지,1000000,,0,available,직전 동일 길이 기간과 비교 가능합니다.,,,하루 기준 매출이 직전기간 대비 0.0%,반복구매기여,하루 기준 반복구매기여 기준 하루 기준 주요 신호 0.42,available,limited,하루 기준 브랜드 점수 참고용,2026-04-18,2026-04-18,2861800,2947300,-0.029009602008618057,,,
83,2026-04-18,7d,7,최근 7일,1000000065,흰인절미,https://godomall.speedycdn.net/a1ce4a197810c4cd52677b215337ca9e/goods/1000000065/image/list/1000000065_list_019.jpg,정상 유지,1000000,,0,available,직전 동일 길이 기간과 비교 가능합니다.,,,최근 7일 매출이 직전기간 대비 0.0%,반복구매기여,최근 7일 반복구매기여 기준 최근 7일 주요 신호 0.43,available,limited,최근 7일 브랜드 점수 참고용,2026-04-18,2026-04-18,25575500,35701600,-0.2836315459251126,,,
84,2026-04-18,1d,1,하루 기준,1000000121,깨송편 1kg,https://godomall.speedycdn.net/a1ce4a197810c4cd52677b215337ca9e/goods/1000000121/image/list/1000000121_list_089.jpg,정상 유지,1000000,,0,available,직전 동일 길이 기간과 비교 가능합니다.,,,하루 기준 매출이 직전기간 대비 0.0%,반복구매기여,하루 기준 반복구매기여 기준 하루 기준 주요 신호 0.22,available,limited,하루 기준 브랜드 점수 참고용,2026-04-18,2026-04-18,2861800,2947300,-0.029009602008618057,,,
85,2026-04-18,1d,1,하루 기준,1000000153,유밀상,https://godomall.speedycdn.net/a1ce4a197810c4cd52677b215337ca9e/goods/1000000153/image/list/1000000153_list_092.jpg,정상 유지,1000000,,0,available,직전 동일 길이 기간과 비교 가능합니다.,,,하루 기준 매출이 직전기간 대비 0.0%,재구매확장기여,하루 기준 재구매확장기여 기준 하루 기준 주요 신호 0.12,available,limited,하루 기준 브랜드 점수 참고용,2026-04-18,2026-04-18,2861800,2947300,-0.029009602008618057,,,
86,2026-04-18,7d,7,최근 7일,1000000153,유밀상,https://godomall.speedycdn.net/a1ce4a197810c4cd52677b215337ca9e/goods/1000000153/image/list/1000000153_list_092.jpg,정상 유지,1000000,,0,available,직전 동일 길이 기간과 비교 가능합니다.,,,최근 7일 매출이 직전기간 대비 0.0%,재구매확장기여,최근 7일 재구매확장기여 기준 최근 7일 주요 신호 0.13,available,limited,최근 7일 브랜드 점수 참고용,2026-04-18,2026-04-18,25575500,35701600,-0.2836315459251126,,,
87,2026-04-18,7d,7,최근 7일,1000000027,마스코바도 설기,https://godomall.speedycdn.net/a1ce4a197810c4cd52677b215337ca9e/goods/1000000027/image/list/1000000027_list_012.jpg,정상 유지,1000000,,0,available,직전 동일 길이 기간과 비교 가능합니다.,,,최근 7일 매출이 직전기간 대비 0.0%,재구매확장기여,최근 7일 재구매확장기여 기준 최근 7일 주요 신호 0.13,available,limited,최근 7일 브랜드 점수 참고용,2026-04-18,2026-04-18,25575500,35701600,-0.2836315459251126,,,
88,2026-04-18,1d,1,하루 기준,1000000074,경기 콩약과(10ea),https://godomall.speedycdn.net/a1ce4a197810c4cd52677b215337ca9e/goods/1000000074/image/list/1000000074_list_06.jpg,정상 유지,1000000,,0,available,직전 동일 길이 기간과 비교 가능합니다.,,,하루 기준 매출이 직전기간 대비 0.0%,동시구매기여,하루 기준 동시구매기여 기준 하루 기준 주요 신호 0.01,available,unavailable,하루 기준 브랜드 점수 산출 없음,2026-04-18,2026-04-18,2861800,2947300,-0.029009602008618057,,,
89,2026-04-18,1d,1,하루 기준,1000000035,떡국떡 500g,https://godomall.speedycdn.net/a1ce4a197810c4cd52677b215337ca9e/goods/1000000035/image/list/1000000035_list_093.jpg,정상 유지,1000000,,0,available,직전 동일 길이 기간과 비교 가능합니다.,,,하루 기준 매출이 직전기간 대비 0.0%,재구매확장기여,하루 기준 재구매확장기여 기준 하루 기준 주요 신호 0.20,available,limited,하루 기준 브랜드 점수 참고용,2026-04-18,2026-04-18,2861800,2947300,-0.029009602008618057,,,
90,2026-04-18,1d,1,하루 기준,1000000155,만복상,https://godomall.speedycdn.net/a1ce4a197810c4cd52677b215337ca9e/goods/1000000155/image/list/1000000155_list_016.jpg,정상 유지,1000000,,0,available,직전 동일 길이 기간과 비교 가능합니다.,,,하루 기준 매출이 직전기간 대비 0.0%,관측 없음,역할 근거 없음,unavailable,unavailable,브랜드 점수 상태 없음,2026-04-18,2026-04-18,2861800,2947300,-0.029009602008618057,,,
91,2026-04-18,7d,7,최근 7일,1000000155,만복상,https://godomall.speedycdn.net/a1ce4a197810c4cd52677b215337ca9e/goods/1000000155/image/list/1000000155_list_016.jpg,정상 유지,1000000,,0,available,직전 동일 길이 기간과 비교 가능합니다.,,,최근 7일 매출이 직전기간 대비 0.0%,관측 없음,역할 근거 없음,unavailable,unavailable,브랜드 점수 상태 없음,2026-04-18,2026-04-18,25575500,35701600,-0.2836315459251126,,,
92,2026-04-18,30d,30,최근 30일,1000000155,만복상,https://godomall.speedycdn.net/a1ce4a197810c4cd52677b215337ca9e/goods/1000000155/image/list/1000000155_list_016.jpg,정상 유지,1000000,0,0,available,직전 동일 길이 기간과 비교 가능합니다.,available,직전 동일 길이 기간과 비교 가능합니다.,최근 30일 매출이 직전기간 대비 0.0%,관측 없음,역할 근거 없음,unavailable,unavailable,브랜드 점수 상태 없음,2026-04-18,2026-04-18,161962180,195510440,-0.17159318960153738,161962180,195510440,-0.17159318960153738
93,2026-04-18,1d,1,하루 기준,1000000161,십리향 3단,https://godomall.speedycdn.net/a1ce4a197810c4cd52677b215337ca9e/goods/1000000161/image/list/1000000086_list_048.jpg,정상 유지,1000000,,0,available,직전 동일 길이 기간과 비교 가능합니다.,,,하루 기준 매출이 직전기간 대비 0.0%,관측 없음,역할 근거 없음,unavailable,unavailable,브랜드 점수 상태 없음,2026-04-18,2026-04-18,2861800,2947300,-0.029009602008618057,,,
94,2026-04-18,7d,7,최근 7일,1000000161,십리향 3단,https://godomall.speedycdn.net/a1ce4a197810c4cd52677b215337ca9e/goods/1000000161/image/list/1000000086_list_048.jpg,정상 유지,1000000,,0,available,직전 동일 길이 기간과 비교 가능합니다.,,,최근 7일 매출이 직전기간 대비 0.0%,관측 없음,역할 근거 없음,unavailable,unavailable,브랜드 점수 상태 없음,2026-04-18,2026-04-18,25575500,35701600,-0.2836315459251126,,,
95,2026-04-18,30d,30,최근 30일,1000000161,십리향 3단,https://godomall.speedycdn.net/a1ce4a197810c4cd52677b215337ca9e/goods/1000000161/image/list/1000000086_list_048.jpg,정상 유지,1000000,0,0,available,직전 동일 길이 기간과 비교 가능합니다.,available,직전 동일 길이 기간과 비교 가능합니다.,최근 30일 매출이 직전기간 대비 0.0%,관측 없음,역할 근거 없음,unavailable,unavailable,브랜드 점수 상태 없음,2026-04-18,2026-04-18,161962180,195510440,-0.17159318960153738,161962180,195510440,-0.17159318960153738
96,2026-04-18,1d,1,하루 기준,1000000072,마스코바도 흑임자설기,https://godomall.speedycdn.net/a1ce4a197810c4cd52677b215337ca9e/goods/1000000072/image/list/1000000072_list_015.jpg,정상 유지,1000000,,0,available,직전 동일 길이 기간과 비교 가능합니다.,,,하루 기준 매출이 직전기간 대비 0.0%,관측 없음,하루 기준 관측 없음 기준 하루 기준 역할 관측이 없습니다.,unavailable,unavailable,브랜드 점수 상태 없음,2026-04-18,2026-04-18,2861800,2947300,-0.029009602008618057,,,
97,2026-04-18,7d,7,최근 7일,1000000072,마스코바도 흑임자설기,https://godomall.speedycdn.net/a1ce4a197810c4cd52677b215337ca9e/goods/1000000072/image/list/1000000072_list_015.jpg,정상 유지,1000000,,0,available,직전 동일 길이 기간과 비교 가능합니다.,,,최근 7일 매출이 직전기간 대비 0.0%,재구매확장기여,최근 7일 재구매확장기여 기준 최근 7일 주요 신호 0.07,available,limited,최근 7일 브랜드 점수 참고용,2026-04-18,2026-04-18,25575500,35701600,-0.2836315459251126,,,
98,2026-04-18,1d,1,하루 기준,1000000144,경기 미숫가루 쫀드기,https://godomall.speedycdn.net/a1ce4a197810c4cd52677b215337ca9e/goods/1000000144/image/list/1000000144_list_070.jpg,정상 유지,1000000,,0,available,직전 동일 길이 기간과 비교 가능합니다.,,,하루 기준 매출이 직전기간 대비 0.0%,관측 없음,하루 기준 관측 없음 기준 하루 기준 역할 관측이 없습니다.,unavailable,unavailable,브랜드 점수 상태 없음,2026-04-18,2026-04-18,2861800,2947300,-0.029009602008618057,,,
99,2026-04-18,7d,7,최근 7일,1000000144,경기 미숫가루 쫀드기,https://godomall.speedycdn.net/a1ce4a197810c4cd52677b215337ca9e/goods/1000000144/image/list/1000000144_list_070.jpg,정상 유지,1000000,,0,available,직전 동일 길이 기간과 비교 가능합니다.,,,최근 7일 매출이 직전기간 대비 0.0%,재구매확장기여,최근 7일 재구매확장기여 기준 최근 7일 주요 신호 0.11,available,limited,최근 7일 브랜드 점수 참고용,2026-04-18,2026-04-18,25575500,35701600,-0.2836315459251126,,,
100,2026-04-18,1d,1,하루 기준,1000000041,콩영양찰떡,https://godomall.speedycdn.net/a1ce4a197810c4cd52677b215337ca9e/goods/1000000041/image/list/1000000041_list_042.jpg,정상 유지,1000000,,0,available,직전 동일 길이 기간과 비교 가능합니다.,,,하루 기준 매출이 직전기간 대비 0.0%,관측 없음,역할 근거 없음,unavailable,unavailable,브랜드 점수 상태 없음,2026-04-18,2026-04-18,2861800,2947300,-0.029009602008618057,,,
101,2026-04-18,7d,7,최근 7일,1000000041,콩영양찰떡,https://godomall.speedycdn.net/a1ce4a197810c4cd52677b215337ca9e/goods/1000000041/image/list/1000000041_list_042.jpg,정상 유지,1000000,,0,available,직전 동일 길이 기간과 비교 가능합니다.,,,최근 7일 매출이 직전기간 대비 0.0%,관측 없음,역할 근거 없음,unavailable,unavailable,브랜드 점수 상태 없음,2026-04-18,2026-04-18,25575500,35701600,-0.2836315459251126,,,
102,2026-04-18,30d,30,최근 30일,1000000041,콩영양찰떡,https://godomall.speedycdn.net/a1ce4a197810c4cd52677b215337ca9e/goods/1000000041/image/list/1000000041_list_042.jpg,정상 유지,1000000,0,0,available,직전 동일 길이 기간과 비교 가능합니다.,available,직전 동일 길이 기간과 비교 가능합니다.,최근 30일 매출이 직전기간 대비 0.0%,관측 없음,역할 근거 없음,unavailable,unavailable,브랜드 점수 상태 없음,2026-04-18,2026-04-18,161962180,195510440,-0.17159318960153738,161962180,195510440,-0.17159318960153738
103,2026-04-18,1d,1,하루 기준,1000000152,첫맛상,https://godomall.speedycdn.net/a1ce4a197810c4cd52677b215337ca9e/goods/1000000152/image/list/1000000152_list_099.jpg,정상 유지,1000000,,0,available,직전 동일 길이 기간과 비교 가능합니다.,,,하루 기준 매출이 직전기간 대비 0.0%,관측 없음,역할 근거 없음,unavailable,unavailable,브랜드 점수 상태 없음,2026-04-18,2026-04-18,2861800,2947300,-0.029009602008618057,,,
104,2026-04-18,7d,7,최근 7일,1000000152,첫맛상,https://godomall.speedycdn.net/a1ce4a197810c4cd52677b215337ca9e/goods/1000000152/image/list/1000000152_list_099.jpg,정상 유지,1000000,,0,available,직전 동일 길이 기간과 비교 가능합니다.,,,최근 7일 매출이 직전기간 대비 0.0%,관측 없음,역할 근거 없음,unavailable,unavailable,브랜드 점수 상태 없음,2026-04-18,2026-04-18,25575500,35701600,-0.2836315459251126,,,
105,2026-04-18,30d,30,최근 30일,1000000152,첫맛상,https://godomall.speedycdn.net/a1ce4a197810c4cd52677b215337ca9e/goods/1000000152/image/list/1000000152_list_099.jpg,정상 유지,1000000,0,0,available,직전 동일 길이 기간과 비교 가능합니다.,available,직전 동일 길이 기간과 비교 가능합니다.,최근 30일 매출이 직전기간 대비 0.0%,관측 없음,역할 근거 없음,unavailable,unavailable,브랜드 점수 상태 없음,2026-04-18,2026-04-18,161962180,195510440,-0.17159318960153738,161962180,195510440,-0.17159318960153738
106,2026-04-18,1d,1,하루 기준,1000000120,깨송편 4kg,https://godomall.speedycdn.net/a1ce4a197810c4cd52677b215337ca9e/goods/1000000120/image/list/1000000120_list_068.jpg,정상 유지,1000000,,0,available,직전 동일 길이 기간과 비교 가능합니다.,,,하루 기준 매출이 직전기간 대비 0.0%,관측 없음,역할 근거 없음,unavailable,unavailable,브랜드 점수 상태 없음,2026-04-18,2026-04-18,2861800,2947300,-0.029009602008618057,,,
107,2026-04-18,7d,7,최근 7일,1000000120,깨송편 4kg,https://godomall.speedycdn.net/a1ce4a197810c4cd52677b215337ca9e/goods/1000000120/image/list/1000000120_list_068.jpg,정상 유지,1000000,,0,available,직전 동일 길이 기간과 비교 가능합니다.,,,최근 7일 매출이 직전기간 대비 0.0%,관측 없음,역할 근거 없음,unavailable,unavailable,브랜드 점수 상태 없음,2026-04-18,2026-04-18,25575500,35701600,-0.2836315459251126,,,
108,2026-04-18,30d,30,최근 30일,1000000120,깨송편 4kg,https://godomall.speedycdn.net/a1ce4a197810c4cd52677b215337ca9e/goods/1000000120/image/list/1000000120_list_068.jpg,정상 유지,1000000,0,0,available,직전 동일 길이 기간과 비교 가능합니다.,available,직전 동일 길이 기간과 비교 가능합니다.,최근 30일 매출이 직전기간 대비 0.0%,관측 없음,역할 근거 없음,unavailable,unavailable,브랜드 점수 상태 없음,2026-04-18,2026-04-18,161962180,195510440,-0.17159318960153738,161962180,195510440,-0.17159318960153738
109,2026-04-18,1d,1,하루 기준,1000000164,백리향 3단,https://godomall.speedycdn.net/a1ce4a197810c4cd52677b215337ca9e/goods/1000000164/image/list/1000000089_list_027.jpg,정상 유지,1000000,,0,available,직전 동일 길이 기간과 비교 가능합니다.,,,하루 기준 매출이 직전기간 대비 0.0%,관측 없음,역할 근거 없음,unavailable,unavailable,브랜드 점수 상태 없음,2026-04-18,2026-04-18,2861800,2947300,-0.029009602008618057,,,
110,2026-04-18,7d,7,최근 7일,1000000164,백리향 3단,https://godomall.speedycdn.net/a1ce4a197810c4cd52677b215337ca9e/goods/1000000164/image/list/1000000089_list_027.jpg,정상 유지,1000000,,0,available,직전 동일 길이 기간과 비교 가능합니다.,,,최근 7일 매출이 직전기간 대비 0.0%,관측 없음,역할 근거 없음,unavailable,unavailable,브랜드 점수 상태 없음,2026-04-18,2026-04-18,25575500,35701600,-0.2836315459251126,,,
111,2026-04-18,30d,30,최근 30일,1000000164,백리향 3단,https://godomall.speedycdn.net/a1ce4a197810c4cd52677b215337ca9e/goods/1000000164/image/list/1000000089_list_027.jpg,정상 유지,1000000,0,0,available,직전 동일 길이 기간과 비교 가능합니다.,available,직전 동일 길이 기간과 비교 가능합니다.,최근 30일 매출이 직전기간 대비 0.0%,관측 없음,역할 근거 없음,unavailable,unavailable,브랜드 점수 상태 없음,2026-04-18,2026-04-18,161962180,195510440,-0.17159318960153738,161962180,195510440,-0.17159318960153738
112,2026-04-18,1d,1,하루 기준,1000000169,기원상,https://godomall.speedycdn.net/a1ce4a197810c4cd52677b215337ca9e/goods/1000000169/image/list/1000000169_list_079.jpg,정상 유지,1000000,,0,available,직전 동일 길이 기간과 비교 가능합니다.,,,하루 기준 매출이 직전기간 대비 0.0%,관측 없음,역할 근거 없음,unavailable,unavailable,브랜드 점수 상태 없음,2026-04-18,2026-04-18,2861800,2947300,-0.029009602008618057,,,
113,2026-04-18,7d,7,최근 7일,1000000169,기원상,https://godomall.speedycdn.net/a1ce4a197810c4cd52677b215337ca9e/goods/1000000169/image/list/1000000169_list_079.jpg,정상 유지,1000000,,0,available,직전 동일 길이 기간과 비교 가능합니다.,,,최근 7일 매출이 직전기간 대비 0.0%,관측 없음,역할 근거 없음,unavailable,unavailable,브랜드 점수 상태 없음,2026-04-18,2026-04-18,25575500,35701600,-0.2836315459251126,,,
114,2026-04-18,30d,30,최근 30일,1000000169,기원상,https://godomall.speedycdn.net/a1ce4a197810c4cd52677b215337ca9e/goods/1000000169/image/list/1000000169_list_079.jpg,정상 유지,1000000,0,0,available,직전 동일 길이 기간과 비교 가능합니다.,available,직전 동일 길이 기간과 비교 가능합니다.,최근 30일 매출이 직전기간 대비 0.0%,관측 없음,역할 근거 없음,unavailable,unavailable,브랜드 점수 상태 없음,2026-04-18,2026-04-18,161962180,195510440,-0.17159318960153738,161962180,195510440,-0.17159318960153738
115,2026-04-18,1d,1,하루 기준,1000000095,매화 5송이 1호,https://godomall.speedycdn.net/a1ce4a197810c4cd52677b215337ca9e/goods/1000000095/image/list/1000000095_list_06.jpg,정상 유지,1000000,,0,available,직전 동일 길이 기간과 비교 가능합니다.,,,하루 기준 매출이 직전기간 대비 0.0%,관측 없음,하루 기준 관측 없음 기준 하루 기준 역할 관측이 없습니다.,unavailable,unavailable,브랜드 점수 상태 없음,2026-04-18,2026-04-18,2861800,2947300,-0.029009602008618057,,,
116,2026-04-18,7d,7,최근 7일,1000000095,매화 5송이 1호,https://godomall.speedycdn.net/a1ce4a197810c4cd52677b215337ca9e/goods/1000000095/image/list/1000000095_list_06.jpg,정상 유지,1000000,,0,available,직전 동일 길이 기간과 비교 가능합니다.,,,최근 7일 매출이 직전기간 대비 0.0%,관측 없음,최근 7일 관측 없음 기준 최근 7일 역할 관측이 없습니다.,unavailable,unavailable,브랜드 점수 상태 없음,2026-04-18,2026-04-18,25575500,35701600,-0.2836315459251126,,,
117,2026-04-18,1d,1,하루 기준,1000000162,백리향 1단,https://godomall.speedycdn.net/a1ce4a197810c4cd52677b215337ca9e/goods/1000000162/image/list/1000000087_list_067.jpg,정상 유지,1000000,,0,available,직전 동일 길이 기간과 비교 가능합니다.,,,하루 기준 매출이 직전기간 대비 0.0%,관측 없음,역할 근거 없음,unavailable,unavailable,브랜드 점수 상태 없음,2026-04-18,2026-04-18,2861800,2947300,-0.029009602008618057,,,
118,2026-04-18,7d,7,최근 7일,1000000162,백리향 1단,https://godomall.speedycdn.net/a1ce4a197810c4cd52677b215337ca9e/goods/1000000162/image/list/1000000087_list_067.jpg,정상 유지,1000000,,0,available,직전 동일 길이 기간과 비교 가능합니다.,,,최근 7일 매출이 직전기간 대비 0.0%,관측 없음,역할 근거 없음,unavailable,unavailable,브랜드 점수 상태 없음,2026-04-18,2026-04-18,25575500,35701600,-0.2836315459251126,,,
119,2026-04-18,1d,1,하루 기준,1000000165,첫맛상,https://godomall.speedycdn.net/a1ce4a197810c4cd52677b215337ca9e/goods/1000000165/image/list/1000000152_list_099.jpg,정상 유지,1000000,,0,available,직전 동일 길이 기간과 비교 가능합니다.,,,하루 기준 매출이 직전기간 대비 0.0%,관측 없음,역할 근거 없음,unavailable,unavailable,브랜드 점수 상태 없음,2026-04-18,2026-04-18,2861800,2947300,-0.029009602008618057,,,
120,2026-04-18,7d,7,최근 7일,1000000165,첫맛상,https://godomall.speedycdn.net/a1ce4a197810c4cd52677b215337ca9e/goods/1000000165/image/list/1000000152_list_099.jpg,정상 유지,1000000,,0,available,직전 동일 길이 기간과 비교 가능합니다.,,,최근 7일 매출이 직전기간 대비 0.0%,관측 없음,역할 근거 없음,unavailable,unavailable,브랜드 점수 상태 없음,2026-04-18,2026-04-18,25575500,35701600,-0.2836315459251126,,,
121,2026-04-18,30d,30,최근 30일,1000000165,첫맛상,https://godomall.speedycdn.net/a1ce4a197810c4cd52677b215337ca9e/goods/1000000165/image/list/1000000152_list_099.jpg,정상 유지,1000000,0,0,available,직전 동일 길이 기간과 비교 가능합니다.,available,직전 동일 길이 기간과 비교 가능합니다.,최근 30일 매출이 직전기간 대비 0.0%,관측 없음,역할 근거 없음,unavailable,unavailable,브랜드 점수 상태 없음,2026-04-18,2026-04-18,161962180,195510440,-0.17159318960153738,161962180,195510440,-0.17159318960153738
122,2026-04-18,1d,1,하루 기준,1000000167,화연상,https://godomall.speedycdn.net/a1ce4a197810c4cd52677b215337ca9e/goods/1000000167/image/list/1000000154_list_031.jpg,정상 유지,1000000,,0,available,직전 동일 길이 기간과 비교 가능합니다.,,,하루 기준 매출이 직전기간 대비 0.0%,관측 없음,역할 근거 없음,unavailable,unavailable,브랜드 점수 상태 없음,2026-04-18,2026-04-18,2861800,2947300,-0.029009602008618057,,,
123,2026-04-18,7d,7,최근 7일,1000000167,화연상,https://godomall.speedycdn.net/a1ce4a197810c4cd52677b215337ca9e/goods/1000000167/image/list/1000000154_list_031.jpg,정상 유지,1000000,,0,available,직전 동일 길이 기간과 비교 가능합니다.,,,최근 7일 매출이 직전기간 대비 0.0%,관측 없음,역할 근거 없음,unavailable,unavailable,브랜드 점수 상태 없음,2026-04-18,2026-04-18,25575500,35701600,-0.2836315459251126,,,
124,2026-04-18,30d,30,최근 30일,1000000167,화연상,https://godomall.speedycdn.net/a1ce4a197810c4cd52677b215337ca9e/goods/1000000167/image/list/1000000154_list_031.jpg,정상 유지,1000000,0,0,available,직전 동일 길이 기간과 비교 가능합니다.,available,직전 동일 길이 기간과 비교 가능합니다.,최근 30일 매출이 직전기간 대비 0.0%,관측 없음,역할 근거 없음,unavailable,unavailable,브랜드 점수 상태 없음,2026-04-18,2026-04-18,161962180,195510440,-0.17159318960153738,161962180,195510440,-0.17159318960153738
125,2026-04-18,1d,1,하루 기준,1000000166,유밀상,https://godomall.speedycdn.net/a1ce4a197810c4cd52677b215337ca9e/goods/1000000166/image/list/1000000153_list_092.jpg,정상 유지,1000000,,0,available,직전 동일 길이 기간과 비교 가능합니다.,,,하루 기준 매출이 직전기간 대비 0.0%,관측 없음,역할 근거 없음,unavailable,unavailable,브랜드 점수 상태 없음,2026-04-18,2026-04-18,2861800,2947300,-0.029009602008618057,,,
126,2026-04-18,7d,7,최근 7일,1000000166,유밀상,https://godomall.speedycdn.net/a1ce4a197810c4cd52677b215337ca9e/goods/1000000166/image/list/1000000153_list_092.jpg,정상 유지,1000000,,0,available,직전 동일 길이 기간과 비교 가능합니다.,,,최근 7일 매출이 직전기간 대비 0.0%,관측 없음,역할 근거 없음,unavailable,unavailable,브랜드 점수 상태 없음,2026-04-18,2026-04-18,25575500,35701600,-0.2836315459251126,,,
127,2026-04-18,30d,30,최근 30일,1000000166,유밀상,https://godomall.speedycdn.net/a1ce4a197810c4cd52677b215337ca9e/goods/1000000166/image/list/1000000153_list_092.jpg,정상 유지,1000000,0,0,available,직전 동일 길이 기간과 비교 가능합니다.,available,직전 동일 길이 기간과 비교 가능합니다.,최근 30일 매출이 직전기간 대비 0.0%,관측 없음,역할 근거 없음,unavailable,unavailable,브랜드 점수 상태 없음,2026-04-18,2026-04-18,161962180,195510440,-0.17159318960153738,161962180,195510440,-0.17159318960153738
128,2026-04-18,1d,1,하루 기준,1000000175,설 십리향 1단,https://godomall.speedycdn.net/a1ce4a197810c4cd52677b215337ca9e/goods/1000000175/image/list/1000000175_list_064.jpg,정상 유지,1000000,,0,available,직전 동일 길이 기간과 비교 가능합니다.,,,하루 기준 매출이 직전기간 대비 0.0%,관측 없음,역할 근거 없음,unavailable,unavailable,브랜드 점수 상태 없음,2026-04-18,2026-04-18,2861800,2947300,-0.029009602008618057,,,
129,2026-04-18,7d,7,최근 7일,1000000175,설 십리향 1단,https://godomall.speedycdn.net/a1ce4a197810c4cd52677b215337ca9e/goods/1000000175/image/list/1000000175_list_064.jpg,정상 유지,1000000,,0,available,직전 동일 길이 기간과 비교 가능합니다.,,,최근 7일 매출이 직전기간 대비 0.0%,관측 없음,역할 근거 없음,unavailable,unavailable,브랜드 점수 상태 없음,2026-04-18,2026-04-18,25575500,35701600,-0.2836315459251126,,,
130,2026-04-18,1d,1,하루 기준,1000000176,설 십리향 2단,https://godomall.speedycdn.net/a1ce4a197810c4cd52677b215337ca9e/goods/1000000176/image/list/1000000176_list_096.jpg,정상 유지,1000000,,0,available,직전 동일 길이 기간과 비교 가능합니다.,,,하루 기준 매출이 직전기간 대비 0.0%,관측 없음,역할 근거 없음,unavailable,unavailable,브랜드 점수 상태 없음,2026-04-18,2026-04-18,2861800,2947300,-0.029009602008618057,,,
131,2026-04-18,7d,7,최근 7일,1000000176,설 십리향 2단,https://godomall.speedycdn.net/a1ce4a197810c4cd52677b215337ca9e/goods/1000000176/image/list/1000000176_list_096.jpg,정상 유지,1000000,,0,available,직전 동일 길이 기간과 비교 가능합니다.,,,최근 7일 매출이 직전기간 대비 0.0%,관측 없음,역할 근거 없음,unavailable,unavailable,브랜드 점수 상태 없음,2026-04-18,2026-04-18,25575500,35701600,-0.2836315459251126,,,
132,2026-04-18,1d,1,하루 기준,1000000177,설 백리향 1단,https://godomall.speedycdn.net/a1ce4a197810c4cd52677b215337ca9e/goods/1000000177/image/list/1000000177_list_062.jpg,정상 유지,1000000,,0,available,직전 동일 길이 기간과 비교 가능합니다.,,,하루 기준 매출이 직전기간 대비 0.0%,관측 없음,역할 근거 없음,unavailable,unavailable,브랜드 점수 상태 없음,2026-04-18,2026-04-18,2861800,2947300,-0.029009602008618057,,,
133,2026-04-18,7d,7,최근 7일,1000000177,설 백리향 1단,https://godomall.speedycdn.net/a1ce4a197810c4cd52677b215337ca9e/goods/1000000177/image/list/1000000177_list_062.jpg,정상 유지,1000000,,0,available,직전 동일 길이 기간과 비교 가능합니다.,,,최근 7일 매출이 직전기간 대비 0.0%,관측 없음,역할 근거 없음,unavailable,unavailable,브랜드 점수 상태 없음,2026-04-18,2026-04-18,25575500,35701600,-0.2836315459251126,,,
134,2026-04-18,1d,1,하루 기준,1000000178,설 백리향 2단,https://godomall.speedycdn.net/a1ce4a197810c4cd52677b215337ca9e/goods/1000000178/image/list/1000000178_list_054.jpg,정상 유지,1000000,,0,available,직전 동일 길이 기간과 비교 가능합니다.,,,하루 기준 매출이 직전기간 대비 0.0%,관측 없음,역할 근거 없음,unavailable,unavailable,브랜드 점수 상태 없음,2026-04-18,2026-04-18,2861800,2947300,-0.029009602008618057,,,
135,2026-04-18,7d,7,최근 7일,1000000178,설 백리향 2단,https://godomall.speedycdn.net/a1ce4a197810c4cd52677b215337ca9e/goods/1000000178/image/list/1000000178_list_054.jpg,정상 유지,1000000,,0,available,직전 동일 길이 기간과 비교 가능합니다.,,,최근 7일 매출이 직전기간 대비 0.0%,관측 없음,역할 근거 없음,unavailable,unavailable,브랜드 점수 상태 없음,2026-04-18,2026-04-18,25575500,35701600,-0.2836315459251126,,,
136,2026-04-18,30d,30,최근 30일,1000000178,설 백리향 2단,https://godomall.speedycdn.net/a1ce4a197810c4cd52677b215337ca9e/goods/1000000178/image/list/1000000178_list_054.jpg,정상 유지,1000000,0,0,available,직전 동일 길이 기간과 비교 가능합니다.,available,직전 동일 길이 기간과 비교 가능합니다.,최근 30일 매출이 직전기간 대비 0.0%,관측 없음,역할 근거 없음,unavailable,unavailable,브랜드 점수 상태 없음,2026-04-18,2026-04-18,161962180,195510440,-0.17159318960153738,161962180,195510440,-0.17159318960153738
137,2026-04-18,1d,1,하루 기준,1000000179,설 백리향 3단,https://godomall.speedycdn.net/a1ce4a197810c4cd52677b215337ca9e/goods/1000000179/image/list/1000000179_list_07.jpg,정상 유지,1000000,,0,available,직전 동일 길이 기간과 비교 가능합니다.,,,하루 기준 매출이 직전기간 대비 0.0%,관측 없음,역할 근거 없음,unavailable,unavailable,브랜드 점수 상태 없음,2026-04-18,2026-04-18,2861800,2947300,-0.029009602008618057,,,
138,2026-04-18,7d,7,최근 7일,1000000179,설 백리향 3단,https://godomall.speedycdn.net/a1ce4a197810c4cd52677b215337ca9e/goods/1000000179/image/list/1000000179_list_07.jpg,정상 유지,1000000,,0,available,직전 동일 길이 기간과 비교 가능합니다.,,,최근 7일 매출이 직전기간 대비 0.0%,관측 없음,역할 근거 없음,unavailable,unavailable,브랜드 점수 상태 없음,2026-04-18,2026-04-18,25575500,35701600,-0.2836315459251126,,,
139,2026-04-18,30d,30,최근 30일,1000000179,설 백리향 3단,https://godomall.speedycdn.net/a1ce4a197810c4cd52677b215337ca9e/goods/1000000179/image/list/1000000179_list_07.jpg,정상 유지,1000000,0,0,available,직전 동일 길이 기간과 비교 가능합니다.,available,직전 동일 길이 기간과 비교 가능합니다.,최근 30일 매출이 직전기간 대비 0.0%,관측 없음,역할 근거 없음,unavailable,unavailable,브랜드 점수 상태 없음,2026-04-18,2026-04-18,161962180,195510440,-0.17159318960153738,161962180,195510440,-0.17159318960153738
140,2026-04-18,1d,1,하루 기준,1000000075,2색절편 4kg,https://godomall.speedycdn.net/a1ce4a197810c4cd52677b215337ca9e/goods/1000000075/image/list/1000000075_list_092.jpg,정상 유지,1000000,,0,available,직전 동일 길이 기간과 비교 가능합니다.,,,하루 기준 매출이 직전기간 대비 0.0%,관측 없음,역할 근거 없음,unavailable,unavailable,브랜드 점수 상태 없음,2026-04-18,2026-04-18,2861800,2947300,-0.029009602008618057,,,
141,2026-04-18,7d,7,최근 7일,1000000075,2색절편 4kg,https://godomall.speedycdn.net/a1ce4a197810c4cd52677b215337ca9e/goods/1000000075/image/list/1000000075_list_092.jpg,정상 유지,1000000,,0,available,직전 동일 길이 기간과 비교 가능합니다.,,,최근 7일 매출이 직전기간 대비 0.0%,관측 없음,역할 근거 없음,unavailable,unavailable,브랜드 점수 상태 없음,2026-04-18,2026-04-18,25575500,35701600,-0.2836315459251126,,,
142,2026-04-18,7d,7,최근 7일,1000000035,떡국떡 500g,https://godomall.speedycdn.net/a1ce4a197810c4cd52677b215337ca9e/goods/1000000035/image/list/1000000035_list_093.jpg,정상 유지,300000,,0,available,직전 동일 길이 기간과 비교 가능합니다.,,,최근 7일 매출이 직전기간 대비 0.0%,재구매확장기여,최근 7일 재구매확장기여 기준 최근 7일 주요 신호 0.21,available,limited,최근 7일 브랜드 점수 참고용,2026-04-18,2026-04-18,25575500,35701600,-0.2836315459251126,,,
143,2026-04-18,30d,30,최근 30일,1000000027,마스코바도 설기,https://godomall.speedycdn.net/a1ce4a197810c4cd52677b215337ca9e/goods/1000000027/image/list/1000000027_list_012.jpg,정상 유지,200000,0.13333333333333333,0.13333333333333333,available,직전 동일 길이 기간과 비교 가능합니다.,available,직전 동일 길이 기간과 비교 가능합니다.,최근 30일 매출이 직전기간 대비 13.3%,재구매확장기여,최근 30일 재구매확장기여 기준 최근 30일 역할 관측은 참고용입니다.,limited,limited,최근 30일 브랜드 점수 참고용,2026-04-18,2026-04-18,161962180,195510440,-0.17159318960153738,161962180,195510440,-0.17159318960153738
144,2026-04-18,1d,1,하루 기준,1000000087,백리향 1단 (1호 2호 3호),https://godomall.speedycdn.net/a1ce4a197810c4cd52677b215337ca9e/goods/1000000087/image/list/1000000087_list_067.jpg,정상 유지,-100000,,0.08270676691729323,available,직전 동일 길이 기간과 비교 가능합니다.,,,하루 기준 매출이 직전기간 대비 8.3%,반복구매기여,하루 기준 반복구매기여 기준 하루 기준 주요 신호 0.31,available,limited,하루 기준 브랜드 점수 참고용,2026-04-18,2026-04-18,2861800,2947300,-0.029009602008618057,,,
145,2026-04-18,30d,30,최근 30일,1000000065,흰인절미,https://godomall.speedycdn.net/a1ce4a197810c4cd52677b215337ca9e/goods/1000000065/image/list/1000000065_list_019.jpg,정상 유지,-1000000,0.25,0.25,available,직전 동일 길이 기간과 비교 가능합니다.,available,직전 동일 길이 기간과 비교 가능합니다.,최근 30일 매출이 직전기간 대비 25.0%,반복구매기여,최근 30일 반복구매기여 기준 최근 30일 역할 관측은 참고용입니다.,limited,limited,최근 30일 브랜드 점수 참고용,2026-04-18,2026-04-18,161962180,195510440,-0.17159318960153738,161962180,195510440,-0.17159318960153738
146,2026-04-18,7d,7,최근 7일,1000000128,흑임자인절미,https://godomall.speedycdn.net/a1ce4a197810c4cd52677b215337ca9e/goods/1000000128/image/list/1000000128_list_033.jpg,정상 유지,-1400000,,0,available,직전 동일 길이 기간과 비교 가능합니다.,,,최근 7일 매출이 직전기간 대비 0.0%,재구매확장기여,최근 7일 재구매확장기여 기준 최근 7일 주요 신호 0.14,available,limited,최근 7일 브랜드 점수 참고용,2026-04-18,2026-04-18,25575500,35701600,-0.2836315459251126,,,
147,2026-04-18,7d,7,최근 7일,1000000033,가래떡,https://godomall.speedycdn.net/a1ce4a197810c4cd52677b215337ca9e/goods/1000000033/image/list/1000000033_list_090.jpg,정상 유지,-1400000,,0.96,available,직전 동일 길이 기간과 비교 가능합니다.,,,최근 7일 매출이 직전기간 대비 96.0%,재구매확장기여,최근 7일 재구매확장기여 기준 최근 7일 주요 신호 0.14,available,limited,최근 7일 브랜드 점수 참고용,2026-04-18,2026-04-18,25575500,35701600,-0.2836315459251126,,,
148,2026-04-18,1d,1,하루 기준,1000000027,마스코바도 설기,https://godomall.speedycdn.net/a1ce4a197810c4cd52677b215337ca9e/goods/1000000027/image/list/1000000027_list_012.jpg,정상 유지,-1400000,,0,available,직전 동일 길이 기간과 비교 가능합니다.,,,하루 기준 매출이 직전기간 대비 0.0%,반복구매기여,하루 기준 반복구매기여 기준 하루 기준 주요 신호 0.12,available,limited,하루 기준 브랜드 점수 참고용,2026-04-18,2026-04-18,2861800,2947300,-0.029009602008618057,,,
149,2026-04-18,7d,7,최근 7일,1000000042,약식,https://godomall.speedycdn.net/a1ce4a197810c4cd52677b215337ca9e/goods/1000000042/image/list/1000000042_list_03.jpg,정상 유지,-1500000,,0.06702412868632708,available,직전 동일 길이 기간과 비교 가능합니다.,,,최근 7일 매출이 직전기간 대비 6.7%,동시구매기여,최근 7일 동시구매기여 기준 최근 7일 주요 신호 0.43,available,limited,최근 7일 브랜드 점수 참고용,2026-04-18,2026-04-18,25575500,35701600,-0.2836315459251126,,,
150,2026-04-18,1d,1,하루 기준,1000000127,흑임자이티,https://godomall.speedycdn.net/a1ce4a197810c4cd52677b215337ca9e/goods/1000000127/image/list/1000000127_list_053.jpg,정상 유지,-1650000,,0,available,직전 동일 길이 기간과 비교 가능합니다.,,,하루 기준 매출이 직전기간 대비 0.0%,동시구매기여,하루 기준 동시구매기여 기준 하루 기준 주요 신호 0.42,available,limited,하루 기준 브랜드 점수 참고용,2026-04-18,2026-04-18,2861800,2947300,-0.029009602008618057,,,
151,2026-04-18,1d,1,하루 기준,1000000090,일리향 1단 (1호 2호 3호),https://godomall.speedycdn.net/a1ce4a197810c4cd52677b215337ca9e/goods/1000000090/image/list/1000000090_list_073.jpg,정상 유지,-1800000,,0,available,직전 동일 길이 기간과 비교 가능합니다.,,,하루 기준 매출이 직전기간 대비 0.0%,동시구매기여,하루 기준 동시구매기여 기준 하루 기준 주요 신호 0.11,available,limited,하루 기준 브랜드 점수 참고용,2026-04-18,2026-04-18,2861800,2947300,-0.029009602008618057,,,
152,2026-04-18,30d,30,최근 30일,1000000070,마스코바도 쑥설기,https://godomall.speedycdn.net/a1ce4a197810c4cd52677b215337ca9e/goods/1000000070/image/list/1000000070_list_027.jpg,정상 유지,-3100000,0.3416666666666667,0.3416666666666667,available,직전 동일 길이 기간과 비교 가능합니다.,available,직전 동일 길이 기간과 비교 가능합니다.,최근 30일 매출이 직전기간 대비 34.2%,반복구매기여,최근 30일 반복구매기여 기준 최근 30일 역할 관측은 참고용입니다.,limited,limited,최근 30일 브랜드 점수 참고용,2026-04-18,2026-04-18,161962180,195510440,-0.17159318960153738,161962180,195510440,-0.17159318960153738
153,2026-04-18,1d,1,하루 기준,1000000066,쑥인절미,https://godomall.speedycdn.net/a1ce4a197810c4cd52677b215337ca9e/goods/1000000066/image/list/1000000066_list_042.jpg,정상 유지,-3700000,,0,available,직전 동일 길이 기간과 비교 가능합니다.,,,하루 기준 매출이 직전기간 대비 0.0%,반복구매기여,하루 기준 반복구매기여 기준 하루 기준 주요 신호 0.30,available,limited,하루 기준 브랜드 점수 참고용,2026-04-18,2026-04-18,2861800,2947300,-0.029009602008618057,,,
154,2026-04-18,1d,1,하루 기준,1000000042,약식,https://godomall.speedycdn.net/a1ce4a197810c4cd52677b215337ca9e/goods/1000000042/image/list/1000000042_list_03.jpg,정상 유지,-4000000,,0,available,직전 동일 길이 기간과 비교 가능합니다.,,,하루 기준 매출이 직전기간 대비 0.0%,동시구매기여,하루 기준 동시구매기여 기준 하루 기준 주요 신호 0.42,available,limited,하루 기준 브랜드 점수 참고용,2026-04-18,2026-04-18,2861800,2947300,-0.029009602008618057,,,
155,2026-04-18,30d,30,최근 30일,1000000143,"경기참기름, 경기들기름",https://godomall.speedycdn.net/a1ce4a197810c4cd52677b215337ca9e/goods/1000000143/image/list/1000000143_list_079.jpg,정상 유지,-4000000,0.6329113924050633,0.6329113924050633,available,직전 동일 길이 기간과 비교 가능합니다.,available,직전 동일 길이 기간과 비교 가능합니다.,최근 30일 매출이 직전기간 대비 63.3%,반복구매기여,최근 30일 반복구매기여 기준 최근 30일 역할 관측은 참고용입니다.,limited,limited,최근 30일 브랜드 점수 참고용,2026-04-18,2026-04-18,161962180,195510440,-0.17159318960153738,161962180,195510440,-0.17159318960153738
156,2026-04-18,30d,30,최근 30일,1000000074,경기 콩약과(10ea),https://godomall.speedycdn.net/a1ce4a197810c4cd52677b215337ca9e/goods/1000000074/image/list/1000000074_list_06.jpg,정상 유지,-4200000,0,0,available,직전 동일 길이 기간과 비교 가능합니다.,available,직전 동일 길이 기간과 비교 가능합니다.,최근 30일 매출이 직전기간 대비 0.0%,동시구매기여,최근 30일 동시구매기여 기준 최근 30일 역할 관측은 참고용입니다.,limited,unavailable,최근 30일 브랜드 점수 산출 없음,2026-04-18,2026-04-18,161962180,195510440,-0.17159318960153738,161962180,195510440,-0.17159318960153738
157,2026-04-18,7d,7,최근 7일,1000000143,"경기참기름, 경기들기름",https://godomall.speedycdn.net/a1ce4a197810c4cd52677b215337ca9e/goods/1000000143/image/list/1000000143_list_079.jpg,정상 유지,-6000000,,0,available,직전 동일 길이 기간과 비교 가능합니다.,,,최근 7일 매출이 직전기간 대비 0.0%,반복구매기여,최근 7일 반복구매기여 기준 최근 7일 주요 신호 0.13,available,limited,최근 7일 브랜드 점수 참고용,2026-04-18,2026-04-18,25575500,35701600,-0.2836315459251126,,,
158,2026-04-18,30d,30,최근 30일,1000000154,화연상,https://godomall.speedycdn.net/a1ce4a197810c4cd52677b215337ca9e/goods/1000000154/image/list/1000000154_list_031.jpg,정상 유지,-7340000,1.5,1.5,available,직전 동일 길이 기간과 비교 가능합니다.,available,직전 동일 길이 기간과 비교 가능합니다.,최근 30일 매출이 직전기간 대비 150.0%,재구매확장기여,최근 30일 재구매확장기여 기준 최근 30일 역할 관측은 참고용입니다.,limited,limited,최근 30일 브랜드 점수 참고용,2026-04-18,2026-04-18,161962180,195510440,-0.17159318960153738,161962180,195510440,-0.17159318960153738
159,2026-04-18,1d,1,하루 기준,1000000112,매화 5송이 2호,https://godomall.speedycdn.net/a1ce4a197810c4cd52677b215337ca9e/goods/1000000112/image/list/1000000112_list_032.jpg,정상 유지,-8030000,,0.7,available,직전 동일 길이 기간과 비교 가능합니다.,,,하루 기준 매출이 직전기간 대비 70.0%,반복구매기여,하루 기준 반복구매기여 기준 하루 기준 주요 신호 0.17,available,limited,하루 기준 브랜드 점수 참고용,2026-04-18,2026-04-18,2861800,2947300,-0.029009602008618057,,,
160,2026-04-18,30d,30,최근 30일,1000000071,마스코바도 호박설기,https://godomall.speedycdn.net/a1ce4a197810c4cd52677b215337ca9e/goods/1000000071/image/list/1000000071_list_020.jpg,정상 유지,-10100000,1.11,1.11,available,직전 동일 길이 기간과 비교 가능합니다.,available,직전 동일 길이 기간과 비교 가능합니다.,최근 30일 매출이 직전기간 대비 111.0%,반복구매기여,최근 30일 반복구매기여 기준 최근 30일 역할 관측은 참고용입니다.,limited,limited,최근 30일 브랜드 점수 참고용,2026-04-18,2026-04-18,161962180,195510440,-0.17159318960153738,161962180,195510440,-0.17159318960153738
161,2026-04-18,30d,30,최근 30일,1000000066,쑥인절미,https://godomall.speedycdn.net/a1ce4a197810c4cd52677b215337ca9e/goods/1000000066/image/list/1000000066_list_042.jpg,정상 유지,-10200000,0.15719298245614036,0.15719298245614036,available,직전 동일 길이 기간과 비교 가능합니다.,available,직전 동일 길이 기간과 비교 가능합니다.,최근 30일 매출이 직전기간 대비 15.7%,반복구매기여,최근 30일 반복구매기여 기준 최근 30일 역할 관측은 참고용입니다.,limited,limited,최근 30일 브랜드 점수 참고용,2026-04-18,2026-04-18,161962180,195510440,-0.17159318960153738,161962180,195510440,-0.17159318960153738
162,2026-04-18,30d,30,최근 30일,1000000063,쑥이티,https://godomall.speedycdn.net/a1ce4a197810c4cd52677b215337ca9e/goods/1000000063/image/list/1000000063_list_055.jpg,정상 유지,-12250000,0.046935883811548,0.046935883811548,available,직전 동일 길이 기간과 비교 가능합니다.,available,직전 동일 길이 기간과 비교 가능합니다.,최근 30일 매출이 직전기간 대비 4.7%,동시구매기여,최근 30일 동시구매기여 기준 최근 30일 역할 관측은 참고용입니다.,limited,limited,최근 30일 브랜드 점수 참고용,2026-04-18,2026-04-18,161962180,195510440,-0.17159318960153738,161962180,195510440,-0.17159318960153738
163,2026-04-18,7d,7,최근 7일,1000000094,매화 3송이 1호,https://godomall.speedycdn.net/a1ce4a197810c4cd52677b215337ca9e/goods/1000000094/image/list/1000000094_list_039.jpg,정상 유지,-16320000,,0.27584010192705843,available,직전 동일 길이 기간과 비교 가능합니다.,,,최근 7일 매출이 직전기간 대비 27.6%,재구매확장기여,최근 7일 재구매확장기여 기준 최근 7일 주요 신호 0.27,available,limited,최근 7일 브랜드 점수 참고용,2026-04-18,2026-04-18,25575500,35701600,-0.2836315459251126,,,
164,2026-04-18,1d,1,하루 기준,1000000111,매화 3송이 3호,https://godomall.speedycdn.net/a1ce4a197810c4cd52677b215337ca9e/goods/1000000111/image/list/1000000111_list_056.jpg,정상 유지,-19000000,,0,available,직전 동일 길이 기간과 비교 가능합니다.,,,하루 기준 매출이 직전기간 대비 0.0%,첫구매기여,하루 기준 첫구매기여 기준 하루 기준 주요 신호 0.32,available,limited,하루 기준 브랜드 점수 참고용,2026-04-18,2026-04-18,2861800,2947300,-0.029009602008618057,,,
165,2026-04-18,30d,30,최근 30일,1000000089,백리향 3단,https://godomall.speedycdn.net/a1ce4a197810c4cd52677b215337ca9e/goods/1000000089/image/list/1000000089_list_027.jpg,정상 유지,-20000000,0.07177033492822966,0.07177033492822966,available,직전 동일 길이 기간과 비교 가능합니다.,available,직전 동일 길이 기간과 비교 가능합니다.,최근 30일 매출이 직전기간 대비 7.2%,재구매확장기여,최근 30일 재구매확장기여 기준 최근 30일 역할 관측은 참고용입니다.,limited,limited,최근 30일 브랜드 점수 참고용,2026-04-18,2026-04-18,161962180,195510440,-0.17159318960153738,161962180,195510440,-0.17159318960153738
166,2026-04-18,7d,7,최근 7일,1000000066,쑥인절미,https://godomall.speedycdn.net/a1ce4a197810c4cd52677b215337ca9e/goods/1000000066/image/list/1000000066_list_042.jpg,정상 유지,-20300000,,4.531914893617022,available,직전 동일 길이 기간과 비교 가능합니다.,,,최근 7일 매출이 직전기간 대비 453.2%,반복구매기여,최근 7일 반복구매기여 기준 최근 7일 주요 신호 0.31,available,limited,최근 7일 브랜드 점수 참고용,2026-04-18,2026-04-18,25575500,35701600,-0.2836315459251126,,,
167,2026-04-18,7d,7,최근 7일,1000000062,흰이티,https://godomall.speedycdn.net/a1ce4a197810c4cd52677b215337ca9e/goods/1000000062/image/list/1000000062_list_062.jpg,정상 유지,-24700000,,1.4005449591280654,available,직전 동일 길이 기간과 비교 가능합니다.,,,최근 7일 매출이 직전기간 대비 140.1%,동시구매기여,최근 7일 동시구매기여 기준 최근 7일 주요 신호 0.34,available,limited,최근 7일 브랜드 점수 참고용,2026-04-18,2026-04-18,25575500,35701600,-0.2836315459251126,,,
168,2026-04-18,7d,7,최근 7일,1000000091,일리향 2단 (1호 2호 3호),https://godomall.speedycdn.net/a1ce4a197810c4cd52677b215337ca9e/goods/1000000091/image/list/1000000091_list_092.jpg,정상 유지,-28650000,,0.5690978886756238,available,직전 동일 길이 기간과 비교 가능합니다.,,,최근 7일 매출이 직전기간 대비 56.9%,재구매확장기여,최근 7일 재구매확장기여 기준 최근 7일 주요 신호 0.26,available,limited,최근 7일 브랜드 점수 참고용,2026-04-18,2026-04-18,25575500,35701600,-0.2836315459251126,,,
169,2026-04-18,1d,1,하루 기준,1000000062,흰이티,https://godomall.speedycdn.net/a1ce4a197810c4cd52677b215337ca9e/goods/1000000062/image/list/1000000062_list_062.jpg,정상 유지,-29900000,,11.660377358490566,available,직전 동일 길이 기간과 비교 가능합니다.,,,하루 기준 매출이 직전기간 대비 1166.0%,동시구매기여,하루 기준 동시구매기여 기준 하루 기준 주요 신호 0.34,available,limited,하루 기준 브랜드 점수 참고용,2026-04-18,2026-04-18,2861800,2947300,-0.029009602008618057,,,
170,2026-04-18,7d,7,최근 7일,1000000045,완두시루떡,https://godomall.speedycdn.net/a1ce4a197810c4cd52677b215337ca9e/goods/1000000045/image/list/1000000045_list_095.jpg,정상 유지,-31400000,,3.24,available,직전 동일 길이 기간과 비교 가능합니다.,,,최근 7일 매출이 직전기간 대비 324.0%,동시구매기여,최근 7일 동시구매기여 기준 최근 7일 주요 신호 0.63,available,limited,최근 7일 브랜드 점수 참고용,2026-04-18,2026-04-18,25575500,35701600,-0.2836315459251126,,,
171,2026-04-18,7d,7,최근 7일,1000000084,십리향 1단 (1호 2호 3호),https://godomall.speedycdn.net/a1ce4a197810c4cd52677b215337ca9e/goods/1000000084/image/list/1000000084_list_028.jpg,정상 유지,-31950000,,2.657258064516129,available,직전 동일 길이 기간과 비교 가능합니다.,,,최근 7일 매출이 직전기간 대비 265.7%,재구매확장기여,최근 7일 재구매확장기여 기준 최근 7일 주요 신호 0.14,available,limited,최근 7일 브랜드 점수 참고용,2026-04-18,2026-04-18,25575500,35701600,-0.2836315459251126,,,
172,2026-04-18,7d,7,최근 7일,1000000069,설기세트,https://godomall.speedycdn.net/a1ce4a197810c4cd52677b215337ca9e/goods/1000000069/image/list/1000000069_list_033.jpg,정상 유지,-33800000,,14.5,available,직전 동일 길이 기간과 비교 가능합니다.,,,최근 7일 매출이 직전기간 대비 1450.0%,반복구매기여,최근 7일 반복구매기여 기준 최근 7일 주요 신호 0.21,available,limited,최근 7일 브랜드 점수 참고용,2026-04-18,2026-04-18,25575500,35701600,-0.2836315459251126,,,
173,2026-04-18,30d,30,최근 30일,1000000086,십리향 3단,https://godomall.speedycdn.net/a1ce4a197810c4cd52677b215337ca9e/goods/1000000086/image/list/1000000086_list_048.jpg,정상 유지,-41800000,0.18440327445066781,0.18440327445066781,available,직전 동일 길이 기간과 비교 가능합니다.,available,직전 동일 길이 기간과 비교 가능합니다.,최근 30일 매출이 직전기간 대비 18.4%,재구매확장기여,최근 30일 재구매확장기여 기준 최근 30일 역할 관측은 참고용입니다.,limited,limited,최근 30일 브랜드 점수 참고용,2026-04-18,2026-04-18,161962180,195510440,-0.17159318960153738,161962180,195510440,-0.17159318960153738
174,2026-04-18,30d,30,최근 30일,1000000044,고구마찰떡,https://godomall.speedycdn.net/a1ce4a197810c4cd52677b215337ca9e/goods/1000000044/image/list/1000000044_list_088.jpg,정상 유지,-43050000,0.49272930648769575,0.49272930648769575,available,직전 동일 길이 기간과 비교 가능합니다.,available,직전 동일 길이 기간과 비교 가능합니다.,최근 30일 매출이 직전기간 대비 49.3%,동시구매기여,최근 30일 동시구매기여 기준 최근 30일 역할 관측은 참고용입니다.,limited,limited,최근 30일 브랜드 점수 참고용,2026-04-18,2026-04-18,161962180,195510440,-0.17159318960153738,161962180,195510440,-0.17159318960153738
175,2026-04-18,30d,30,최근 30일,1000000083,백설기,https://godomall.speedycdn.net/a1ce4a197810c4cd52677b215337ca9e/goods/1000000083/image/list/1000000083_list_054.jpg,정상 유지,-50200000,5.688888888888889,5.688888888888889,available,직전 동일 길이 기간과 비교 가능합니다.,available,직전 동일 길이 기간과 비교 가능합니다.,최근 30일 매출이 직전기간 대비 568.9%,반복구매기여,최근 30일 반복구매기여 기준 최근 30일 역할 관측은 참고용입니다.,limited,limited,최근 30일 브랜드 점수 참고용,2026-04-18,2026-04-18,161962180,195510440,-0.17159318960153738,161962180,195510440,-0.17159318960153738
176,2026-04-18,7d,7,최근 7일,1000000113,매화 5송이 3호,https://godomall.speedycdn.net/a1ce4a197810c4cd52677b215337ca9e/goods/1000000113/image/list/1000000113_list_070.jpg,정상 유지,-57220000,,1.5043927648578812,available,직전 동일 길이 기간과 비교 가능합니다.,,,최근 7일 매출이 직전기간 대비 150.4%,재구매확장기여,최근 7일 재구매확장기여 기준 최근 7일 주요 신호 0.21,available,limited,최근 7일 브랜드 점수 참고용,2026-04-18,2026-04-18,25575500,35701600,-0.2836315459251126,,,
177,2026-04-18,30d,30,최근 30일,1000000088,백리향 2단 (1호 2호),https://godomall.speedycdn.net/a1ce4a197810c4cd52677b215337ca9e/goods/1000000088/image/list/1000000088_list_033.jpg,정상 유지,-59100000,0.08968810625279809,0.08968810625279809,available,직전 동일 길이 기간과 비교 가능합니다.,available,직전 동일 길이 기간과 비교 가능합니다.,최근 30일 매출이 직전기간 대비 9.0%,재구매확장기여,최근 30일 재구매확장기여 기준 최근 30일 역할 관측은 참고용입니다.,limited,limited,최근 30일 브랜드 점수 참고용,2026-04-18,2026-04-18,161962180,195510440,-0.17159318960153738,161962180,195510440,-0.17159318960153738
178,2026-04-18,7d,7,최근 7일,1000000112,매화 5송이 2호,https://godomall.speedycdn.net/a1ce4a197810c4cd52677b215337ca9e/goods/1000000112/image/list/1000000112_list_032.jpg,정상 유지,-62110000,,0.917696670059619,available,직전 동일 길이 기간과 비교 가능합니다.,,,최근 7일 매출이 직전기간 대비 91.8%,재구매확장기여,최근 7일 재구매확장기여 기준 최근 7일 주요 신호 0.18,available,limited,최근 7일 브랜드 점수 참고용,2026-04-18,2026-04-18,25575500,35701600,-0.2836315459251126,,,
179,2026-04-18,30d,30,최근 30일,1000000069,설기세트,https://godomall.speedycdn.net/a1ce4a197810c4cd52677b215337ca9e/goods/1000000069/image/list/1000000069_list_033.jpg,정상 유지,-69724000,2.6336486184553514,2.6336486184553514,available,직전 동일 길이 기간과 비교 가능합니다.,available,직전 동일 길이 기간과 비교 가능합니다.,최근 30일 매출이 직전기간 대비 263.4%,반복구매기여,최근 30일 반복구매기여 기준 최근 30일 역할 관측은 참고용입니다.,limited,limited,최근 30일 브랜드 점수 참고용,2026-04-18,2026-04-18,161962180,195510440,-0.17159318960153738,161962180,195510440,-0.17159318960153738
180,2026-04-18,30d,30,최근 30일,1000000045,완두시루떡,https://godomall.speedycdn.net/a1ce4a197810c4cd52677b215337ca9e/goods/1000000045/image/list/1000000045_list_095.jpg,정상 유지,-69850000,0.4747068676716918,0.4747068676716918,available,직전 동일 길이 기간과 비교 가능합니다.,available,직전 동일 길이 기간과 비교 가능합니다.,최근 30일 매출이 직전기간 대비 47.5%,동시구매기여,최근 30일 동시구매기여 기준 최근 30일 역할 관측은 참고용입니다.,limited,limited,최근 30일 브랜드 점수 참고용,2026-04-18,2026-04-18,161962180,195510440,-0.17159318960153738,161962180,195510440,-0.17159318960153738
181,2026-04-18,7d,7,최근 7일,1000000044,고구마찰떡,https://godomall.speedycdn.net/a1ce4a197810c4cd52677b215337ca9e/goods/1000000044/image/list/1000000044_list_088.jpg,정상 유지,-71200000,,14.44,available,직전 동일 길이 기간과 비교 가능합니다.,,,최근 7일 매출이 직전기간 대비 1444.0%,동시구매기여,최근 7일 동시구매기여 기준 최근 7일 주요 신호 0.37,available,limited,최근 7일 브랜드 점수 참고용,2026-04-18,2026-04-18,25575500,35701600,-0.2836315459251126,,,
182,2026-04-18,7d,7,최근 7일,1000000089,백리향 3단,https://godomall.speedycdn.net/a1ce4a197810c4cd52677b215337ca9e/goods/1000000089/image/list/1000000089_list_027.jpg,정상 유지,-75900000,,0,available,직전 동일 길이 기간과 비교 가능합니다.,,,최근 7일 매출이 직전기간 대비 0.0%,재구매확장기여,최근 7일 재구매확장기여 기준 최근 7일 주요 신호 0.43,available,limited,최근 7일 브랜드 점수 참고용,2026-04-18,2026-04-18,25575500,35701600,-0.2836315459251126,,,
183,2026-04-18,1d,1,하루 기준,1000000093,매화 2송이 1호,https://godomall.speedycdn.net/a1ce4a197810c4cd52677b215337ca9e/goods/1000000093/image/list/1000000093_list_057.jpg,정상 유지,-78390000,,3.0003779289493577,available,직전 동일 길이 기간과 비교 가능합니다.,,,하루 기준 매출이 직전기간 대비 300.0%,첫구매기여,하루 기준 첫구매기여 기준 하루 기준 주요 신호 0.64,available,limited,하루 기준 브랜드 점수 참고용,2026-04-18,2026-04-18,2861800,2947300,-0.029009602008618057,,,
184,2026-04-18,30d,30,최근 30일,1000000028,마스코바도 딸기설기,https://godomall.speedycdn.net/a1ce4a197810c4cd52677b215337ca9e/goods/1000000028/image/list/1000000028_list_04.jpg,정상 유지,-81800000,0,0,available,직전 동일 길이 기간과 비교 가능합니다.,available,직전 동일 길이 기간과 비교 가능합니다.,최근 30일 매출이 직전기간 대비 0.0%,반복구매기여,최근 30일 반복구매기여 기준 최근 30일 역할 관측은 참고용입니다.,limited,limited,최근 30일 브랜드 점수 참고용,2026-04-18,2026-04-18,161962180,195510440,-0.17159318960153738,161962180,195510440,-0.17159318960153738
185,2026-04-18,30d,30,최근 30일,1000000110,매화 3송이 2호,https://godomall.speedycdn.net/a1ce4a197810c4cd52677b215337ca9e/goods/1000000110/image/list/1000000110_list_026.jpg,정상 유지,-196610000,0.6593813607394308,0.6593813607394308,available,직전 동일 길이 기간과 비교 가능합니다.,available,직전 동일 길이 기간과 비교 가능합니다.,최근 30일 매출이 직전기간 대비 65.9%,재구매확장기여,최근 30일 재구매확장기여 기준 최근 30일 역할 관측은 참고용입니다.,limited,limited,최근 30일 브랜드 점수 참고용,2026-04-18,2026-04-18,161962180,195510440,-0.17159318960153738,161962180,195510440,-0.17159318960153738
186,2026-04-18,30d,30,최근 30일,1000000108,매화 2송이 2호,https://godomall.speedycdn.net/a1ce4a197810c4cd52677b215337ca9e/goods/1000000108/image/list/1000000108_list_020.jpg,정상 유지,-1155460000,0.7621125052720371,0.7621125052720371,available,직전 동일 길이 기간과 비교 가능합니다.,available,직전 동일 길이 기간과 비교 가능합니다.,최근 30일 매출이 직전기간 대비 76.2%,재구매확장기여,최근 30일 재구매확장기여 기준 최근 30일 역할 관측은 참고용입니다.,limited,limited,최근 30일 브랜드 점수 참고용,2026-04-18,2026-04-18,161962180,195510440,-0.17159318960153738,161962180,195510440,-0.17159318960153738
