date,product_id,product_name,entry_axis,expansion_axis,convergence_axis,return_axis,basket_axis,brand_first_customer_cnt,structural_active_order_cnt,latest_order_date,basket_pair_rows,basket_top_pair_product_id
2026-04-06,1000000027,마스코바도 설기,0.0008007556775097137,0.11115088214237276,0.02151946342077154,0.13333333333333333,0.03992317190286734,15,6,2026-03-09,534,1000000042
2026-04-06,1000000028,마스코바도 딸기설기,0.0006942440914142006,0.014191109250605101,0.015214510743606895,0.08415078818779867,0.02407737686925504,14,1,2026-02-15,414,1000000071
2026-04-06,1000000033,가래떡(40개) 4kg,0.00742633125536641,0.06787423160687867,0.06574965208350997,0.06521739130434782,0.06605844423103306,46,23,2026-03-02,560,1000000035
2026-04-06,1000000035,떡국떡 500g,0.02840763783349637,0.12643485772012616,0.11978699671331852,0.1662839763011776,0.1485114556180546,77,42,2026-03-12,742,1000000064
2026-04-06,1000000042,약식,0.07632876274664893,0.48889125283112866,0.3935904810416066,0.13923437139460854,0.4242008505967897,188,83,2026-03-21,908,1000000064
2026-04-06,1000000043,모듬영양찰떡,0.07690868679029218,0.18305639730414305,0.3446964091852257,0.3419395530794667,0.4827136781451502,194,96,2026-03-20,942,1000000064
2026-04-06,1000000044,고구마찰떡,0.0524435917678477,0.14456767707597667,0.22739311330083953,0.35201779001405076,0.36657977774729045,142,83,2026-03-22,780,1000000064
2026-04-06,1000000045,완두시루떡,0.21622292169405913,0.1937002615822669,0.4137526354004412,0.49306312862271867,0.6277953079983537,311,157,2026-03-22,994,1000000064
2026-04-06,1000000062,흰이티,0.1019041062853333,0.02442879075965854,0.22875808217870938,0.10636948504688677,0.33879818905199616,240,125,2026-03-22,942,1000000063
2026-04-06,1000000063,쑥이티,0.1511098176712658,0.14082039399662422,0.17767638783249476,0.22828437971635004,0.40519961585951436,297,153,2026-03-22,1000,1000000062
2026-04-06,1000000064,2색 이티,1,0.1104387966065445,1,0.17419678714859438,1,1660,1080,2026-03-22,1018,1000000045
2026-04-06,1000000065,흰인절미,0.010986710793700937,0.07672569099659875,0.03444277592330294,0.335593584626801,0.1164768829743449,50,14,2026-03-12,664,1000000064
2026-04-06,1000000066,쑥인절미,0.022783789196818508,0.07801067371581386,0.03429015077713736,0.2730373580053484,0.16970777884483468,86,43,2026-03-20,688,1000000064
2026-04-06,1000000069,설기세트,0.03423683651385458,0.03624599631519141,0.02889630862354472,0.20613040571121868,0.19049252297983263,103,44,2026-03-21,736,1000000064
2026-04-06,1000000070,마스코바도 쑥설기,0.0018903363707075149,0.04211171272884761,0.008440038922683421,0.0895204962411981,0.0401289614487584,23,13,2026-03-20,466,1000000043
2026-04-06,1000000071,마스코바도 호박설기,0.004842758112494763,0.05575799671387668,0.023950257551822077,0.2416179857601323,0.06935107696529016,35,10,2026-03-20,578,1000000064
2026-04-06,1000000072,마스코바도 흑임자설기,0.0001522769644758907,0.015753596068873013,0.002479134236875667,0,0.0197557964055426,13,4,2026-03-17,312,1000000044
2026-04-06,1000000083,백설기,0.026748908540749516,0.12404698467852669,0.053917456545810837,0.275117328224029,0.1275895184524626,78,9,2026-03-07,836,1000000064
2026-04-06,1000000084,십리향 1단 (1호 2호 3호),0.06858121526947349,0.02448822513897196,0.15220343029354108,0.03703364696632001,0.09034161064617917,148,61,2026-03-22,642,1000000085
2026-04-06,1000000085,십리향 2단 (1호 2호 3호),0.16666201167645037,0.20037242056919496,0.21029300166262013,0.1745793540258106,0.12271916586637399,316,130,2026-03-22,802,1000000064
2026-04-06,1000000086,십리향 3단,0.10027560688375299,0.5566544318890125,0.21270246686747105,0.23746719302484,0.06660721635340924,199,88,2026-03-22,638,1000000064
2026-04-06,1000000087,백리향 1단 (1호 2호 3호),0.24955999645750673,0.16667062193503362,0.3830055363765513,0.3136552268177844,0.1365070654410756,463,225,2026-03-22,924,1000000064
2026-04-06,1000000088,백리향 2단 (1호 2호),0.2135503482633896,0.2804368612789878,0.36505147438025315,0.11363636363636363,0.10769652901632597,352,156,2026-03-21,716,1000000064
2026-04-06,1000000089,백리향 3단,0.01926520855852659,0.34716577720013897,0.053522506996604144,0.1388663108800556,0.019412813829057483,50,17,2026-03-19,352,1000000088
2026-04-06,1000000090,일리향 1단 (1호 2호 3호),0.05673736979743281,0.0023253035512148666,0.12184177592404138,0.023076923076923078,0.11071477568939497,130,62,2026-03-20,660,1000000091
2026-04-06,1000000091,일리향 2단 (1호 2호 3호),0.17282443635078162,0.16963188263836695,0.17965031425675762,0.12990218370267467,0.12148442859102758,180,85,2026-03-20,630,1000000064
2026-04-06,1000000092,일리향 3단,0.07404169614596641,0.12252463127500884,0.1345297730494137,0.07152560513117959,0.0706544107559336,156,84,2026-03-21,546,1000000064
2026-04-06,1000000093,매화 2송이 1호,0.6233275867084518,0.18318598998962143,0.3403583184615157,0.11079545454545454,0.1368500480175607,704,387,2026-03-20,734,1000000064
2026-04-06,1000000094,매화 3송이 1호,0.15897972424580242,0.17208586139199195,0.2105883905006708,0.12518702426794356,0.05631773905885581,190,102,2026-03-22,702,1000000064
2026-04-06,1000000095,매화 5송이 1호,0,0,0,0,0.0020578954589106874,7,3,2026-03-12,48,1000000144
2026-04-06,1000000108,매화 2송이 2호,0.2212413471851513,0.18836630851243066,0.21864194783937896,0.2084479223317424,0.06050212649197421,247,141,2026-03-22,534,1000000093
2026-04-06,1000000110,매화 3송이 2호,0.04043636004284884,0.07876222008653454,0.045334132737870333,0.08450704225352113,0.03669913568390726,71,28,2026-03-21,572,1000000111
2026-04-06,1000000111,매화 3송이 3호,0.3064779683976517,0.22000556023343537,0.29260287865837675,0.10119047619047619,0.08759775003429826,336,184,2026-03-22,638,1000000064
2026-04-06,1000000112,매화 5송이 2호,0.06695977109235784,0.09210614206279766,0.1078241825350095,0.1489563445800268,0.04314720812182741,93,50,2026-03-21,668,1000000113
2026-04-06,1000000113,매화 5송이 3호,0.07430097655597764,0.1266845322053535,0.0624129287714217,0.11346507535424663,0.0434215941830155,102,67,2026-03-19,598,1000000064
2026-04-06,1000000121,깨송편 1kg,0.05966277826246557,0.10431491739448423,0.15845344684166368,0.20872483926746987,0.18459322266428865,183,34,2026-03-07,768,1000000064
2026-04-06,1000000127,흑임자이티,0.09970985309352366,0.033978196202693094,0.03782795234182498,0.19380585858350655,0.42564137741802716,246,137,2026-03-22,826,1000000064
2026-04-06,1000000128,흑임자인절미,0.014823899879600056,0.05109359843172883,0.028949964796032488,0.06291306473560783,0.12121004252983948,61,26,2026-03-22,802,1000000064
2026-04-06,1000000142,경기 미숫가루,0.006769374506764733,0.0775608031212259,0.010448732550721908,0,0.061119495129647414,35,15,2026-03-20,628,1000000064
2026-04-06,1000000143,"경기참기름, 경기들기름",0.005032579947808037,0.06077973667780719,0.009987663149832387,0.0883593591273068,0.04335299766771848,25,10,2026-03-21,482,1000000064
2026-04-06,1000000144,경기 미숫가루 쫀드기,0.01877828277174198,0,0,0.06291306473560783,0.04211826039237207,61,21,2026-03-13,432,1000000064
2026-04-06,1000000153,유밀상,0.006307856166826636,0.04649407414145859,0.04992369009928218,0.05454545454545454,0.019618603374948553,55,29,2026-03-19,52,1000000156
2026-04-06,1000000154,화연상,0.0033876714286969044,0.053073714263937616,0.006575302554347784,0.1111111111111111,0.00425298394841542,36,15,2026-03-15,46,1000000153
2026-04-06,1000000156,기원상,0.008936910494414295,0.10146400237966263,0.05814347079368195,0.14705882352941177,0.01673754973247359,68,55,2026-03-18,46,1000000153
2026-04-07,1000000027,마스코바도 설기,0.0007952468232457556,0.11106334517535661,0.021502395751350788,0.13333333333333333,0.03992317190286734,15,6,2026-03-09,534,1000000042
2026-04-07,1000000028,마스코바도 딸기설기,0.0006894167582924601,0.014179933031051563,0.015215190427661354,0.08408451516658647,0.02407737686925504,14,1,2026-02-15,414,1000000071
2026-04-07,1000000033,가래떡(40개) 4kg,0.0073774267336936825,0.06782077720094955,0.06569786091001259,0.06521739130434782,0.06605844423103306,46,23,2026-03-02,560,1000000035
2026-04-07,1000000035,떡국떡 500g,0.028207555006417195,0.12633528384579776,0.11968953531314987,0.16615301922132156,0.1485114556180546,77,42,2026-03-12,742,1000000064
2026-04-07,1000000042,약식,0.0761975834851012,0.48715212467494895,0.40529566319803867,0.1386195418694617,0.4242008505967897,189,83,2026-03-21,908,1000000064
2026-04-07,1000000043,모듬영양찰떡,0.07638757960802821,0.18291223109057778,0.34447791607035266,0.3416702583082287,0.4827136781451502,194,96,2026-03-20,942,1000000064
2026-04-07,1000000044,고구마찰떡,0.0520860178254798,0.14445382268511733,0.22725128526004593,0.351740558119174,0.36657977774729045,142,83,2026-03-22,780,1000000064
2026-04-07,1000000045,완두시루떡,0.2147049639792353,0.19354771278479158,0.4134082209867414,0.4926748163574878,0.6277953079983537,311,157,2026-03-22,994,1000000064
2026-04-07,1000000062,흰이티,0.10139022578671639,0.0244095518457628,0.228659297354279,0.10628571367301548,0.33879818905199616,240,125,2026-03-22,942,1000000063
2026-04-07,1000000063,쑥이티,0.1498265582097515,0.14166254331923372,0.17740701020256064,0.25152881378267,0.40519961585951436,296,153,2026-03-22,1000,1000000062
2026-04-07,1000000064,2색 이티,1,0.10885692683948416,1,0.17346530693861228,1,1667,1080,2026-03-22,1018,1000000045
2026-04-07,1000000065,흰인절미,0.010911565222950934,0.07666526561667728,0.034417591709892816,0.335329287628144,0.1164768829743449,50,14,2026-03-12,664,1000000064
2026-04-07,1000000066,쑥인절미,0.022630857477144464,0.07794923634671388,0.03426434149502379,0.27282232721349853,0.16970777884483468,86,43,2026-03-20,688,1000000064
2026-04-07,1000000069,설기세트,0.03400242226158163,0.03621745075151477,0.028880621004202096,0.20596806754369382,0.19049252297983263,103,44,2026-03-21,736,1000000064
2026-04-07,1000000070,마스코바도 쑥설기,0.0018778884098421462,0.042078547615471217,0.008430430569950246,0.08944999430207091,0.0401289614487584,23,13,2026-03-20,466,1000000043
2026-04-07,1000000071,마스코바도 호박설기,0.004810505079457745,0.05571408445852474,0.023938991848980268,0.24142769932027391,0.06935107696529016,35,10,2026-03-20,578,1000000064
2026-04-07,1000000072,마스코바도 흑임자설기,0.00015151541256300217,0.015741189311563607,0.0024777547608375943,0,0.0197557964055426,13,4,2026-03-17,312,1000000044
2026-04-07,1000000083,백설기,0.02656206228928265,0.12394929137554106,0.053884933399590725,0.2749006593499532,0.1275895184524626,78,9,2026-03-07,836,1000000064
2026-04-07,1000000084,십리향 1단 (1호 2호 3호),0.06766205275431397,0.025568413809627637,0.1516567120061398,0.0371704252372221,0.09034161064617917,147,61,2026-03-22,642,1000000085
2026-04-07,1000000085,십리향 2단 (1호 2호 3호),0.16634285703499133,0.1981395871142221,0.21034080691235907,0.17364104474375516,0.12271916586637399,318,130,2026-03-22,802,1000000064
2026-04-07,1000000086,십리향 3단,0.10034626908027526,0.5546961623910128,0.21268962642242673,0.26664592532261594,0.06660721635340924,200,88,2026-03-22,638,1000000064
2026-04-07,1000000087,백리향 1단 (1호 2호 3호),0.24852152899868585,0.16583195707637083,0.38271054042116437,0.31289857007520966,0.1365070654410756,464,225,2026-03-22,924,1000000064
2026-04-07,1000000088,백리향 2단 (1호 2호),0.2137531609112833,0.2768694985626578,0.3655306926642491,0.11267605633802817,0.10769652901632597,355,156,2026-03-21,716,1000000064
2026-04-07,1000000089,백리향 3단,0.019125983399799422,0.3468923665118731,0.05346213307644682,0.13875694660474924,0.019412813829057483,50,17,2026-03-19,352,1000000088
2026-04-07,1000000090,일리향 1단 (1호 2호 3호),0.05515779787043716,0.004513059165564536,0.12106429815490075,0.0234375,0.11071477568939497,128,62,2026-03-20,660,1000000091
2026-04-07,1000000091,일리향 2단 (1호 2호 3호),0.17156077695432387,0.16949828891217067,0.17955413480367394,0.12979987913296787,0.12148442859102758,180,85,2026-03-20,630,1000000064
2026-04-07,1000000092,일리향 3단,0.07352369275513616,0.12242813690267587,0.13444814218804152,0.07146927508308193,0.0706544107559336,156,84,2026-03-21,546,1000000064
2026-04-07,1000000093,매화 2송이 1호,0.6225901287510982,0.18844171417511477,0.34033931753490787,0.11189801699716714,0.1368500480175607,706,387,2026-03-20,734,1000000064
2026-04-07,1000000094,매화 3송이 1호,0.15782130303011296,0.171950335032846,0.21048894342169153,0.12508843312585838,0.05631773905885581,190,102,2026-03-22,702,1000000064
2026-04-07,1000000095,매화 5송이 1호,0,0,0,0,0.0020578954589106874,7,3,2026-03-12,48,1000000144
2026-04-07,1000000108,매화 2송이 2호,0.22000878816337824,0.1940152968146593,0.21878834731347047,0.20768700023231934,0.06050212649197421,248,141,2026-03-22,534,1000000093
2026-04-07,1000000110,매화 3송이 2호,0.040676034091955915,0.09438879097055343,0.04573472804510567,0.09859154929577464,0.03669913568390726,71,28,2026-03-21,572,1000000111
2026-04-07,1000000111,매화 3송이 3호,0.30498340319073847,0.2187996627684222,0.29267112870493833,0.10089020771513353,0.08759775003429826,337,184,2026-03-22,638,1000000064
2026-04-07,1000000112,매화 5송이 2호,0.06646780445737249,0.09203360379621504,0.1077600038788019,0.14883903389052958,0.04314720812182741,93,50,2026-03-21,668,1000000113
2026-04-07,1000000113,매화 5송이 3호,0.07375601868834221,0.12658476169968258,0.06234994997233284,0.11337571584249714,0.0434215941830155,102,67,2026-03-19,598,1000000064
2026-04-07,1000000121,깨송편 1kg,0.05961694434243251,0.10299428847600807,0.15859519323079146,0.2077855388262532,0.18459322266428865,184,34,2026-03-07,768,1000000064
2026-04-07,1000000127,흑임자이티,0.09944681266031899,0.033160561483142524,0.03784928541850705,0.1930964015748923,0.42564137741802716,247,137,2026-03-22,826,1000000064
2026-04-07,1000000128,흑임자인절미,0.014722894857694397,0.05105335962701179,0.02893403988096917,0.06286351750065569,0.12121004252983948,61,26,2026-03-22,802,1000000064
2026-04-07,1000000142,경기 미숫가루,0.0067222092738164485,0.07749972004807609,0.010431043218236707,0,0.061119495129647414,35,15,2026-03-20,628,1000000064
2026-04-07,1000000143,"경기참기름, 경기들기름",0.0049962624217349955,0.06073186954709023,0.009981161620339752,0.0882897716426516,0.04335299766771848,25,10,2026-03-21,482,1000000064
2026-04-07,1000000144,경기 미숫가루 쫀드기,0.0186466688557461,0,0,0.06286351750065569,0.04211826039237207,61,21,2026-03-13,432,1000000064
2026-04-07,1000000153,유밀상,0.006270635510355465,0.04645745769581173,0.04988866090925219,0.05454545454545454,0.019618603374948553,55,29,2026-03-19,52,1000000156
2026-04-07,1000000154,화연상,0.0033669662384110256,0.05303191601739743,0.006571539951991028,0.1111111111111111,0.00425298394841542,36,15,2026-03-15,46,1000000153
2026-04-07,1000000156,기원상,0.008884063946306805,0.10138409432262843,0.05810692046685066,0.14705882352941177,0.01673754973247359,68,55,2026-03-18,46,1000000153
2026-04-08,1000000027,마스코바도 설기,0.0007966422973715449,0.11105088111591688,0.021437623515661138,0.13333333333333333,0.03992317190286734,15,6,2026-03-09,534,1000000042
2026-04-08,1000000028,마스코바도 딸기설기,0.0006906923499338096,0.014178341691191672,0.015179185031307236,0.08407507880039974,0.02407737686925504,14,1,2026-02-15,414,1000000071
2026-04-08,1000000033,가래떡(40개) 4kg,0.007387506516346854,0.06781316602917235,0.06556135265967403,0.06521739130434782,0.06605844423103306,46,23,2026-03-02,560,1000000035
2026-04-08,1000000035,떡국떡 500g,0.028263099891134714,0.12632110589640588,0.1188937159173168,0.16613437273535092,0.1485114556180546,77,42,2026-03-12,742,1000000064
2026-04-08,1000000042,약식,0.07589852692881786,0.48845140362646117,0.40702518250110836,0.13910910401220877,0.4242008505967897,188,83,2026-03-21,908,1000000064
2026-04-08,1000000043,모듬영양찰떡,0.07651109794114166,0.18289170380574798,0.34750960104514733,0.34163191443877644,0.4827136781451502,194,96,2026-03-20,942,1000000064
2026-04-08,1000000044,고구마찰떡,0.051432674309265854,0.14612508085886186,0.22665136925240964,0.31513518018169867,0.36657977774729045,141,83,2026-03-22,780,1000000064
2026-04-08,1000000045,완두시루떡,0.21410363316993497,0.19456885152413722,0.4112732459825162,0.48456332961804943,0.6277953079983537,310,157,2026-03-22,994,1000000064
2026-04-08,1000000062,흰이티,0.0998574755061197,0.01950953905685238,0.2275609156331276,0.10722315774335121,0.33879818905199616,237,125,2026-03-22,942,1000000063
2026-04-08,1000000063,쑥이티,0.1513759409449555,0.1449466450882509,0.17759235806539253,0.24966950495164092,0.40519961585951436,299,153,2026-03-22,1000,1000000062
2026-04-08,1000000064,2색 이티,1,0.11187795325869479,1,0.17336131095123902,1,1668,1080,2026-03-22,1018,1000000045
2026-04-08,1000000065,흰인절미,0.010930128636821796,0.07665666187413647,0.03432768515942441,0.3352916553727291,0.1164768829743449,50,14,2026-03-12,664,1000000064
2026-04-08,1000000066,쑥인절미,0.02285629586535651,0.09200667134859611,0.008125894449663136,0.2727917097879428,0.16970777884483468,86,43,2026-03-20,688,1000000064
2026-04-08,1000000069,설기세트,0.03437989782735461,0.03476473733421732,0.028924084830430682,0.20472567541261313,0.19049252297983263,104,44,2026-03-21,736,1000000064
2026-04-08,1000000070,마스코바도 쑥설기,0.0016875052224205856,0.04467560481266495,0.008094662814844214,0.08988306206357592,0.0401289614487584,22,13,2026-03-20,466,1000000043
2026-04-08,1000000071,마스코바도 호박설기,0.004817550751791643,0.055707831957672864,0.0237998631471788,0.2414006051499158,0.06935107696529016,35,10,2026-03-20,578,1000000064
2026-04-08,1000000072,마스코바도 흑임자설기,0.00015140719962281415,0.01573942276006166,0.0024622736693791134,0,0.0197557964055426,13,4,2026-03-17,312,1000000044
2026-04-08,1000000083,백설기,0.026735904311461643,0.13881738562829637,0.05368893004759573,0.2748698086840315,0.1275895184524626,78,9,2026-03-07,836,1000000064
2026-04-08,1000000084,십리향 1단 (1호 2호 3호),0.07025558767072186,0.02446619339614834,0.15171062896758075,0.037000328268000614,0.09034161064617917,148,61,2026-03-22,642,1000000085
2026-04-08,1000000085,십리향 2단 (1호 2호 3호),0.1667550532364311,0.19811735094271787,0.20871896264865933,0.17362155791577022,0.12271916586637399,318,130,2026-03-22,802,1000000064
2026-04-08,1000000086,십리향 3단,0.10053490888802043,0.5546339117364146,0.2120041035688012,0.26661600104240146,0.06660721635340924,200,88,2026-03-22,638,1000000064
2026-04-08,1000000087,백리향 1단 (1호 2호 3호),0.24317091527954432,0.15832507129353235,0.37994252514777876,0.313884462073203,0.1365070654410756,462,225,2026-03-22,924,1000000064
2026-04-08,1000000088,백리향 2단 (1호 2호),0.2141557290544126,0.2768384269441892,0.3636480479823111,0.11267605633802817,0.10769652901632597,355,156,2026-03-21,716,1000000064
2026-04-08,1000000089,백리향 3단,0.019168267501656566,0.34685343659247836,0.05333693526812451,0.13874137463699135,0.019412813829057483,50,17,2026-03-19,352,1000000088
2026-04-08,1000000090,일리향 1단 (1호 2호 3호),0.054839975860224315,0.005623839831727092,0.12037458467329537,0.023622047244094488,0.11071477568939497,127,62,2026-03-20,660,1000000091
2026-04-08,1000000091,일리향 2단 (1호 2호 3호),0.17261843240842692,0.16797994016258813,0.17936567318121766,0.12929625909468784,0.12148442859102758,181,85,2026-03-20,630,1000000064
2026-04-08,1000000092,일리향 3단,0.07362224586769757,0.12241439743198876,0.13417323753855392,0.07146125445943384,0.0706544107559336,156,84,2026-03-21,546,1000000064
2026-04-08,1000000093,매화 2송이 1호,0.6279513128611162,0.19326844858666,0.3376314307630122,0.11142454160789844,0.1368500480175607,709,387,2026-03-20,734,1000000064
2026-04-08,1000000094,매화 3송이 1호,0.15589052280412594,0.1748609358126,0.20880940997466405,0.1259856036336985,0.05631773905885581,188,102,2026-03-22,702,1000000064
2026-04-08,1000000095,매화 5송이 1호,0,0,0,0,0.0020578954589106874,7,3,2026-03-12,48,1000000144
2026-04-08,1000000108,매화 2송이 2호,0.2217083185772214,0.20548903737702648,0.21817985822366145,0.2064817380406836,0.06050212649197421,250,141,2026-03-22,534,1000000093
2026-04-08,1000000110,매화 3송이 2호,0.042771565776148955,0.09212054147983145,0.04587550287259204,0.09722222222222222,0.03669913568390726,72,28,2026-03-21,572,1000000111
2026-04-08,1000000111,매화 3송이 3호,0.3051064932395818,0.21314418752258418,0.2920564891162392,0.10089020771513353,0.08759775003429826,337,184,2026-03-22,638,1000000064
2026-04-08,1000000112,매화 5송이 2호,0.06732023361793806,0.0901228655170393,0.1079326914628985,0.14787149779009362,0.04314720812182741,94,50,2026-03-21,668,1000000113
2026-04-08,1000000113,매화 5송이 3호,0.07339594782154339,0.1285922964421301,0.06204458134074,0.11404828897265284,0.0434215941830155,101,67,2026-03-19,598,1000000064
2026-04-08,1000000121,깨송편 1kg,0.05969873890908571,0.10298272996467843,0.15816883606810894,0.20776222013994353,0.18459322266428865,184,34,2026-03-07,768,1000000064
2026-04-08,1000000127,흑임자이티,0.10005651165414227,0.03939773458065795,0.07817780055543937,0.19252154835207155,0.42564137741802716,248,137,2026-03-22,826,1000000064
2026-04-08,1000000128,흑임자인절미,0.014747437425864457,0.05104763017497714,0.02883975005044625,0.06285646265625602,0.12121004252983948,61,26,2026-03-22,802,1000000064
2026-04-08,1000000142,경기 미숫가루,0.006951412833314162,0.0745898567613797,0.010607724424657926,0,0.061119495129647414,36,15,2026-03-20,628,1000000064
2026-04-08,1000000143,"경기참기름, 경기들기름",0.0050072418181559865,0.06072505392641244,0.009956398160152426,0.08827986334248346,0.04335299766771848,25,10,2026-03-21,482,1000000064
2026-04-08,1000000144,경기 미숫가루 쫀드기,0.0186825429758543,0,0,0.06285646265625602,0.04211826039237207,61,21,2026-03-13,432,1000000064
2026-04-08,1000000153,유밀상,0.006273561808873662,0.04645224401785862,0.049773290185302126,0.05454545454545454,0.019618603374948553,55,29,2026-03-19,52,1000000156
2026-04-08,1000000154,화연상,0.003369470055437157,0.05302596452230785,0.0065352090716373126,0.1111111111111111,0.00425298394841542,36,15,2026-03-15,46,1000000153
2026-04-08,1000000156,기원상,0.00888835405993753,0.10137271651498285,0.05795285331929347,0.14705882352941177,0.01673754973247359,68,55,2026-03-18,46,1000000153
2026-04-09,1000000027,마스코바도 설기,0.0036250738855266467,0.1491142616034675,0.05239183477099374,0.125,0.03992317190286734,16,6,2026-03-09,534,1000000042
2026-04-09,1000000028,마스코바도 딸기설기,0.0034393196768415938,0.07727471740807358,0.0397906729441036,0.20606591308819627,0.02407737686925504,15,1,2026-02-15,414,1000000071
2026-04-09,1000000033,가래떡,0.01285641523682975,0.1507666730084433,0.0931864853040893,0.06382978723404255,0.06605844423103306,47,23,2026-03-02,560,1000000035
2026-04-09,1000000035,떡국떡 500g,0.038437795816084884,0.21217037031199243,0.15147735248716584,0.21217037031199246,0.1485114556180546,77,42,2026-03-12,742,1000000064
2026-04-09,1000000042,약식,0.08954579667509904,0.5931035386691705,0.46017100515937387,0.15818482059916483,0.4242008505967897,189,83,2026-03-21,908,1000000064
2026-04-09,1000000043,모듬영양찰떡,0.09050351268437203,0.2676072002986551,0.39285834056890306,0.3510078182779107,0.4827136781451502,196,96,2026-03-20,942,1000000064
2026-04-09,1000000044,고구마찰떡,0.06312718524877485,0.23592480819403353,0.26482538474327866,0.37073898430490987,0.36657977774729045,141,83,2026-03-22,780,1000000064
2026-04-09,1000000045,완두시루떡,0.23570359991867476,0.28658906801249123,0.447163293544583,0.5317313925028938,0.6277953079983537,309,157,2026-03-22,994,1000000064
2026-04-09,1000000062,흰이티,0.1147186315573367,0.14563892693166122,0.2490050818020299,0.11949860671315794,0.33879818905199616,238,125,2026-03-22,942,1000000063
2026-04-09,1000000063,쑥이티,0.16781986854283396,0.24887658239914678,0.1784163031657035,0.2754860283160367,0.40519961585951436,297,153,2026-03-22,1000,1000000062
2026-04-09,1000000064,2색 이티,1,0.26288196524865187,1,0.1732574395845816,1,1669,1080,2026-03-22,1018,1000000045
2026-04-09,1000000065,흰인절미,0.017356922661547234,0.16247715656002604,0.04749295667814882,0.46536667064106224,0.1164768829743449,50,14,2026-03-12,664,1000000064
2026-04-09,1000000066,쑥인절미,0.031067579744783108,0.1834020002223064,0.010185009870955736,0.342350400414972,0.16970777884483468,86,43,2026-03-20,688,1000000064
2026-04-09,1000000069,설기세트,0.04451180567384166,0.13798959611812525,0.03527767699212159,0.25003243057301333,0.19049252297983263,104,44,2026-03-21,736,1000000064
2026-04-09,1000000070,마스코바도 쑥설기,0.005089591605716362,0.1204465061572905,0.015093807512552026,0.16059534154305405,0.0401289614487584,23,13,2026-03-20,466,1000000043
2026-04-09,1000000071,마스코바도 호박설기,0.009341959018717729,0.13809847547113524,0.03472134157382979,0.3682626012563607,0.06935107696529016,35,10,2026-03-20,578,1000000064
2026-04-09,1000000072,마스코바도 흑임자설기,0.0017884059950583808,0.08343752241006379,0.006801950647196693,0,0.0197557964055426,13,4,2026-03-17,312,1000000044
2026-04-09,1000000074,경기 콩약과(10ea),0,0,0,0,0.004390176979009466,1,0,,120,1000000064
2026-04-09,1000000083,백설기,0.03644023575784998,0.2233147017521165,0.06829658197748466,0.35029757137586903,0.1275895184524626,78,9,2026-03-07,836,1000000064
2026-04-09,1000000084,십리향 1단 (1호 2호 3호),0.08470442257989941,0.1380056812304445,0.17718371108505904,0.043295899993864934,0.09034161064617917,148,61,2026-03-22,642,1000000085
2026-04-09,1000000085,십리향 2단 (1호 2호 3호),0.18493675736451715,0.28822096463129004,0.2275565681444694,0.18919119729643655,0.12271916586637399,319,130,2026-03-22,802,1000000064
2026-04-09,1000000086,십리향 3단,0.11625872547178251,0.6403061826283339,0.22704953411544684,0.3026642379424901,0.06660721635340924,200,88,2026-03-22,638,1000000064
2026-04-09,1000000087,백리향 1단 (1호 2호 3호),0.26014091317680205,0.2702880968514373,0.4029885495882237,0.3354795348454155,0.1365070654410756,460,225,2026-03-22,924,1000000064
2026-04-09,1000000088,백리향 2단 (1호 2호),0.23446918368645978,0.349071769180132,0.3931029455404538,0.11235955056179775,0.10769652901632597,356,156,2026-03-21,716,1000000064
2026-04-09,1000000089,백리향 3단,0.028705205374465578,0.48141379721489197,0.07387751146703048,0.1925655188859568,0.019412813829057483,50,17,2026-03-19,352,1000000088
2026-04-09,1000000090,일리향 1단 (1호 2호 3호),0.06780346151227784,0.11865015665019174,0.14321931546026706,0.023622047244094488,0.11071477568939497,127,62,2026-03-20,660,1000000091
2026-04-09,1000000091,일리향 2단 (1호 2호 3호),0.19907881659461096,0.25811290142297516,0.2048569130734414,0.1488218530727064,0.12148442859102758,180,85,2026-03-20,630,1000000064
2026-04-09,1000000092,일리향 3단,0.08699905608063117,0.21151568333844825,0.14301710246689628,0.08356175144234992,0.0706544107559336,155,84,2026-03-21,546,1000000064
2026-04-09,1000000093,매화 2송이 1호,0.6515341521391822,0.29742822189764134,0.3502322767300982,0.10985915492957747,0.1368500480175607,710,387,2026-03-20,734,1000000064
2026-04-09,1000000094,매화 3송이 1호,0.17928568866921832,0.2640863108066907,0.23730553236270885,0.14445746915921542,0.05631773905885581,187,102,2026-03-22,702,1000000064
2026-04-09,1000000095,매화 5송이 1호,0.003076838339829715,0.05519622672005255,0.004080655630334165,0,0.0020578954589106874,7,3,2026-03-12,48,1000000144
2026-04-09,1000000108,매화 2송이 2호,0.2472468905469201,0.29183801862082925,0.24201977858097215,0.23058806409547003,0.06050212649197421,249,141,2026-03-22,534,1000000093
2026-04-09,1000000110,매화 3송이 2호,0.05739279948230453,0.1810260048751436,0.05917386064964918,0.09722222222222222,0.03669913568390726,72,28,2026-03-21,572,1000000111
2026-04-09,1000000111,매화 3송이 3호,0.33415439476115577,0.30050551175353213,0.3171470274774407,0.10059171597633136,0.08759775003429826,338,184,2026-03-22,638,1000000064
2026-04-09,1000000112,매화 5송이 2호,0.0849610447338282,0.18461474573394646,0.1330594660459664,0.18461474573394643,0.04314720812182741,93,50,2026-03-21,668,1000000113
2026-04-09,1000000113,매화 5송이 3호,0.09213711042969248,0.21699755708873392,0.07599367841349387,0.13984287012385074,0.0434215941830155,101,67,2026-03-19,598,1000000064
2026-04-09,1000000121,깨송편 1kg,0.07108334665205425,0.2057244524371178,0.18038189863251358,0.23772603392733613,0.18459322266428865,184,34,2026-03-07,768,1000000064
2026-04-09,1000000127,흑임자이티,0.11416055730123933,0.16265086163111106,0.08695318268518441,0.2144581731136131,0.42564137741802716,248,137,2026-03-22,826,1000000064
2026-04-09,1000000128,흑임자인절미,0.021929181048849982,0.14120930650915572,0.038118492654134854,0.08367958904246267,0.12121004252983948,61,26,2026-03-22,802,1000000064
2026-04-09,1000000142,경기 미숫가루,0.012502232277284517,0.15812432186806177,0.01602162412128108,0,0.061119495129647414,36,15,2026-03-20,628,1000000064
2026-04-09,1000000143,"경기참기름, 경기들기름",0.01039950853538225,0.1429752167524822,0.01716209366536325,0.15250689786931437,0.04335299766771848,25,10,2026-03-21,482,1000000064
2026-04-09,1000000144,경기 미숫가루 쫀드기,0.02712859211375061,0.0941395376727705,0,0.08367958904246267,0.04211826039237207,61,21,2026-03-13,432,1000000064
2026-04-09,1000000153,유밀상,0.010832974944985516,0.1350861793026593,0.08637002308121651,0.05454545454545454,0.019618603374948553,55,29,2026-03-19,52,1000000156
2026-04-09,1000000154,화연상,0.007554108739591762,0.13071838635888622,0.01003814615947611,0.10526315789473684,0.00425298394841542,38,15,2026-03-15,46,1000000153
2026-04-09,1000000156,기원상,0.014506701885764134,0.1847602962134268,0.07601415283760918,0.14285714285714285,0.01673754973247359,70,55,2026-03-18,46,1000000153
2026-04-10,1000000027,마스코바도 설기,0.0029102340760852477,0.1287241602374354,0.045271242041943424,0.125,0.03992317190286734,16,6,2026-03-09,534,1000000042
2026-04-10,1000000028,마스코바도 딸기설기,0.0027369161143355474,0.06625345464866224,0.034176276377141865,0.17962047704748435,0.02407737686925504,15,1,2026-02-15,414,1000000071
2026-04-10,1000000033,가래떡,0.01161856247465604,0.14008706415555722,0.08662177605348138,0.06382978723404255,0.06605844423103306,47,23,2026-03-02,560,1000000035
2026-04-10,1000000035,떡국떡 500g,0.03606253021550471,0.20096186764067756,0.14303640571454604,0.20431123210135552,0.1485114556180546,77,42,2026-03-12,742,1000000064
2026-04-10,1000000042,약식,0.08797822004749967,0.3090148188289391,0.45630362611164726,0.15393515974997152,0.4242008505967897,192,83,2026-03-21,908,1000000064
2026-04-10,1000000043,모듬영양찰떡,0.08837398100873514,0.27145691997500976,0.38199570098119934,0.3439857197822863,0.4827136781451502,197,96,2026-03-20,942,1000000064
2026-04-10,1000000044,고구마찰떡,0.060191261432279895,0.22857452566667052,0.2550624039108391,0.36426797423704327,0.36657977774729045,140,83,2026-03-22,780,1000000064
2026-04-10,1000000045,완두시루떡,0.23106503189594974,0.2851470917082354,0.437694171663226,0.552472490184706,0.6277953079983537,309,157,2026-03-22,994,1000000064
2026-04-10,1000000062,흰이티,0.11155577501760652,0.14196387514329484,0.24293356474439096,0.11842456593150066,0.33879818905199616,238,125,2026-03-22,942,1000000063
2026-04-10,1000000063,쑥이티,0.16459948306187794,0.24294655778163513,0.17482901971518225,0.27340400884105187,0.40519961585951436,298,153,2026-03-22,1000,1000000062
2026-04-10,1000000064,2색 이티,1,0.2676957831325301,1,0.18293172690763054,1,1660,1080,2026-03-22,1018,1000000045
2026-04-10,1000000065,흰인절미,0.015842612183229136,0.1513813019397612,0.04405166106040832,0.4395664471139733,0.1164768829743449,50,14,2026-03-12,664,1000000064
2026-04-10,1000000066,쑥인절미,0.02884629733682527,0.17578444585005873,0.009650610985806751,0.3322977080069259,0.16970777884483468,85,43,2026-03-20,688,1000000064
2026-04-10,1000000069,설기세트,0.04184473539965425,0.1328428534958652,0.03370941110929166,0.24434001771205294,0.19049252297983263,103,44,2026-03-21,736,1000000064
2026-04-10,1000000070,마스코바도 쑥설기,0.0042769995055879344,0.10734932633659548,0.01346963388117616,0.14551797570071834,0.0401289614487584,23,13,2026-03-20,466,1000000043
2026-04-10,1000000071,마스코바도 호박설기,0.008577032213246438,0.12429156960004036,0.032181154390363044,0.3369682553601095,0.06935107696529016,36,10,2026-03-20,578,1000000064
2026-04-10,1000000072,마스코바도 흑임자설기,0.0013111569454490896,0.07034825094331448,0.005738471171576482,0,0.0197557964055426,13,4,2026-03-17,312,1000000044
2026-04-10,1000000074,경기 콩약과(10ea),0,0,0,0,0.004390176979009466,2,0,,120,1000000064
2026-04-10,1000000083,백설기,0.03402035921327664,0.22608210109576224,0.06458308890882401,0.40862246420271103,0.1275895184524626,77,9,2026-03-07,836,1000000064
2026-04-10,1000000084,십리향 1단 (1호 2호 3호),0.08104900324525635,0.13383223037736228,0.2117856552061382,0.0426863584471587,0.09034161064617917,147,61,2026-03-22,642,1000000085
2026-04-10,1000000085,십리향 2단 (1호 2호 3호),0.18105795350039977,0.2831426510544597,0.22448716635821767,0.1889553691823266,0.12271916586637399,318,130,2026-03-22,802,1000000064
2026-04-10,1000000086,십리향 3단,0.11264760652040354,0.6219774547663804,0.22077161470281742,0.29843823470618747,0.06660721635340924,200,88,2026-03-22,638,1000000064
2026-04-10,1000000087,백리향 1단 (1호 2호 3호),0.2555711286074138,0.2710814515454178,0.3970637269683167,0.3373458063676311,0.1365070654410756,457,225,2026-03-22,924,1000000064
2026-04-10,1000000088,백리향 2단 (1호 2호),0.22982158483026696,0.34745984840857885,0.3886774707337128,0.11267605633802817,0.10769652901632597,355,156,2026-03-21,716,1000000064
2026-04-10,1000000089,백리향 3단,0.026425755701697494,0.44853719093262584,0.06884870730460654,0.1824051243126012,0.019412813829057483,50,17,2026-03-19,352,1000000088
2026-04-10,1000000090,일리향 1단 (1호 2호 3호),0.06483433712114128,0.1140478265504337,0.13768961196156027,0.023622047244094488,0.11071477568939497,127,62,2026-03-20,660,1000000091
2026-04-10,1000000091,일리향 2단 (1호 2호 3호),0.19404003502982475,0.24807610798742494,0.1992845123144249,0.14541878762506114,0.12148442859102758,182,85,2026-03-20,630,1000000064
2026-04-10,1000000092,일리향 3단,0.0833726925605753,0.2053004481833404,0.1379542833790593,0.0824581223979178,0.0706544107559336,154,84,2026-03-21,546,1000000064
2026-04-10,1000000093,매화 2송이 1호,0.6468439352542674,0.2949070103535445,0.34796063893525714,0.11156172174614708,0.1368500480175607,710,387,2026-03-20,734,1000000064
2026-04-10,1000000094,매화 3송이 1호,0.17335410591244813,0.25512690819252526,0.2308111348181859,0.14188254267572917,0.05631773905885581,188,102,2026-03-22,702,1000000064
2026-04-10,1000000095,매화 5송이 1호,0.0021934109401145502,0.04159257634092745,0.0030730306249242166,0,0.0020578954589106874,7,3,2026-03-12,48,1000000144
2026-04-10,1000000108,매화 2송이 2호,0.2410740659633351,0.28471932216033335,0.2356735132022341,0.22871280529093443,0.06050212649197421,249,141,2026-03-22,534,1000000093
2026-04-10,1000000110,매화 3송이 2호,0.053402377608253435,0.17272957521544546,0.055719853017284,0.09859154929577464,0.03669913568390726,71,28,2026-03-21,572,1000000111
2026-04-10,1000000111,매화 3송이 3호,0.32809627718314943,0.2947700346994836,0.31116894616127205,0.10059171597633136,0.08759775003429826,338,184,2026-03-22,638,1000000064
2026-04-10,1000000112,매화 5송이 2호,0.08064391200388883,0.17591654395920786,0.12691307257215634,0.17884848635852796,0.04314720812182741,93,50,2026-03-21,668,1000000113
2026-04-10,1000000113,매화 5송이 3호,0.08826211232275248,0.20581492515830435,0.07282592090346747,0.13446575110342554,0.0434215941830155,102,67,2026-03-19,598,1000000064
2026-04-10,1000000121,깨송편 1kg,0.06859724341872454,0.19948252170286523,0.17470388507434242,0.23287737348423382,0.18459322266428865,184,34,2026-03-07,768,1000000064
2026-04-10,1000000127,흑임자이티,0.1117561358133155,0.16344998124019136,0.08497571666843493,0.2118405491629147,0.42564137741802716,249,137,2026-03-22,826,1000000064
2026-04-10,1000000128,흑임자인절미,0.020255783133524427,0.13263675048833493,0.035830492561833564,0.07990954844235489,0.12121004252983948,61,26,2026-03-22,802,1000000064
2026-04-10,1000000142,경기 미숫가루,0.01149105849844786,0.14258538078413005,0.014858396804552365,0,0.061119495129647414,37,15,2026-03-20,628,1000000064
2026-04-10,1000000143,"경기참기름, 경기들기름",0.009061083242954102,0.1282036791943658,0.01540100349574445,0.13902976765966782,0.04335299766771848,25,10,2026-03-21,482,1000000064
2026-04-10,1000000144,경기 미숫가루 쫀드기,0.025277334957119712,0.10316191704648271,0,0.07990954844235489,0.04211826039237207,61,21,2026-03-13,432,1000000064
2026-04-10,1000000153,유밀상,0.009790582302091386,0.12636645557650814,0.08080720369363711,0.05454545454545454,0.019618603374948553,55,29,2026-03-19,52,1000000156
2026-04-10,1000000154,화연상,0.006636300724991302,0.12021728092772939,0.009263163398726099,0.10526315789473684,0.00425298394841542,38,15,2026-03-15,46,1000000153
2026-04-10,1000000156,기원상,0.013336086701723206,0.17442611851871578,0.07182953203735426,0.14285714285714285,0.01673754973247359,70,55,2026-03-18,46,1000000153
2026-04-11,1000000027,마스코바도 설기,0.0029194567797416137,0.12878562715502445,0.04532439040460726,0.125,0.03992317190286734,16,6,2026-03-09,534,1000000042
2026-04-11,1000000028,마스코바도 딸기설기,0.0027455681244591985,0.06628509125541397,0.034197176427366124,0.1797062474035668,0.02407737686925504,15,1,2026-02-15,414,1000000071
2026-04-11,1000000033,가래떡,0.01165590072111223,0.14015395695961091,0.08672404433223128,0.06382978723404255,0.06605844423103306,47,23,2026-03-02,560,1000000035
2026-04-11,1000000035,떡국떡 500g,0.03617574420305694,0.20105782869829117,0.14315679350650012,0.20440879250992935,0.1485114556180546,77,42,2026-03-12,742,1000000064
2026-04-11,1000000042,약식,0.08822177330766749,0.3091623761201867,0.4568692445660739,0.15400866514135225,0.4242008505967897,192,83,2026-03-21,908,1000000064
2026-04-11,1000000043,모듬영양찰떡,0.08873759299237645,0.27158654303954016,0.3826792034047283,0.344149975986022,0.4827136781451502,197,96,2026-03-20,942,1000000064
2026-04-11,1000000044,고구마찰떡,0.06038254137010408,0.22868367201111894,0.25538401458497834,0.3644419153954976,0.36657977774729045,140,83,2026-03-22,780,1000000064
2026-04-11,1000000045,완두시루떡,0.2317877663620364,0.28528325195006143,0.43825143090800983,0.552736300653244,0.6277953079983537,309,157,2026-03-22,994,1000000064
2026-04-11,1000000062,흰이티,0.11238591448064224,0.14157228516914164,0.2435805289331956,0.11809790626075406,0.33879818905199616,239,125,2026-03-22,942,1000000063
2026-04-11,1000000063,쑥이티,0.16512085414720987,0.24306256689770284,0.17507997912567663,0.2735345616576245,0.40519961585951436,298,153,2026-03-22,1000,1000000062
2026-04-11,1000000064,2색 이티,1,0.26623867069486407,1,0.18348439073514605,1,1655,1080,2026-03-22,1018,1000000045
2026-04-11,1000000065,흰인절미,0.01589288568142127,0.15145358784159726,0.04410418620556576,0.43977634395486026,0.1164768829743449,50,14,2026-03-12,664,1000000064
2026-04-11,1000000066,쑥인절미,0.02893841731765171,0.1758683844675379,0.00965466231887633,0.3324563830823384,0.16970777884483468,85,43,2026-03-20,688,1000000064
2026-04-11,1000000069,설기세트,0.0415353397503532,0.13384358233579163,0.03358592199640885,0.2461806745184817,0.19049252297983263,102,44,2026-03-21,736,1000000064
2026-04-11,1000000070,마스코바도 쑥설기,0.0042907014478428575,0.10740058658318012,0.013483030651741505,0.14558746181275528,0.0401289614487584,23,13,2026-03-20,466,1000000043
2026-04-11,1000000071,마스코바도 호박설기,0.008604471340280239,0.12435091991665169,0.03224380960877014,0.3371291606629224,0.06935107696529016,36,10,2026-03-20,578,1000000064
2026-04-11,1000000072,마스코바도 흑임자설기,0.0013154251332293829,0.07038184285127713,0.005745622294723392,0,0.0197557964055426,13,4,2026-03-17,312,1000000044
2026-04-11,1000000074,경기 콩약과(10ea),0,0,0,0,0.004390176979009466,2,0,,120,1000000064
2026-04-11,1000000083,백설기,0.034535527376198,0.22416324035369617,0.06490319781884248,0.4051543010837176,0.1275895184524626,78,9,2026-03-07,836,1000000064
2026-04-11,1000000084,십리향 1단 (1호 2호 3호),0.08130374832029183,0.13389613644332682,0.21203845356787443,0.04270674155839444,0.09034161064617917,147,61,2026-03-22,642,1000000085
2026-04-11,1000000085,십리향 2단 (1호 2호 3호),0.18163101406503263,0.28327785415826096,0.22342120284996816,0.18904559703142745,0.12271916586637399,318,130,2026-03-22,802,1000000064
2026-04-11,1000000086,십리향 3단,0.11278102523254357,0.6222744544662335,0.22113988261396106,0.2985807415855819,0.06660721635340924,200,88,2026-03-22,638,1000000064
2026-04-11,1000000087,백리향 1단 (1호 2호 3호),0.25509509501077604,0.2726462318754542,0.3971097734431011,0.33929308855612084,0.1365070654410756,454,225,2026-03-22,924,1000000064
2026-04-11,1000000088,백리향 2단 (1호 2호),0.2304146808572067,0.34363006510777433,0.38898606496256866,0.11267605633802817,0.10769652901632597,355,156,2026-03-21,716,1000000064
2026-04-11,1000000089,백리향 3단,0.026507908203390343,0.4487513713825105,0.06892607686045897,0.18249222436222096,0.019412813829057483,50,17,2026-03-19,352,1000000088
2026-04-11,1000000090,일리향 1단 (1호 2호 3호),0.06503843559009828,0.11410228538972894,0.1378374015648955,0.023622047244094488,0.11071477568939497,127,62,2026-03-20,660,1000000091
2026-04-11,1000000091,일리향 2단 (1호 2호 3호),0.19463840526029813,0.24819456650878835,0.1995775787293619,0.14548822637392042,0.12148442859102758,182,85,2026-03-20,630,1000000064
2026-04-11,1000000092,일리향 3단,0.0836350833642636,0.20539848095128546,0.13809678527030456,0.08249749687590727,0.0706544107559336,154,84,2026-03-21,546,1000000064
2026-04-11,1000000093,매화 2송이 1호,0.6459147302713478,0.29377555807302447,0.3481082768681203,0.11200193151534062,0.1368500480175607,707,387,2026-03-20,734,1000000064
2026-04-11,1000000094,매화 3송이 1호,0.17373771198823332,0.25524873353294064,0.2311121218958778,0.1419502928365528,0.05631773905885581,188,102,2026-03-22,702,1000000064
2026-04-11,1000000095,매화 5송이 1호,0.0022001098627103598,0.041612437161596606,0.0030758873517848064,0,0.0020578954589106874,7,3,2026-03-12,48,1000000144
2026-04-11,1000000108,매화 2송이 2호,0.24182072518308198,0.2848552781384415,0.23590998541037833,0.22882201766511845,0.06050212649197421,249,141,2026-03-22,534,1000000093
2026-04-11,1000000110,매화 3송이 2호,0.053567351901352714,0.17281205510535405,0.055781558389996634,0.09859154929577464,0.03669913568390726,71,28,2026-03-21,572,1000000111
2026-04-11,1000000111,매화 3송이 3호,0.32952592588657414,0.2942240557170133,0.311755505801762,0.10029498525073746,0.08759775003429826,339,184,2026-03-22,638,1000000064
2026-04-11,1000000112,매화 5송이 2호,0.0808927065423044,0.1760005456546949,0.12704858889130408,0.1789338880822731,0.04314720812182741,93,50,2026-03-21,668,1000000113
2026-04-11,1000000113,매화 5송이 3호,0.08853460886888566,0.20591320359352558,0.07288455002448088,0.1345299596811034,0.0434215941830155,102,67,2026-03-19,598,1000000064
2026-04-11,1000000121,깨송편 1kg,0.06881795348772132,0.19957777635979482,0.1748929162109857,0.23298857447632343,0.18459322266428865,184,34,2026-03-07,768,1000000064
2026-04-11,1000000127,흑임자이티,0.11211327080789912,0.16352803004243863,0.08468932510319198,0.21194170488654415,0.42564137741802716,249,137,2026-03-22,826,1000000064
2026-04-11,1000000128,흑임자인절미,0.02032015076078018,0.132700085702148,0.03587907074140447,0.07994770595388671,0.12121004252983948,61,26,2026-03-22,802,1000000064
2026-04-11,1000000142,경기 미숫가루,0.011527340849529204,0.14265346655632616,0.014871125625365307,0,0.061119495129647414,37,15,2026-03-20,628,1000000064
2026-04-11,1000000143,"경기참기름, 경기들기름",0.009089309055460001,0.1282648975776834,0.015422455905254843,0.13909615559535446,0.04335299766771848,25,10,2026-03-21,482,1000000064
2026-04-11,1000000144,경기 미숫가루 쫀드기,0.025356830332818315,0.10321117776833733,0,0.07994770595388671,0.04211826039237207,61,21,2026-03-13,432,1000000064
2026-04-11,1000000153,유밀상,0.009822985349613627,0.12642679666940487,0.08089269990272618,0.05454545454545454,0.019618603374948553,55,29,2026-03-19,52,1000000156
2026-04-11,1000000154,화연상,0.006658025558852232,0.12027468573569965,0.009300900661315581,0.10526315789473684,0.00425298394841542,38,15,2026-03-15,46,1000000153
2026-04-11,1000000156,기원상,0.013380298449576822,0.17450940852295893,0.07191977132164484,0.14285714285714285,0.01673754973247359,70,55,2026-03-18,46,1000000153
2026-04-12,1000000027,마스코바도 설기,0.002920243491987909,0.13461103781668202,0.04531778300945136,0.125,0.03992317190286734,16,6,2026-03-09,534,1000000042
2026-04-12,1000000028,마스코바도 딸기설기,0.002746368225600227,0.06928339072281824,0.0341936034866143,0.1796890660753364,0.02407737686925504,15,1,2026-02-15,414,1000000071
2026-04-12,1000000033,가래떡,0.011657528281005863,0.14649359573128237,0.08683265284244497,0.06382978723404255,0.06605844423103306,47,23,2026-03-02,560,1000000035
2026-04-12,1000000035,떡국떡 500g,0.03618858660783236,0.2101523561295151,0.15327960177643254,0.2043892494244327,0.1485114556180546,77,42,2026-03-12,742,1000000064
2026-04-12,1000000042,약식,0.08788577490625034,0.31641461303263296,0.4552289629971192,0.15399394070375286,0.4242008505967897,192,83,2026-03-21,908,1000000064
2026-04-12,1000000043,모듬영양찰떡,0.08920743601055428,0.2827772431807037,0.38223340097718317,0.342790796689154,0.4827136781451502,198,96,2026-03-20,942,1000000064
2026-04-12,1000000044,고구마찰떡,0.060493587488090875,0.22927649295254965,0.25560419736544765,0.36248677079295777,0.36657977774729045,141,83,2026-03-22,780,1000000064
2026-04-12,1000000045,완두시루떡,0.23091945744863382,0.2942762646672274,0.4377902231101373,0.554091606212588,0.6277953079983537,308,157,2026-03-22,994,1000000064
2026-04-12,1000000062,흰이티,0.1124105596036634,0.14797607973564866,0.24357232773337895,0.11808661517365997,0.33879818905199616,239,125,2026-03-22,942,1000000063
2026-04-12,1000000063,쑥이티,0.16477447547760352,0.24926358068877758,0.17490585416256527,0.2735084096058506,0.40519961585951436,298,153,2026-03-22,1000,1000000062
2026-04-12,1000000064,2색 이티,1,0.2781400966183574,1,0.18337359098228664,1,1656,1080,2026-03-22,1018,1000000045
2026-04-12,1000000065,흰인절미,0.015896962256273774,0.1583043472380375,0.04406325471781836,0.43973429788343754,0.1164768829743449,50,14,2026-03-12,664,1000000064
2026-04-12,1000000066,쑥인절미,0.02931961128631353,0.18231195069010983,0.009684208720948339,0.3296911126425455,0.16970777884483468,86,43,2026-03-20,688,1000000064
2026-04-12,1000000069,설기세트,0.04154609506640088,0.13989778146311202,0.03358499064241985,0.24615713771308964,0.19049252297983263,102,44,2026-03-21,736,1000000064
2026-04-12,1000000070,마스코바도 쑥설기,0.004291423344877531,0.11225867933755879,0.01347129247044253,0.1455735425083139,0.0401289614487584,23,13,2026-03-20,466,1000000043
2026-04-12,1000000071,마스코바도 호박설기,0.008606035881782513,0.12997573373067617,0.0322479713734681,0.3370969284681653,0.06935107696529016,36,10,2026-03-20,578,1000000064
2026-04-12,1000000072,마스코바도 흑임자설기,0.0013154512799421667,0.0735654522865086,0.005745748720287789,0,0.0197557964055426,13,4,2026-03-17,312,1000000044
2026-04-12,1000000074,경기 콩약과(10ea),0,0,0,0,0.004390176979009466,2,0,,120,1000000064
2026-04-12,1000000083,백설기,0.03399661238432268,0.23430290391053263,0.06488878437303575,0.33759630429285925,0.1275895184524626,78,9,2026-03-07,836,1000000064
2026-04-12,1000000084,십리향 1단 (1호 2호 3호),0.08196520659325025,0.13924719257585186,0.21234731221440717,0.042487388691111266,0.09034161064617917,148,61,2026-03-22,642,1000000085
2026-04-12,1000000085,십리향 2단 (1호 2호 3호),0.18168196391055397,0.2960914721704525,0.2234158087674558,0.18902752278804397,0.12271916586637399,318,130,2026-03-22,802,1000000064
2026-04-12,1000000086,십리향 3단,0.1129812605792454,0.6448727410322861,0.2213930711839095,0.29855219492235474,0.06660721635340924,200,88,2026-03-22,638,1000000064
2026-04-12,1000000087,백리향 1단 (1호 2호 3호),0.252998315950619,0.28548290072105836,0.41744104793055914,0.33986059609649805,0.1365070654410756,453,225,2026-03-22,924,1000000064
2026-04-12,1000000088,백리향 2단 (1호 2호),0.22899150189663986,0.35997610555438647,0.3581307222832746,0.11016949152542373,0.10769652901632597,354,156,2026-03-21,716,1000000064
2026-04-12,1000000089,백리향 3단,0.025137897304957486,0.44557223798504364,0.06844944065203909,0.1848973232454943,0.019412813829057483,49,17,2026-03-19,352,1000000088
2026-04-12,1000000090,일리향 1단 (1호 2호 3호),0.06549920184832542,0.11857711537405022,0.13818421919615714,0.0234375,0.11071477568939497,128,62,2026-03-20,660,1000000091
2026-04-12,1000000091,일리향 2단 (1호 2호 3호),0.1941551560292932,0.25942124844407416,0.19911174759886022,0.1454743165571661,0.12148442859102758,182,85,2026-03-20,630,1000000064
2026-04-12,1000000092,일리향 3단,0.082657391741439,0.2157379918821242,0.13782445983774883,0.08289252648532108,0.0706544107559336,153,84,2026-03-21,546,1000000064
2026-04-12,1000000093,매화 2송이 1호,0.6460179742845923,0.3070640228337152,0.34801778073186473,0.11199122325129524,0.1368500480175607,707,387,2026-03-20,734,1000000064
2026-04-12,1000000094,매화 3송이 1호,0.17215902857807905,0.2667944993652374,0.15581792099929848,0.10645254095551727,0.05631773905885581,188,102,2026-03-22,702,1000000064
2026-04-12,1000000108,매화 2송이 2호,0.24193607985148946,0.29774024838671015,0.23586572692792798,0.2288001404836145,0.06050212649197421,249,141,2026-03-22,534,1000000093
2026-04-12,1000000110,매화 3송이 2호,0.05348223697940763,0.18062893040823141,0.055743926921876054,0.09859154929577464,0.03669913568390726,71,28,2026-03-21,572,1000000111
2026-04-12,1000000111,매화 3송이 3호,0.3306128920006805,0.3068186715581826,0.31198121262625456,0.1,0.08759775003429826,340,184,2026-03-22,638,1000000064
2026-04-12,1000000112,매화 5송이 2호,0.08093413120095973,0.18396164719811667,0.08485067620379305,0.1789167805976581,0.04314720812182741,93,50,2026-03-21,668,1000000113
2026-04-12,1000000113,매화 5송이 3호,0.08936889052322146,0.21372013724927888,0.07306738794183514,0.13357508578079932,0.0434215941830155,103,67,2026-03-19,598,1000000064
2026-04-12,1000000121,깨송편 1kg,0.06882681017682303,0.2086053560045075,0.17484221232616246,0.23296629893927429,0.18459322266428865,184,34,2026-03-07,768,1000000064
2026-04-12,1000000127,흑임자이티,0.11106154472180595,0.17145865278771824,0.08456428086993567,0.21258314422879265,0.42564137741802716,248,137,2026-03-22,826,1000000064
2026-04-12,1000000128,흑임자인절미,0.020325101460516307,0.1387025605988353,0.03588024853574114,0.07994006232548143,0.12121004252983948,61,26,2026-03-22,802,1000000064
2026-04-12,1000000142,경기 미숫가루,0.011530831392450036,0.14910616662354179,0.014874627370437286,0,0.061119495129647414,37,15,2026-03-20,628,1000000064
2026-04-12,1000000143,"경기참기름, 경기들기름",0.00950520495870084,0.13116324788467196,0.01569332180093965,0.13607071634294202,0.04335299766771848,26,10,2026-03-21,482,1000000064
2026-04-12,1000000144,경기 미숫가루 쫀드기,0.025365426312218938,0.10787976935464967,0,0.07994006232548143,0.04211826039237207,61,21,2026-03-13,432,1000000064
2026-04-12,1000000153,유밀상,0.009821628085392237,0.1321455094287924,0.08089112145848326,0.05454545454545454,0.019618603374948553,55,29,2026-03-19,52,1000000156
2026-04-12,1000000154,화연상,0.006657803797570532,0.12571511765415322,0.009301037316943908,0.10526315789473684,0.00425298394841542,38,15,2026-03-15,46,1000000153
2026-04-12,1000000156,기원상,0.013378237176271634,0.1824030608770798,0.07190800427969729,0.14285714285714285,0.01673754973247359,70,55,2026-03-18,46,1000000153
2026-04-13,1000000027,마스코바도 설기,0.0029038643047908787,0.13725350596520766,0.045662923137240345,0.125,0.03992317190286734,16,6,2026-03-09,534,1000000042
2026-04-13,1000000028,마스코바도 딸기설기,0.0027309611683033084,0.07064345120653748,0.034402477175003485,0.17955210514994943,0.02407737686925504,15,1,2026-02-15,414,1000000071
2026-04-13,1000000033,가래떡,0.011592200128508994,0.14936932321218985,0.08723844513811584,0.06382978723404255,0.06605844423103306,47,23,2026-03-02,560,1000000035
2026-04-13,1000000035,떡국떡 500g,0.035985492036455714,0.21427773036640438,0.1543814787620902,0.20423346175547916,0.1485114556180546,77,42,2026-03-12,742,1000000064
2026-04-13,1000000042,약식,0.08739296365778919,0.3226259575867509,0.4609009871996738,0.15387656487736878,0.4242008505967897,192,83,2026-03-21,908,1000000064
2026-04-13,1000000043,모듬영양찰떡,0.08870725220380393,0.28832827280169593,0.38662316837620825,0.34252951788263497,0.4827136781451502,198,96,2026-03-20,942,1000000064
2026-04-13,1000000044,고구마찰떡,0.06057406851977928,0.2325532871040551,0.2553102254952958,0.36031404359949276,0.36657977774729045,142,83,2026-03-22,780,1000000064
2026-04-13,1000000045,완두시루떡,0.2302074959182891,0.299290479053052,0.44203503030094543,0.5281130939904384,0.6277953079983537,309,157,2026-03-22,994,1000000064
2026-04-13,1000000062,흰이티,0.11139931639775533,0.15137049290423418,0.24637896075239285,0.11837948804049082,0.33879818905199616,238,125,2026-03-22,942,1000000063
2026-04-13,1000000063,쑥이티,0.16364123583523618,0.24926909449739504,0.17587206997267482,0.27329993857475826,0.40519961585951436,298,153,2026-03-22,1000,1000000062
2026-04-13,1000000064,2색 이티,1,0.28365384615384615,1,0.1824919871794872,1,1664,1080,2026-03-22,1018,1000000045
2026-04-13,1000000065,흰인절미,0.015807807132865007,0.16141192446301467,0.04444533978640318,0.43939912770487327,0.1164768829743449,50,14,2026-03-12,664,1000000064
2026-04-13,1000000066,쑥인절미,0.029155244463592533,0.18589080670821934,0.009706203167429085,0.32943981855512205,0.16970777884483468,86,43,2026-03-20,688,1000000064
2026-04-13,1000000069,설기세트,0.041313087231112225,0.1426440304896526,0.033734238347886004,0.24596951411356763,0.19049252297983263,102,44,2026-03-21,736,1000000064
2026-04-13,1000000070,마스코바도 쑥설기,0.00426737045454409,0.11446236180934113,0.013526635922978831,0.14546258479937102,0.0401289614487584,23,13,2026-03-20,466,1000000043
2026-04-13,1000000071,마스코바도 호박설기,0.008557793502594717,0.13252720901855186,0.032750104499677725,0.33683998958881933,0.06935107696529016,36,10,2026-03-20,578,1000000064
2026-04-13,1000000072,마스코바도 흑임자설기,0.0013080857230110864,0.07500957133983406,0.005770728003359212,0,0.0197557964055426,13,4,2026-03-17,312,1000000044
2026-04-13,1000000074,경기 콩약과(10ea),0,0,0,0,0.004390176979009466,2,0,,120,1000000064
2026-04-13,1000000083,백설기,0.033805859932201414,0.23890236299451814,0.06523575758296689,0.33733898478392604,0.1275895184524626,78,9,2026-03-07,836,1000000064
2026-04-13,1000000084,십리향 1단 (1호 2호 3호),0.08152372407225685,0.14198067028407965,0.19637777626814806,0.04245500434965127,0.09034161064617917,148,61,2026-03-22,642,1000000085
2026-04-13,1000000085,십리향 2단 (1호 2호 3호),0.18119256915362408,0.30115931166095095,0.2252784204655064,0.18841762062890263,0.12271916586637399,319,130,2026-03-22,802,1000000064
2026-04-13,1000000086,십리향 3단,0.11307689896959075,0.6575760598713032,0.22307813358475348,0.2971907931878034,0.06660721635340924,201,88,2026-03-22,638,1000000064
2026-04-13,1000000087,백리향 1단 (1호 2호 3호),0.25212921985432696,0.29057319547050936,0.4015513452139451,0.33900206138226086,0.1365070654410756,454,225,2026-03-22,924,1000000064
2026-04-13,1000000088,백리향 2단 (1호 2호),0.22828853538363708,0.36622433910517743,0.36120510910603815,0.10985915492957747,0.10769652901632597,355,156,2026-03-21,716,1000000064
2026-04-13,1000000089,백리향 3단,0.02548329252876534,0.44836645684170745,0.056916264698386364,0.18233569244896106,0.019412813829057483,50,17,2026-03-19,352,1000000088
2026-04-13,1000000090,일리향 1단 (1호 2호 3호),0.0651494751677948,0.12090483125531913,0.1388984734620686,0.0234375,0.11071477568939497,128,62,2026-03-20,660,1000000091
2026-04-13,1000000091,일리향 2단 (1호 2호 3호),0.1930643599047456,0.2645137906098793,0.2004654149888674,0.14536343447930306,0.12148442859102758,182,85,2026-03-20,630,1000000064
2026-04-13,1000000092,일리향 3단,0.08219358515628651,0.21997301436781186,0.13844549720796595,0.08282934491627485,0.0706544107559336,153,84,2026-03-21,546,1000000064
2026-04-13,1000000093,매화 2송이 1호,0.6448761118347881,0.31201015934583237,0.35097209487686,0.11151925617243619,0.1368500480175607,710,387,2026-03-20,734,1000000064
2026-04-13,1000000094,매화 3송이 1호,0.16977366596877083,0.2731363126252373,0.15654679130175633,0.10680330173166332,0.05631773905885581,187,102,2026-03-22,702,1000000064
2026-04-13,1000000108,매화 2송이 2호,0.24057719719853177,0.30358500774416686,0.2377902390899179,0.2286257465727676,0.06050212649197421,249,141,2026-03-22,534,1000000093
2026-04-13,1000000110,매화 3송이 2호,0.05303864264456867,0.18417474806960346,0.05608781404461351,0.09859154929577464,0.03669913568390726,71,28,2026-03-21,572,1000000111
2026-04-13,1000000111,매화 3송이 3호,0.3287561598642283,0.3128416439690303,0.29323850363884063,0.1,0.08759775003429826,340,184,2026-03-22,638,1000000064
2026-04-13,1000000112,매화 5송이 2호,0.08104923329574712,0.18614752744219612,0.08551034875993019,0.17742186209334318,0.04314720812182741,94,50,2026-03-21,668,1000000113
2026-04-13,1000000113,매화 5송이 3호,0.08943050074704137,0.21640266852060036,0.07343295036584377,0.13254663446886772,0.0434215941830155,104,67,2026-03-19,598,1000000064
2026-04-13,1000000121,깨송편 1kg,0.06844114040932509,0.2127003620143747,0.17625630601919276,0.23278872953795451,0.18459322266428865,184,34,2026-03-07,768,1000000064
2026-04-13,1000000127,흑임자이티,0.11043895751559464,0.17482445425637402,0.08490120030200315,0.21242111108570177,0.42564137741802716,248,137,2026-03-22,826,1000000064
2026-04-13,1000000128,흑임자인절미,0.020211121924056268,0.14142534696499132,0.022894771021324683,0.07987913115615251,0.12121004252983948,61,26,2026-03-22,802,1000000064
2026-04-13,1000000142,경기 미숫가루,0.011466144237343703,0.152033179908946,0.014908744462429872,0,0.061119495129647414,37,15,2026-03-20,628,1000000064
2026-04-13,1000000143,"경기참기름, 경기들기름",0.009451837179352347,0.1337380345471478,0.015801387957788064,0.13596700178960028,0.04335299766771848,26,10,2026-03-21,482,1000000064
2026-04-13,1000000153,유밀상,0.009766693998636666,0.13473957827559696,0.08139519073201659,0.05454545454545454,0.019618603374948553,55,29,2026-03-19,52,1000000156
2026-04-13,1000000154,화연상,0.0066205382665616,0.12818295535585533,0.009368535589728678,0.10526315789473684,0.00425298394841542,38,15,2026-03-15,46,1000000153
2026-04-13,1000000156,기원상,0.013679492540126174,0.20029014430315084,0.07246017273867979,0.14285714285714285,0.01673754973247359,70,55,2026-03-18,46,1000000153
2026-04-14,1000000027,마스코바도 설기,0.002898394006589361,0.13997198414551673,0.04563121878609372,0.125,0.03992317190286734,16,6,2026-03-09,534,1000000042
2026-04-14,1000000028,마스코바도 딸기설기,0.0027257881313934623,0.07204263353952198,0.034407825890491066,0.17951800024145592,0.02407737686925504,15,1,2026-02-15,414,1000000071
2026-04-14,1000000033,가래떡,0.011571129705666846,0.15232777037974563,0.08709893542410352,0.06382978723404255,0.06605844423103306,47,23,2026-03-02,560,1000000035
2026-04-14,1000000035,떡국떡 500g,0.03591615282805741,0.21852177011191645,0.15437816720090977,0.204194668762667,0.1485114556180546,77,42,2026-03-12,742,1000000064
2026-04-14,1000000042,약식,0.08679805076690646,0.3303259601788529,0.4602754233859392,0.15445988612173453,0.4242008505967897,191,83,2026-03-21,908,1000000064
2026-04-14,1000000043,모듬영양찰떡,0.08854236644496839,0.29403897660387274,0.38650909059736877,0.34246445633488,0.4827136781451502,198,96,2026-03-20,942,1000000064
2026-04-14,1000000044,고구마찰떡,0.06046091420108204,0.23715929721873863,0.2551588508008249,0.360245603981502,0.36657977774729045,142,83,2026-03-22,780,1000000064
2026-04-14,1000000045,완두시루떡,0.23128975312162864,0.3029112144842546,0.4430701488100352,0.5240216310327779,0.6277953079983537,312,157,2026-03-22,994,1000000064
2026-04-14,1000000062,흰이티,0.11186720335472729,0.15978734479691306,0.2651733364397053,0.11797419550486199,0.33879818905199616,239,125,2026-03-22,942,1000000063
2026-04-14,1000000063,쑥이티,0.16375868172194993,0.25919061713006486,0.17581136295278318,0.2732480267946731,0.40519961585951436,298,153,2026-03-22,1000,1000000062
2026-04-14,1000000064,2색 이티,1,0.29020408163265304,1,0.18227290916366545,1,1666,1080,2026-03-22,1018,1000000045
2026-04-14,1000000065,흰인절미,0.015778135812494005,0.1646088904829984,0.04441219857190325,0.43931566632172775,0.1164768829743449,50,14,2026-03-12,664,1000000064
2026-04-14,1000000066,쑥인절미,0.029497138894327056,0.2005649401626626,0.009738355444141372,0.32669636392917367,0.16970777884483468,87,43,2026-03-20,688,1000000064
2026-04-14,1000000069,설기세트,0.040890468063657405,0.14650423993965167,0.033640794724091774,0.24767245188390086,0.19049252297983263,101,44,2026-03-21,736,1000000064
2026-04-14,1000000070,마스코바도 쑥설기,0.00425955094530585,0.1167294327366529,0.013526831647177925,0.14543495500277426,0.0401289614487584,23,13,2026-03-20,466,1000000043
2026-04-14,1000000071,마스코바도 호박설기,0.008542055246860423,0.13515207694801315,0.03277198218730692,0.3367760087348367,0.06935107696529016,36,10,2026-03-20,578,1000000064
2026-04-14,1000000072,마스코바도 흑임자설기,0.0013057864781842968,0.07649523016922209,0.005752008123091397,0,0.0197557964055426,13,4,2026-03-17,312,1000000044
2026-04-14,1000000074,경기 콩약과(10ea),0,0,0,0,0.004390176979009466,2,0,,120,1000000064
2026-04-14,1000000083,백설기,0.033741241823014044,0.2436341245364747,0.06517758121508216,0.33727490914862374,0.1275895184524626,78,9,2026-03-07,836,1000000064
2026-04-14,1000000084,십리향 1단 (1호 2호 3호),0.0813670912181502,0.14479277589463335,0.19627522080747675,0.0424469402613064,0.09034161064617917,148,61,2026-03-22,642,1000000085
2026-04-14,1000000085,십리향 2단 (1호 2호 3호),0.1821927334616659,0.30956106269154887,0.2268259036413312,0.18699965165561971,0.12271916586637399,322,130,2026-03-22,802,1000000064
2026-04-14,1000000086,십리향 3단,0.11286092708521062,0.6652716445650412,0.22271347736200478,0.29713434347478934,0.06660721635340924,201,88,2026-03-22,638,1000000064
2026-04-14,1000000087,백리향 1단 (1호 2호 3호),0.25262726261269,0.2988440238719769,0.4029141755724459,0.33774583307971245,0.1365070654410756,456,225,2026-03-22,924,1000000064
2026-04-14,1000000088,백리향 2단 (1호 2호),0.22785237626261834,0.3734778723971277,0.3603315942137371,0.10985915492957747,0.10769652901632597,355,156,2026-03-21,716,1000000064
2026-04-14,1000000089,백리향 3단,0.02597889401638057,0.4513536921442444,0.05728993674254401,0.17995147203136544,0.019412813829057483,51,17,2026-03-19,352,1000000088
2026-04-14,1000000090,일리향 1단 (1호 2호 3호),0.0653813792696875,0.1225948747169272,0.13910443757220856,0.023255813953488372,0.11071477568939497,129,62,2026-03-20,660,1000000091
2026-04-14,1000000091,일리향 2단 (1호 2호 3호),0.19326747289287283,0.26975281866316686,0.20025540118922266,0.1453358235157497,0.12148442859102758,182,85,2026-03-20,630,1000000064
2026-04-14,1000000092,일리향 3단,0.08203621143731472,0.22432985637057495,0.1383871382382378,0.08281361194992178,0.0706544107559336,153,84,2026-03-21,546,1000000064
2026-04-14,1000000093,매화 2송이 1호,0.6441617003131089,0.31818991267345526,0.35083620766836515,0.11149807371944379,0.1368500480175607,710,387,2026-03-20,734,1000000064
2026-04-14,1000000094,매화 3송이 1호,0.17003917318185138,0.27741971268446874,0.1566771523127404,0.10635119704469957,0.05631773905885581,188,102,2026-03-22,702,1000000064
2026-04-14,1000000108,매화 2송이 2호,0.23859846423040065,0.31153795396935985,0.23717368248154885,0.23001470820783043,0.06050212649197421,247,141,2026-03-22,534,1000000093
2026-04-14,1000000110,매화 3송이 2호,0.05406135032156541,0.18601777526382698,0.05627483264446905,0.09722222222222222,0.03669913568390726,72,28,2026-03-21,572,1000000111
2026-04-14,1000000111,매화 3송이 3호,0.3281052755312803,0.319037865894592,0.29288576718330456,0.1,0.08759775003429826,340,184,2026-03-22,638,1000000064
2026-04-14,1000000112,매화 5송이 2호,0.0817303107899036,0.1884054002065275,0.08554884763893154,0.17605284026651621,0.04314720812182741,95,50,2026-03-21,668,1000000113
2026-04-14,1000000113,매화 5송이 3호,0.08925144630801836,0.22068879533679284,0.07341541393377185,0.13252145798410356,0.0434215941830155,104,67,2026-03-19,598,1000000064
2026-04-14,1000000121,깨송편 1kg,0.06831710840999465,0.21691315999730196,0.17632549719261426,0.23274451263327062,0.18459322266428865,184,34,2026-03-07,768,1000000064
2026-04-14,1000000127,흑임자이티,0.11042068967132036,0.1782870722852415,0.08490200594374946,0.2123807628951327,0.42564137741802716,248,137,2026-03-22,826,1000000064
2026-04-14,1000000128,흑임자인절미,0.0201733179032635,0.14422645369930254,0.02289723803477392,0.07986395856624416,0.12121004252983948,61,26,2026-03-22,802,1000000064
2026-04-14,1000000142,경기 미숫가루,0.011444352252741563,0.15504438810620863,0.014907350893452727,0,0.061119495129647414,37,15,2026-03-20,628,1000000064
2026-04-14,1000000143,"경기참기름, 경기들기름",0.009433308450255098,0.13638688439791957,0.01580035752359896,0.13594117562537736,0.04335299766771848,26,10,2026-03-21,482,1000000064
2026-04-14,1000000153,유밀상,0.009750315133076613,0.1374082649586104,0.08137293413961402,0.05454545454545454,0.019618603374948553,55,29,2026-03-19,52,1000000156
2026-04-14,1000000154,화연상,0.0066090837993777254,0.1307217798818442,0.00939739343452287,0.10526315789473684,0.00425298394841542,38,15,2026-03-15,46,1000000153
2026-04-14,1000000156,기원상,0.013656494285057181,0.20425714232764647,0.07244632649772026,0.14285714285714285,0.01673754973247359,70,55,2026-03-18,46,1000000153
2026-04-15,1000000027,마스코바도 설기,0.002383110063879648,0.1213501110261308,0.03988755957111998,0.125,0.03992317190286734,16,6,2026-03-09,534,1000000042
2026-04-15,1000000028,마스코바도 딸기설기,0.002221352943166695,0.06200834614633972,0.029878442167096845,0.15639493361692852,0.02407737686925504,15,1,2026-02-15,414,1000000071
2026-04-15,1000000033,가래떡,0.010611497896201168,0.141892082340233,0.08178881895995121,0.06382978723404255,0.06605844423103306,47,23,2026-03-02,560,1000000035
2026-04-15,1000000035,떡국떡 500g,0.03401567502978063,0.20706288636117082,0.147664787967704,0.19584210259309073,0.1485114556180546,77,42,2026-03-12,742,1000000064
2026-04-15,1000000042,약식,0.08351105563985707,0.32207825642234716,0.4472968195408402,0.15209633617982143,0.4242008505967897,189,83,2026-03-21,908,1000000064
2026-04-15,1000000043,모듬영양찰떡,0.08640555921929984,0.2835781298984107,0.3774220411897739,0.3326647666369255,0.4827136781451502,199,96,2026-03-20,942,1000000064
2026-04-15,1000000044,고구마찰떡,0.058654292822823306,0.2269830281664695,0.2600527073437727,0.34773307524763486,0.36657977774729045,143,83,2026-03-22,780,1000000064
2026-04-15,1000000045,완두시루떡,0.22595636571909433,0.2920951559850533,0.43511388917568866,0.5180738676517332,0.6277953079983537,310,157,2026-03-22,994,1000000064
2026-04-15,1000000062,흰이티,0.10911510311041397,0.15516944483674266,0.259507360650026,0.11595913337857576,0.33879818905199616,239,125,2026-03-22,942,1000000063
2026-04-15,1000000063,쑥이티,0.15956643044428695,0.253855513397818,0.17237874966617273,0.27088095329626266,0.40519961585951436,296,153,2026-03-22,1000,1000000062
2026-04-15,1000000064,2색 이티,1,0.2878893930453537,1,0.1825980392156863,1,1666,1080,2026-03-22,1018,1000000045
2026-04-15,1000000065,흰인절미,0.014305218709502509,0.15562847933474258,0.0412002258623171,0.4186878222191893,0.1164768829743449,49,14,2026-03-12,664,1000000064
2026-04-15,1000000066,쑥인절미,0.028654653077628423,0.1877746393049786,0.009402160439105788,0.3078384225379943,0.16970777884483468,89,43,2026-03-20,688,1000000064
2026-04-15,1000000069,설기세트,0.039563043906865214,0.13889073197645393,0.0324774348575216,0.2371292449202858,0.19049252297983263,102,44,2026-03-21,736,1000000064
2026-04-15,1000000070,마스코바도 쑥설기,0.0036601034209708993,0.10453646707827743,0.01220151063936255,0.13182881696821785,0.0401289614487584,23,13,2026-03-20,466,1000000043
2026-04-15,1000000071,마스코바도 호박설기,0.00802432633269281,0.12247212983827517,0.030776342722267095,0.3088942345080032,0.06935107696529016,37,10,2026-03-20,578,1000000064
2026-04-15,1000000072,마스코바도 흑임자설기,0.0009821699486807331,0.06465639785552237,0.004934614339569688,0,0.0197557964055426,13,4,2026-03-17,312,1000000044
2026-04-15,1000000074,경기 콩약과(10ea),0,0,0,0,0.004390176979009466,3,0,,120,1000000064
2026-04-15,1000000083,백설기,0.031947880013895404,0.2309454747440643,0.062238293346415965,0.3236007232754677,0.1275895184524626,78,9,2026-03-07,836,1000000064
2026-04-15,1000000084,십리향 1단 (1호 2호 3호),0.07833787319916585,0.14832991264092904,0.1901381168943485,0.04156796496418492,0.09034161064617917,147,61,2026-03-22,642,1000000085
2026-04-15,1000000085,십리향 2단 (1호 2호 3호),0.1797705385291385,0.3050665842564929,0.22381790607190097,0.16077569818408605,0.12271916586637399,324,130,2026-03-22,802,1000000064
2026-04-15,1000000086,십리향 3단,0.10859557083389447,0.6484926226359005,0.2154504179575568,0.2794384039750174,0.06660721635340924,199,88,2026-03-22,638,1000000064
2026-04-15,1000000087,백리향 1단 (1호 2호 3호),0.2492900855229441,0.288834357900877,0.39745485567839844,0.315969958486497,0.1365070654410756,457,225,2026-03-22,924,1000000064
2026-04-15,1000000088,백리향 2단 (1호 2호),0.22402293289998165,0.3647879443514347,0.355230883856314,0.10985915492957747,0.10769652901632597,355,156,2026-03-21,716,1000000064
2026-04-15,1000000089,백리향 3단,0.024218857363453156,0.42315460070882277,0.054022714203302354,0.1702147129623888,0.019412813829057483,51,17,2026-03-19,352,1000000088
2026-04-15,1000000090,일리향 1단 (1호 2호 3호),0.05941025520859882,0.10985730616477508,0.12065071064838155,0.023622047244094488,0.11071477568939497,127,62,2026-03-20,660,1000000091
2026-04-15,1000000091,일리향 2단 (1호 2호 3호),0.18651799247353665,0.26180763299251303,0.19504221422309584,0.14277201830876513,0.12148442859102758,181,85,2026-03-20,630,1000000064
2026-04-15,1000000092,일리향 3단,0.07859067549493239,0.21820066034905042,0.13403834413388352,0.08153138494286051,0.0706544107559336,151,84,2026-03-21,546,1000000064
2026-04-15,1000000093,매화 2송이 1호,0.6403358581838622,0.31015341319701634,0.3473346789449318,0.11087097860767596,0.1368500480175607,712,387,2026-03-20,734,1000000064
2026-04-15,1000000094,매화 3송이 1호,0.16330323120911786,0.27044750638167625,0.15235009019842907,0.10494026502027044,0.05631773905885581,186,102,2026-03-22,702,1000000064
2026-04-15,1000000108,매화 2송이 2호,0.23074495645549203,0.29800252984736747,0.23175149069405052,0.2269010971494631,0.06050212649197421,246,141,2026-03-22,534,1000000093
2026-04-15,1000000110,매화 3송이 2호,0.0518961745787624,0.17431213037549637,0.054045170857394104,0.0958904109589041,0.03669913568390726,73,28,2026-03-21,572,1000000111
2026-04-15,1000000111,매화 3송이 3호,0.32285588519888264,0.3114329857505532,0.2883785296642318,0.1,0.08759775003429826,340,184,2026-03-22,638,1000000064
2026-04-15,1000000112,매화 5송이 2호,0.07446309986276156,0.17082007383210895,0.06875733397041336,0.17233418252674035,0.04314720812182741,93,50,2026-03-21,668,1000000113
2026-04-15,1000000113,매화 5송이 3호,0.085649622743859,0.21080954414298414,0.0707017104283752,0.12760686602122429,0.0434215941830155,104,67,2026-03-19,598,1000000064
2026-04-15,1000000121,깨송편 1kg,0.06621741073762628,0.20970967027447518,0.1714979711675607,0.22567305295496287,0.18459322266428865,184,34,2026-03-07,768,1000000064
2026-04-15,1000000127,흑임자이티,0.10777225098205781,0.1732358732046239,0.08317347563066832,0.20859811658065197,0.42564137741802716,248,137,2026-03-22,826,1000000064
2026-04-15,1000000128,흑임자인절미,0.019250614707928715,0.13425126725536896,0.02183880725230219,0.07524513261432,0.12121004252983948,62,26,2026-03-22,802,1000000064
2026-04-15,1000000142,경기 미숫가루,0.010402257814928342,0.1428841514779877,0.013849033499370514,0,0.061119495129647414,37,15,2026-03-20,628,1000000064
2026-04-15,1000000143,"경기참기름, 경기들기름",0.008394409003102852,0.12319183978007998,0.014326939914318881,0.12428378308354665,0.04335299766771848,26,10,2026-03-21,482,1000000064
2026-04-15,1000000153,유밀상,0.008940559354122362,0.12877515376850082,0.07683202469328133,0.05454545454545454,0.019618603374948553,55,29,2026-03-19,52,1000000156
2026-04-15,1000000154,화연상,0.005913038319024134,0.12062508040489904,0.008715879961546867,0.10526315789473684,0.00425298394841542,38,15,2026-03-15,46,1000000153
2026-04-15,1000000156,기원상,0.012928493421821135,0.19119623981577225,0.06933828485728478,0.14084507042253522,0.01673754973247359,71,55,2026-03-18,46,1000000153
2026-04-16,1000000027,마스코바도 설기,0.002382582261594083,0.1146918369766749,0.03997379407990231,0.125,0.03992317190286734,16,6,2026-03-09,534,1000000042
2026-04-16,1000000028,마스코바도 딸기설기,0.002220813351325347,0.05860605373387586,0.029968490032683315,0.15641049199128088,0.02407737686925504,15,1,2026-02-15,414,1000000071
2026-04-16,1000000033,가래떡,0.01061052248797964,0.13410670528799618,0.0819765039658436,0.06382978723404255,0.06605844423103306,47,23,2026-03-02,560,1000000035
2026-04-16,1000000035,떡국떡 500g,0.03400553793692774,0.19570169821551564,0.14854500698909087,0.19586158522386166,0.1485114556180546,77,42,2026-03-12,742,1000000064
2026-04-16,1000000042,약식,0.08392722128379651,0.30321594866167834,0.4499038258271618,0.15151661459105797,0.4242008505967897,190,83,2026-03-21,908,1000000064
2026-04-16,1000000043,모듬영양찰떡,0.08557973885889683,0.27004412802472116,0.3781031224733181,0.33521209589125345,0.4827136781451502,197,96,2026-03-20,942,1000000064
2026-04-16,1000000044,고구마찰떡,0.05934177411710721,0.22135606388146356,0.2615486969762347,0.34601955519596983,0.36657977774729045,144,83,2026-03-22,780,1000000064
2026-04-16,1000000045,완두시루떡,0.2160058766441813,0.2736592347716338,0.43583067722026103,0.5220236340281068,0.6277953079983537,307,157,2026-03-22,994,1000000064
2026-04-16,1000000062,흰이티,0.10909659966583113,0.14665556150290304,0.26051176835098355,0.11597066914616717,0.33879818905199616,239,125,2026-03-22,942,1000000063
2026-04-16,1000000063,쑥이티,0.15953127090625238,0.23992689344950965,0.15458701664818353,0.27090790089091193,0.40519961585951436,296,153,2026-03-22,1000,1000000062
2026-04-16,1000000064,2색 이티,1,0.274527027027027,1,0.18025525525525526,1,1665,1080,2026-03-22,1018,1000000045
2026-04-16,1000000065,흰인절미,0.014302228924289848,0.14708940955929206,0.041300944622766685,0.4187294738361837,0.1164768829743449,49,14,2026-03-12,664,1000000064
2026-04-16,1000000066,쑥인절미,0.028650545706756535,0.17747176444595966,0.009417491196377316,0.30786904671044757,0.16970777884483468,89,43,2026-03-20,688,1000000064
2026-04-16,1000000069,설기세트,0.038165485077987255,0.1321715843527857,0.03243061449423588,0.16280562175179736,0.19049252297983263,101,44,2026-03-21,736,1000000064
2026-04-16,1000000070,마스코바도 쑥설기,0.0036596680148156613,0.09880072905477276,0.012211792629563076,0.13184193147287215,0.0401289614487584,23,13,2026-03-20,466,1000000043
2026-04-16,1000000071,마스코바도 호박설기,0.00802325940445786,0.11575229252631601,0.030918020047684906,0.3089249637140243,0.06935107696529016,37,10,2026-03-20,578,1000000064
2026-04-16,1000000072,마스코바도 흑임자설기,0.0009822080963824145,0.061108811352861336,0.004929842037189211,0,0.0197557964055426,13,4,2026-03-17,312,1000000044
2026-04-16,1000000074,경기 콩약과(10ea),0,0,0,0,0.004390176979009466,3,0,,120,1000000064
2026-04-16,1000000083,백설기,0.031939286721391395,0.2182738896229221,0.062318711792139346,0.3236329155023959,0.1275895184524626,78,9,2026-03-07,836,1000000064
2026-04-16,1000000084,십리향 1단 (1호 2호 3호),0.07908994910945713,0.13882368434189918,0.19131090959762553,0.04116654885471472,0.09034161064617917,149,61,2026-03-22,642,1000000085
2026-04-16,1000000085,십리향 2단 (1호 2호 3호),0.17891912558679887,0.28971171482145364,0.22438708465637186,0.16156329168497158,0.12271916586637399,322,130,2026-03-22,802,1000000064
2026-04-16,1000000086,십리향 3단,0.10807070657300757,0.6282207391259822,0.2158147690422531,0.28051775502208154,0.06660721635340924,198,88,2026-03-22,638,1000000064
2026-04-16,1000000087,백리향 1단 (1호 2호 3호),0.24913979669006805,0.2729865082900221,0.3989382803527893,0.3160013915948756,0.1365070654410756,457,225,2026-03-22,924,1000000064
2026-04-16,1000000088,백리향 2단 (1호 2호),0.22396327632471702,0.3447726507279578,0.3567616166550325,0.10985915492957747,0.10769652901632597,355,156,2026-03-21,716,1000000064
2026-04-16,1000000089,백리향 3단,0.024297726192771967,0.42523170384381437,0.06423812584115632,0.17023164614662503,0.019412813829057483,51,17,2026-03-19,352,1000000088
2026-04-16,1000000090,일리향 1단 (1호 2호 3호),0.059395011861444996,0.10382962275686666,0.12101155419970369,0.023622047244094488,0.11071477568939497,127,62,2026-03-20,660,1000000091
2026-04-16,1000000091,일리향 2단 (1호 2호 3호),0.18623553033812165,0.24075505340450912,0.19575552785495548,0.1427862214575278,0.12148442859102758,181,85,2026-03-20,630,1000000064
2026-04-16,1000000092,일리향 3단,0.07768666104452455,0.20052309960496545,0.13375624325320398,0.08233309770942944,0.0706544107559336,149,84,2026-03-21,546,1000000064
2026-04-16,1000000093,매화 2송이 1호,0.6404909045431092,0.2928038463379299,0.34829266738844245,0.11075643407872908,0.1368500480175607,713,387,2026-03-20,734,1000000064
2026-04-16,1000000094,매화 3송이 1호,0.16323569008189154,0.25560851201855267,0.1526613313772161,0.10495070461629866,0.05631773905885581,186,102,2026-03-22,702,1000000064
2026-04-16,1000000108,매화 2송이 2호,0.23064993853974086,0.2816516382463893,0.23275085829271902,0.22692366956999346,0.06050212649197421,246,141,2026-03-22,534,1000000093
2026-04-16,1000000110,매화 3송이 2호,0.051314843966081033,0.15207500350867484,0.0540697369435256,0.0821917808219178,0.03669913568390726,73,28,2026-03-21,572,1000000111
2026-04-16,1000000111,매화 3송이 3호,0.32122822395511874,0.29569509539286365,0.2887487203084002,0.10059171597633136,0.08759775003429826,338,184,2026-03-22,638,1000000064
2026-04-16,1000000112,매화 5송이 2호,0.07532576776493674,0.17094970425823242,0.0764974925777962,0.17108936904929306,0.04314720812182741,94,50,2026-03-21,668,1000000113
2026-04-16,1000000113,매화 5송이 3호,0.0856121052670197,0.19924278326179626,0.07079516384019867,0.12761956052062767,0.0434215941830155,104,67,2026-03-19,598,1000000064
2026-04-16,1000000121,깨송편 1kg,0.06621195723256602,0.19820325760042476,0.17198690180195716,0.22569550320803636,0.18459322266428865,184,34,2026-03-07,768,1000000064
2026-04-16,1000000127,흑임자이티,0.10735106740784087,0.16423345773531278,0.08323553543410371,0.2092594411934234,0.42564137741802716,247,137,2026-03-22,826,1000000064
2026-04-16,1000000128,흑임자인절미,0.01924693311065645,0.12688512872187796,0.02189359801456198,0.07525261809939507,0.12121004252983948,62,26,2026-03-22,802,1000000064
2026-04-16,1000000142,경기 미숫가루,0.010157772273966054,0.13715143487676382,0.01369976757676231,0,0.061119495129647414,36,15,2026-03-20,628,1000000064
2026-04-16,1000000143,"경기참기름, 경기들기름",0.008391353584315283,0.11643251320858795,0.014358812923121977,0.12429614699827472,0.04335299766771848,26,10,2026-03-21,482,1000000064
2026-04-16,1000000153,유밀상,0.008942160868564265,0.1217094802614789,0.07702365707483998,0.05454545454545454,0.019618603374948553,55,29,2026-03-19,52,1000000156
2026-04-16,1000000154,화연상,0.005913502457302412,0.11400658755160017,0.008762388336161185,0.10526315789473684,0.00425298394841542,38,15,2026-03-15,46,1000000153
2026-04-16,1000000156,기원상,0.012930705893851355,0.1807056275604215,0.06952640672257282,0.14084507042253522,0.01673754973247359,71,55,2026-03-18,46,1000000153
2026-04-17,1000000027,마스코바도 설기,0.002380756160940036,0.11991532440795433,0.0400132895700369,0.125,0.03992317190286734,16,6,2026-03-09,534,1000000042
2026-04-17,1000000028,마스코바도 딸기설기,0.00221914530718848,0.06127518863610996,0.02995223648579444,0.15318797159027492,0.02407737686925504,15,1,2026-02-15,414,1000000071
2026-04-17,1000000033,가래떡,0.010601445105850637,0.14021441711812932,0.06968195281810503,0.06382978723404255,0.06605844423103306,47,23,2026-03-02,560,1000000035
2026-04-17,1000000035,떡국떡 500g,0.03398127027834306,0.20461467221484814,0.14862877762108598,0.19182625520142013,0.1485114556180546,77,42,2026-03-12,742,1000000064
2026-04-17,1000000042,약식,0.08377120945419075,0.31702551644390736,0.4496647876168245,0.14839492259076514,0.4242008505967897,190,83,2026-03-21,908,1000000064
2026-04-17,1000000043,모듬영양찰떡,0.08551113915880094,0.2823429292804271,0.37807085604574564,0.32830573172142685,0.4827136781451502,197,96,2026-03-20,942,1000000064
2026-04-17,1000000044,고구마찰떡,0.060298719413308,0.23028127777611976,0.2616501439240635,0.3371975853150325,0.36657977774729045,145,83,2026-03-22,780,1000000064
2026-04-17,1000000045,완두시루떡,0.2168971888866139,0.2854065326738599,0.4362065126338081,0.5099887223188644,0.6277953079983537,308,157,2026-03-22,994,1000000064
2026-04-17,1000000062,흰이티,0.10957814399186157,0.15285096961675335,0.26054281086882475,0.11322294045685435,0.33879818905199616,240,125,2026-03-22,942,1000000063
2026-04-17,1000000063,쑥이티,0.16059487726998237,0.24955869445738535,0.1549763299624363,0.26395631144531145,0.40519961585951436,298,153,2026-03-22,1000,1000000062
2026-04-17,1000000064,2색 이티,1,0.2855428914217157,1,0.17636472705458908,1,1667,1080,2026-03-22,1018,1000000045
2026-04-17,1000000065,흰인절미,0.014030424817118579,0.15573658188020836,0.040943637440663545,0.41529755168055565,0.1164768829743449,48,14,2026-03-12,664,1000000064
2026-04-17,1000000066,쑥인절미,0.028627049125610402,0.1855544803168284,0.009417804845828746,0.3015260305148461,0.16970777884483468,89,43,2026-03-20,688,1000000064
2026-04-17,1000000069,설기세트,0.03813563956943603,0.13819116366931083,0.03240898927573603,0.15945134269535863,0.19049252297983263,101,44,2026-03-21,736,1000000064
2026-04-17,1000000070,마스코바도 쑥설기,0.0036566054834815194,0.1033004770754083,0.01219667339676972,0.12912559634426038,0.0401289614487584,23,13,2026-03-20,466,1000000043
2026-04-17,1000000071,마스코바도 호박설기,0.008016623546119293,0.12102407699756794,0.03089371431503171,0.30256019249391986,0.06935107696529016,37,10,2026-03-20,578,1000000064
2026-04-17,1000000072,마스코바도 흑임자설기,0.0009812800377686432,0.0638919310277778,0.004910729717670355,0,0.0197557964055426,13,4,2026-03-17,312,1000000044
2026-04-17,1000000074,경기 콩약과(10ea),0,0,0,0,0.004390176979009466,3,0,,120,1000000064
2026-04-17,1000000083,백설기,0.03191585565055855,0.22821488410933596,0.06230349880869009,0.31696511681852213,0.1275895184524626,78,9,2026-03-07,836,1000000064
2026-04-17,1000000084,십리향 1단 (1호 2호 3호),0.0790328455793274,0.145146224720002,0.19123347423709505,0.040318395755556104,0.09034161064617917,149,61,2026-03-22,642,1000000085
2026-04-17,1000000085,십리향 2단 (1호 2호 3호),0.17767167166531056,0.30290625020388057,0.2244456457854713,0.15823460831545996,0.12271916586637399,322,130,2026-03-22,802,1000000064
2026-04-17,1000000086,십리향 3단,0.10801751929632769,0.6449807643527031,0.21598066109267852,0.27473825662082696,0.06660721635340924,198,88,2026-03-22,638,1000000064
2026-04-17,1000000087,백리향 1단 (1호 2호 3호),0.24942949771632722,0.2854193163481211,0.39949567159748145,0.309490824955794,0.1365070654410756,457,225,2026-03-22,924,1000000064
2026-04-17,1000000088,백리향 2단 (1호 2호),0.22063468690530724,0.35520772261517614,0.34168511074391616,0.10541310541310542,0.10769652901632597,351,156,2026-03-21,716,1000000064
2026-04-17,1000000089,백리향 3단,0.023732599030289143,0.4219285417150013,0.06370923742366354,0.16877141668600054,0.019412813829057483,50,17,2026-03-19,352,1000000088
2026-04-17,1000000090,일리향 1단 (1호 2호 3호),0.059350931128711655,0.10855840506397434,0.12096645434400814,0.023622047244094488,0.11071477568939497,127,62,2026-03-20,660,1000000091
2026-04-17,1000000091,일리향 2단 (1호 2호 3호),0.18612198713834435,0.2517199226456498,0.1958413881202936,0.13984440146980545,0.12148442859102758,181,85,2026-03-20,630,1000000064
2026-04-17,1000000092,일리향 3단,0.07763022585924095,0.20965565792889174,0.13371072517055066,0.08063679151111221,0.0706544107559336,149,84,2026-03-21,546,1000000064
2026-04-17,1000000093,매화 2송이 1호,0.6414447038093866,0.3054475824160486,0.3482662431313854,0.10909090909090909,0.1368500480175607,715,387,2026-03-20,734,1000000064
2026-04-17,1000000094,매화 3송이 1호,0.16346522356178483,0.274102422882426,0.15262012569735148,0.10278840858090973,0.05631773905885581,186,102,2026-03-22,702,1000000064
2026-04-17,1000000108,매화 2송이 2호,0.23050339772696657,0.29447908814309354,0.2325997612973758,0.22224836840988194,0.06050212649197421,246,141,2026-03-22,534,1000000093
2026-04-17,1000000110,매화 3송이 2호,0.05128293166554521,0.15900105762358877,0.054009164373285366,0.0821917808219178,0.03669913568390726,73,28,2026-03-21,572,1000000111
2026-04-17,1000000111,매화 3송이 3호,0.3202776247885428,0.3098732018274298,0.2890361847038737,0.10089020771513353,0.08759775003429826,337,184,2026-03-22,638,1000000064
2026-04-17,1000000112,매화 5송이 2호,0.07617271941529935,0.17743859502390272,0.07703001113527494,0.16634868283490878,0.04314720812182741,95,50,2026-03-21,668,1000000113
2026-04-17,1000000113,매화 5송이 3호,0.0844370914932465,0.21115162047527974,0.07034684002881779,0.12669097228516785,0.0434215941830155,102,67,2026-03-19,598,1000000064
2026-04-17,1000000121,깨송편 1kg,0.0661548816374042,0.20723016180045964,0.17184866179304245,0.22104550592049024,0.18459322266428865,184,34,2026-03-07,768,1000000064
2026-04-17,1000000127,흑임자이티,0.10609358246610372,0.16720195283608846,0.08311922070602543,0.2062157418311758,0.42564137741802716,245,137,2026-03-22,826,1000000064
2026-04-17,1000000128,흑임자인절미,0.019231783652267194,0.1326639434358649,0.021882131802192863,0.07370219079770272,0.12121004252983948,62,26,2026-03-22,802,1000000064
2026-04-17,1000000142,경기 미숫가루,0.010150238920340983,0.14339781487333159,0.01371184284702374,0,0.061119495129647414,36,15,2026-03-20,628,1000000064
2026-04-17,1000000143,"경기참기름, 경기들기름",0.008385746418271991,0.12173527742764062,0.014351969129122333,0.12173527742764062,0.04335299766771848,26,10,2026-03-21,482,1000000064
2026-04-17,1000000153,유밀상,0.008932844741842067,0.1272525769383826,0.07697604718348774,0.05454545454545454,0.019618603374948553,55,29,2026-03-19,52,1000000156
2026-04-17,1000000154,화연상,0.005907750680878873,0.11919886620766487,0.008758074846250031,0.10526315789473684,0.00425298394841542,38,15,2026-03-15,46,1000000153
2026-04-17,1000000156,기원상,0.012917304950865334,0.1889356254330276,0.06946894416117412,0.14084507042253522,0.01673754973247359,71,55,2026-03-18,46,1000000153
2026-04-18,1000000027,마스코바도 설기,0.002602149189876151,0.11500782761547278,0.04417658936191286,0.11764705882352941,0.03992317190286734,17,6,2026-03-09,534,1000000042
2026-04-18,1000000028,마스코바도 딸기설기,0.00222072661125578,0.060067608117438574,0.03166773224298391,0.15323369417713925,0.02407737686925504,15,1,2026-02-15,414,1000000071
2026-04-18,1000000033,가래떡,0.010611362666699951,0.13745114209087086,0.07348420019729274,0.06382978723404255,0.06605844423103306,47,23,2026-03-02,560,1000000035
2026-04-18,1000000035,떡국떡 500g,0.034002723803650166,0.20058222943497608,0.1583334948440104,0.1918835103013164,0.1485114556180546,77,42,2026-03-12,742,1000000064
2026-04-18,1000000042,약식,0.08371760449847966,0.3107777374308895,0.4854866406150312,0.14843921457836667,0.4242008505967897,190,83,2026-03-21,908,1000000064
2026-04-18,1000000043,모듬영양찰떡,0.08558124412365992,0.2767786572059919,0.40486881395941593,0.3284037223611674,0.4827136781451502,197,96,2026-03-20,942,1000000064
2026-04-18,1000000044,고구마찰떡,0.06034633864753185,0.22574301047663212,0.27811114654548336,0.33729822993957426,0.36657977774729045,145,83,2026-03-22,780,1000000064
2026-04-18,1000000045,완두시루떡,0.21698329534344438,0.2797818846486167,0.4662685802079743,0.5101409405603751,0.6277953079983537,308,157,2026-03-22,994,1000000064
2026-04-18,1000000062,흰이티,0.10948485511930994,0.150312949522266,0.22518278983529166,0.11361523017556009,0.33879818905199616,239,125,2026-03-22,942,1000000063
2026-04-18,1000000063,쑥이티,0.1601876252684964,0.24527361149215196,0.1634350636044144,0.264718379750164,0.40519961585951436,297,153,2026-03-22,1000,1000000062
2026-04-18,1000000064,2색 이티,1,0.28151442307692304,1,0.17668269230769232,1,1664,1080,2026-03-22,1018,1000000045
2026-04-18,1000000065,흰인절미,0.014041021479702027,0.15266740385711236,0.04352691171972061,0.41542150709418335,0.1164768829743449,48,14,2026-03-12,664,1000000064
2026-04-18,1000000066,쑥인절미,0.029014059193868312,0.18051496128089686,0.009861877705884536,0.29932327763414024,0.16970777884483468,90,43,2026-03-20,688,1000000064
2026-04-18,1000000069,설기세트,0.038165304343330805,0.13546776190076454,0.034140744763748794,0.15949893473402418,0.19049252297983263,101,44,2026-03-21,736,1000000064
2026-04-18,1000000070,마스코바도 쑥설기,0.003659877245882678,0.10126468336408205,0.012836562375736413,0.1291641369439822,0.0401289614487584,23,13,2026-03-20,466,1000000043
2026-04-18,1000000071,마스코바도 호박설기,0.008023637265913586,0.11863899551637731,0.033592521059507705,0.30265049876626865,0.06935107696529016,37,10,2026-03-20,578,1000000064
2026-04-18,1000000074,경기 콩약과(10ea),0,0,0,0,0.004390176979009466,3,0,,120,1000000064
2026-04-18,1000000083,백설기,0.0315237574010326,0.22565500811434805,0.06539411845060358,0.319805850502194,0.1275895184524626,77,9,2026-03-07,836,1000000064
2026-04-18,1000000084,십리향 1단 (1호 2호 3호),0.07908415336069927,0.14228575611546665,0.2131080424893167,0.04033042973794406,0.09034161064617917,149,61,2026-03-22,642,1000000085
2026-04-18,1000000085,십리향 2단 (1호 2호 3호),0.17730594305752997,0.2976514402094702,0.2390426069702031,0.15866281461059184,0.12271916586637399,321,130,2026-03-22,802,1000000064
2026-04-18,1000000086,십리향 3단,0.10854651565563585,0.636366335238421,0.22992322689906328,0.27379006433121983,0.06660721635340924,199,88,2026-03-22,638,1000000064
2026-04-18,1000000087,백리향 1단 (1호 2호 3호),0.2485038201962452,0.27738213868511025,0.427261664204492,0.31065694974688807,0.1365070654410756,455,225,2026-03-22,924,1000000064
2026-04-18,1000000088,백리향 2단 (1호 2호),0.22078432138792561,0.34820746793690766,0.36750142251202605,0.10541310541310542,0.10769652901632597,351,156,2026-03-21,716,1000000064
2026-04-18,1000000089,백리향 3단,0.023261506705951566,0.41877115875706206,0.06669868755273502,0.17092700357431104,0.019412813829057483,49,17,2026-03-19,352,1000000088
2026-04-18,1000000090,일리향 1단 (1호 2호 3호),0.06018415133321831,0.10582468416780161,0.1278967674860864,0.0234375,0.11071477568939497,128,62,2026-03-20,660,1000000091
2026-04-18,1000000091,일리향 2단 (1호 2호 3호),0.18619799266191264,0.24675915334384432,0.2082623387548541,0.1398861413513857,0.12148442859102758,181,85,2026-03-20,630,1000000064
2026-04-18,1000000092,일리향 3단,0.07734203607961962,0.20653067239955608,0.1403555364370946,0.08105599387737682,0.0706544107559336,148,84,2026-03-21,546,1000000064
2026-04-18,1000000093,매화 2송이 1호,0.6443090477930735,0.29875331266377814,0.3700978312740257,0.1087866108786611,0.1368500480175607,717,387,2026-03-20,734,1000000064
2026-04-18,1000000094,매화 3송이 1호,0.16186108788756395,0.2562874214007564,0.161074674136616,0.10323070142350553,0.05631773905885581,185,102,2026-03-22,702,1000000064
2026-04-18,1000000108,매화 2송이 2호,0.22993695553342763,0.2895687172126886,0.24763866222510444,0.22300247763780415,0.06050212649197421,245,141,2026-03-22,534,1000000093
2026-04-18,1000000110,매화 3송이 2호,0.0513052170772004,0.155867544958705,0.05711309711631774,0.0821917808219178,0.03669913568390726,73,28,2026-03-21,572,1000000111
2026-04-18,1000000111,매화 3송이 3호,0.3208852359596403,0.30306932442442236,0.30687895167109863,0.09763313609467456,0.08759775003429826,338,184,2026-03-22,638,1000000064
2026-04-18,1000000112,매화 5송이 2호,0.07684220613299411,0.1618979074094938,0.08252005935812662,0.1652019463362182,0.04314720812182741,96,50,2026-03-21,668,1000000113
2026-04-18,1000000113,매화 5송이 3호,0.08447262441079666,0.20699035081544917,0.07354360682188857,0.1267287862135403,0.0434215941830155,102,67,2026-03-19,598,1000000064
2026-04-18,1000000121,깨송편 1kg,0.06621769073235362,0.2031461742707357,0.18291014342487721,0.2211114821994402,0.18459322266428865,184,34,2026-03-07,768,1000000064
2026-04-18,1000000127,흑임자이티,0.10546573453393789,0.1644158182016456,0.08743814502947761,0.20691786644424787,0.42564137741802716,244,137,2026-03-22,826,1000000064
2026-04-18,1000000128,흑임자인절미,0.019246950830977536,0.13004946933649245,0.023245319614371648,0.07372418896626555,0.12121004252983948,62,26,2026-03-22,802,1000000064
2026-04-18,1000000142,경기 미숫가루,0.009827090661355396,0.14280735956123078,0.01415667964905933,0,0.061119495129647414,35,15,2026-03-20,628,1000000064
2026-04-18,1000000143,"경기참기름, 경기들기름",0.00839022366002394,0.11933617996700802,0.015200660281865012,0.12177161221123269,0.04335299766771848,26,10,2026-03-21,482,1000000064
2026-04-18,1000000153,유밀상,0.008944770091401405,0.12474474732117659,0.08137758836035486,0.05454545454545454,0.019618603374948553,55,29,2026-03-19,52,1000000156
2026-04-18,1000000154,화연상,0.005914762253137116,0.11684975506033066,0.009286984067250375,0.10526315789473684,0.00425298394841542,38,15,2026-03-15,46,1000000153
2026-04-18,1000000156,기원상,0.012934400326602926,0.18521217740072787,0.07383125731099405,0.14084507042253522,0.01673754973247359,71,55,2026-03-18,46,1000000153
2026-04-05,1000000027,마스코바도 설기,0.0008045664608272103,0.11293910384043644,0,0,0.03992317190286734,15,6,2026-03-09,534,1000000042
2026-04-05,1000000028,마스코바도 딸기설기,0.0004038396144877456,0.016221732047205128,0,0,0.02407737686925504,13,1,2026-02-15,414,1000000071
2026-04-05,1000000033,가래떡(40개) 4kg,0.007460322368297388,0.06989119139675219,0,0,0.06605844423103306,46,23,2026-03-02,560,1000000035
2026-04-05,1000000035,떡국떡 500g,0.028545683431010452,0.13019201294711857,0,0,0.1485114556180546,77,42,2026-03-12,742,1000000064
2026-04-05,1000000042,약식,0.07668865338053574,0.49650854127257493,0,0,0.4242008505967897,188,83,2026-03-21,908,1000000064
2026-04-05,1000000043,모듬영양찰떡,0.07727193198691498,0.18849612581230568,0,0,0.4827136781451502,194,96,2026-03-20,942,1000000064
2026-04-05,1000000044,고구마찰떡,0.05234607165579076,0.15060284885945555,0,0,0.36657977774729045,141,83,2026-03-22,780,1000000064
2026-04-05,1000000045,완두시루떡,0.21772828170156652,0.19838674482444682,0,0,0.6277953079983537,312,157,2026-03-22,994,1000000064
2026-04-05,1000000062,흰이티,0.10238234417495859,0.025154719989514778,0,0,0.33879818905199616,240,125,2026-03-22,942,1000000063
2026-04-05,1000000063,쑥이티,0.15124948078703063,0.1459871788189511,0,0,0.40519961585951436,296,153,2026-03-22,1000,1000000062
2026-04-05,1000000064,2색 이티,1,0.11482761419488655,0,0,1,1655,1080,2026-03-22,1018,1000000045
2026-04-05,1000000065,흰인절미,0.011038722888536719,0.0790056819434829,0,0,0.1164768829743449,50,14,2026-03-12,664,1000000064
2026-04-05,1000000066,쑥인절미,0.022889862631939387,0.0803288493819056,0,0,0.16970777884483468,86,43,2026-03-20,688,1000000064
2026-04-05,1000000069,설기세트,0.034399066423677245,0.03732308721376795,0,0,0.19049252297983263,103,44,2026-03-21,736,1000000064
2026-04-05,1000000070,마스코바도 쑥설기,0.0018989881579461981,0.04336311004482376,0,0,0.0401289614487584,23,13,2026-03-20,466,1000000043
2026-04-05,1000000071,마스코바도 호박설기,0.004865146932827364,0.0574149088390431,0,0,0.06935107696529016,35,10,2026-03-20,578,1000000064
2026-04-05,1000000072,마스코바도 흑임자설기,0.0001528253185746204,0.016221732047205128,0,0,0.0197557964055426,13,4,2026-03-17,312,1000000044
2026-04-05,1000000083,백설기,0.026877939438498484,0.12773318154924443,0,0,0.1275895184524626,78,9,2026-03-07,836,1000000064
2026-04-05,1000000084,십리향 1단 (1호 2호 3호),0.0685809717805855,0.02634895937546153,0,0,0.09034161064617917,147,61,2026-03-22,642,1000000085
2026-04-05,1000000085,십리향 2단 (1호 2호 3호),0.16696590656969434,0.20740370571239916,0,0,0.12271916586637399,315,130,2026-03-22,802,1000000064
2026-04-05,1000000086,십리향 3단,0.100525937373643,0.5492608909456661,0,0,0.06660721635340924,199,88,2026-03-22,638,1000000064
2026-04-05,1000000087,백리향 1단 (1호 2호 3호),0.2470207911099425,0.17142307189037947,0,0,0.1365070654410756,457,225,2026-03-22,924,1000000064
2026-04-05,1000000088,백리향 2단 (1호 2호),0.2132909840131832,0.2910950908039243,0,0,0.10769652901632597,350,156,2026-03-21,716,1000000064
2026-04-05,1000000089,백리향 3단,0.019977022960634288,0.35100335297362195,0,0,0.019412813829057483,51,17,2026-03-19,352,1000000088
2026-04-05,1000000090,일리향 1단 (1호 2호 3호),0.055892358602135664,0.004650832605335015,0,0,0.11071477568939497,128,62,2026-03-20,660,1000000091
2026-04-05,1000000091,일리향 2단 (1호 2호 3호),0.17287487688949071,0.16714322297740364,0,0,0.12148442859102758,179,85,2026-03-20,630,1000000064
2026-04-05,1000000092,일리향 3단,0.07308551773390348,0.12923170536736317,0,0,0.0706544107559336,154,84,2026-03-21,546,1000000064
2026-04-05,1000000093,매화 2송이 1호,0.6187229896434655,0.19240572839236536,0,0,0.1368500480175607,697,387,2026-03-20,734,1000000064
2026-04-05,1000000094,매화 3송이 1호,0.159776132259288,0.17719958798036375,0,0,0.05631773905885581,190,102,2026-03-22,702,1000000064
2026-04-05,1000000095,매화 5송이 1호,0,0,0,0,0.0020578954589106874,7,3,2026-03-12,48,1000000144
2026-04-05,1000000108,매화 2송이 2호,0.22253012099564068,0.20122705201000793,0,0,0.06050212649197421,247,141,2026-03-22,534,1000000093
2026-04-05,1000000110,매화 3송이 2호,0.04063946602643541,0.08110272880559914,0,0,0.03669913568390726,71,28,2026-03-21,572,1000000111
2026-04-05,1000000111,매화 3송이 3호,0.30903555801438143,0.22547911922009836,0,0,0.08759775003429826,337,184,2026-03-22,638,1000000064
2026-04-05,1000000112,매화 5송이 2호,0.06702999677493739,0.09484318056095747,0,0,0.04314720812182741,93,50,2026-03-21,668,1000000113
2026-04-05,1000000113,매화 5송이 3호,0.07467537649055656,0.13044910679290941,0,0,0.0434215941830155,102,67,2026-03-19,598,1000000064
2026-04-05,1000000121,깨송편 1kg,0.05993609312461938,0.10741475350146615,0,0,0.18459322266428865,183,34,2026-03-07,768,1000000064
2026-04-05,1000000127,흑임자이티,0.09944218325097523,0.03580770264791278,0,0,0.42564137741802716,245,137,2026-03-22,826,1000000064
2026-04-05,1000000128,흑임자인절미,0.014893840127982701,0.05261190267056899,0,0,0.12121004252983948,61,26,2026-03-22,802,1000000064
2026-04-05,1000000142,경기 미숫가루,0.006490238355096702,0.06022723003519105,0,0,0.061119495129647414,34,15,2026-03-20,628,1000000064
2026-04-05,1000000143,"경기참기름, 경기들기름",0.005057573600639037,0.06258587550274847,0,0,0.04335299766771848,25,10,2026-03-21,482,1000000064
2026-04-05,1000000144,경기 미숫가루 쫀드기,0.01870661333246669,0,0,0,0.04211826039237207,61,21,2026-03-13,432,1000000064
2026-04-05,1000000153,유밀상,0.006334068083627038,0.047875698298235306,0,0,0.019618603374948553,55,29,2026-03-19,52,1000000156
2026-04-05,1000000154,화연상,0.003402188586687617,0.054650859891008714,0,0,0.00425298394841542,36,15,2026-03-15,46,1000000153
2026-04-05,1000000156,기원상,0.008974116324695837,0.10447912031285295,0,0,0.01673754973247359,68,55,2026-03-18,46,1000000153
