product_id,order_cnt,attach_order_cnt,attach_rate,median_cart_size,breadth_lift,volume_raw,companion_cnt,top1_share,top3_share,co_order_total,top_pair_product_id,basket_pair_rows,distinct_member_cnt,quantity_sum,payment_amount_sum,raw_basket_pair_rows,raw_basket_top_pair_product_id,raw_basket_signal_score,parity_score,parity_level,reconstruction_level,limitation_reason,volume_weight,CA_Core,CA_Pair,CA_Set,CA_Primary_Type,Basket_Gravity_Primary_Type,basket_signal_score
1000000094,98,23,0.23469387755102042,1,0,4.59511985013459,9,0.34615384615384615,0.6538461538461539,26,1000000064,9,54,4289,28067400,702,1000000064,0.05631773905885581,0.34188034188034183,low,event_window_reconstructed,raw basket detail과의 유사도가 낮습니다.,0.6257783828397893,false,false,false,None,None,0.052313883299798795
1000000083,9,4,0.4444444444444444,1,0,2.302585092994046,9,0.2,0.4,10,1000000121,9,7,11,495000,836,1000000064,0.1275895184524626,0.0071770334928229484,low,event_window_reconstructed,raw basket detail과의 유사도가 낮습니다.,0.2581134055543879,false,false,false,None,None,0.02012072434607646
1000000087,205,52,0.25365853658536586,1,0,5.327876168789581,24,0.17391304347826086,0.4057971014492754,69,1000000064,24,109,593,35445000,924,1000000064,0.1365070654410756,0.35064935064935066,low,event_window_reconstructed,raw basket detail과의 유사도가 낮습니다.,0.7432940865449985,false,false,false,None,None,0.13883299798792756
1000000144,19,9,0.47368421052631576,1,0,2.995732273553991,9,0.3125,0.625,16,1000000064,9,14,80,720000,432,1000000064,0.04211826039237207,0.3472222222222223,low,event_window_reconstructed,raw basket detail과의 유사도가 낮습니다.,0.3692767986511534,false,false,false,None,None,0.03219315895372234
1000000064,1020,327,0.3205882352941177,1,0,6.928537818164665,37,0.13279678068410464,0.34004024144869216,497,1000000127,37,581,2085,92377500,1018,1000000045,1,0.024230517354289455,low,event_window_reconstructed,raw basket detail과의 유사도가 낮습니다.,1,false,false,false,None,None,1
1000000093,362,55,0.15193370165745856,1,0,5.8944028342648505,16,0.5230769230769231,0.676923076923077,65,1000000064,16,197,17563,83801100,734,1000000064,0.1368500480175607,0.34786557674841045,low,event_window_reconstructed,raw basket detail과의 유사도가 낮습니다.,0.8341507302424487,false,false,false,None,None,0.13078470824949698
1000000085,119,30,0.25210084033613445,1,0,4.787491742782046,20,0.15555555555555556,0.37777777777777777,45,1000000091,20,80,272,14045000,802,1000000064,0.12271916586637399,0.01662510390689942,low,event_window_reconstructed,raw basket detail과의 유사도가 낮습니다.,0.6566300012592176,false,false,false,None,None,0.09054325955734406
1000000092,79,30,0.379746835443038,1,0,4.382026634673881,11,0.3055555555555556,0.6111111111111112,36,1000000064,11,47,253,9495000,546,1000000064,0.0706544107559336,0.3467643467643467,low,event_window_reconstructed,raw basket detail과의 유사도가 낮습니다.,0.5916035848446846,false,false,false,None,None,0.07243460764587525
1000000042,79,61,0.7721518987341772,2,1,4.382026634673881,23,0.21875,0.5390625,128,1000000064,23,51,98,4029500,908,1000000064,0.4242008505967897,0.3502202643171806,low,event_window_reconstructed,raw basket detail과의 유사도가 낮습니다.,0.5916035848446846,false,false,false,None,None,0.2575452716297787
1000000063,143,98,0.6853146853146853,2,1,4.969813299576001,23,0.20812182741116753,0.5177664974619289,197,1000000062,23,95,241,9406500,1000,1000000062,0.40519961585951436,0.34866666666666674,low,event_window_reconstructed,raw basket detail과의 유사도가 낮습니다.,0.6858697983128937,false,false,false,None,None,0.3963782696177062
1000000088,145,16,0.1103448275862069,1,0,4.983606621708336,11,0.21052631578947367,0.5263157894736842,19,1000000087,11,84,189,22007000,716,1000000064,0.10769652901632597,0.010242085661080091,low,event_window_reconstructed,raw basket detail과의 유사도가 낮습니다.,0.688081900638793,false,false,false,None,None,0.03822937625754527
1000000090,56,30,0.5357142857142857,2,1,4.04305126783455,13,0.23076923076923078,0.5384615384615384,39,1000000091,13,36,553,7174000,660,1000000091,0.11071477568939497,0.34646464646464636,low,event_window_reconstructed,raw basket detail과의 유사도가 낮습니다.,0.5372404524380282,false,false,false,None,None,0.07847082494969819
1000000062,121,83,0.6859504132231405,2,1,4.804021044733257,22,0.25949367088607594,0.6075949367088608,158,1000000063,22,74,266,14344000,942,1000000063,0.33879818905199616,0.3489030431705591,low,event_window_reconstructed,raw basket detail과의 유사도가 낮습니다.,0.6592808860091681,false,false,false,None,None,0.317907444668008
1000000086,83,21,0.25301204819277107,1,0,4.430816798843313,11,0.32,0.52,25,1000000064,11,46,94,7498000,638,1000000064,0.06660721635340924,0.3448275862068965,low,event_window_reconstructed,raw basket detail과의 유사도가 낮습니다.,0.5994283013708932,false,false,false,None,None,0.05030181086519115
1000000043,89,75,0.8426966292134831,3,2,4.499809670330265,26,0.20725388601036268,0.47150259067357514,193,1000000064,26,58,101,3799500,942,1000000064,0.4827136781451502,0.35173389950460016,low,event_window_reconstructed,raw basket detail과의 유사도가 낮습니다.,0.6104930245769848,false,false,false,None,None,0.38832997987927564
1000000113,60,11,0.18333333333333332,1,0,4.110873864173311,7,0.38461538461538464,0.6923076923076923,13,1000000112,7,31,2449,28315200,598,1000000064,0.0434215941830155,0.00780379041248606,low,event_window_reconstructed,raw basket detail과의 유사도가 낮습니다.,0.5481174929124025,false,false,false,None,None,0.026156941649899398
1000000108,131,17,0.1297709923664122,1,0,4.882801922586371,11,0.23809523809523808,0.47619047619047616,21,1000000092,11,65,8733,39933300,534,1000000093,0.06050212649197421,0.013732833957553092,low,event_window_reconstructed,raw basket detail과의 유사도가 낮습니다.,0.671915359522022,false,false,false,None,None,0.04225352112676056
1000000084,55,35,0.6363636363636364,2,1,4.02535169073515,15,0.16981132075471697,0.41509433962264153,53,1000000087,15,35,343,9602500,642,1000000085,0.09034161064617917,0.015576323987538906,low,event_window_reconstructed,raw basket detail과의 유사도가 낮습니다.,0.5344018849563604,false,false,false,None,None,0.10663983903420524
1000000111,178,30,0.16853932584269662,1,0,5.187385805840755,17,0.20833333333333334,0.4583333333333333,48,1000000064,17,91,8529,60139900,638,1000000064,0.08759775003429826,0.35109717868338564,low,event_window_reconstructed,raw basket detail과의 유사도가 낮습니다.,0.7207629620150372,false,false,false,None,None,0.096579476861167
1000000128,26,25,0.9615384615384616,3,2,3.295836866004329,16,0.24615384615384617,0.4461538461538462,65,1000000064,16,20,27,787500,802,1000000064,0.12121004252983948,0.3466334164588529,low,event_window_reconstructed,raw basket detail과의 유사도가 낮습니다.,0.4174060354371299,false,false,false,None,None,0.13078470824949698
1000000045,147,123,0.8367346938775511,3,2,4.997212273764115,29,0.21201413427561838,0.42402826855123676,283,1000000064,29,87,198,6443000,994,1000000064,0.6277953079983537,0.3527833668678739,low,event_window_reconstructed,raw basket detail과의 유사도가 낮습니다.,0.6902639053994449,false,false,false,None,None,0.5694164989939637
1000000065,14,14,1,3,2,2.70805020110221,18,0.21951219512195122,0.4634146341463415,41,1000000064,18,11,14,380000,664,1000000064,0.1164768829743449,0.35140562248995977,low,event_window_reconstructed,raw basket detail과의 유사도가 낮습니다.,0.32313982196892077,false,false,false,None,None,0.08249496981891348
1000000066,41,34,0.8292682926829268,3,2,3.7376696182833684,19,0.20987654320987653,0.38271604938271603,81,1000000064,19,30,46,1410000,688,1000000064,0.16970777884483468,0.3517441860465116,low,event_window_reconstructed,raw basket detail과의 유사도가 낮습니다.,0.48826490827412766,false,false,false,None,None,0.16297786720321933
1000000143,9,8,0.8888888888888888,2,1,2.302585092994046,12,0.15789473684210525,0.42105263157894735,19,1000000043,12,7,66,2379000,482,1000000064,0.04335299766771848,0.016597510373443997,low,event_window_reconstructed,raw basket detail과의 유사도가 낮습니다.,0.2581134055543879,false,false,false,None,None,0.03822937625754527
1000000153,27,14,0.5185185185185185,2,1,3.332204510175204,2,0.5714285714285714,1,14,1000000156,2,20,35,956000,52,1000000156,0.019618603374948553,0.35897435897435886,low,event_window_reconstructed,raw basket detail과의 유사도가 낮습니다.,0.4232384918595947,false,false,false,None,None,0.028169014084507043
1000000154,15,9,0.6,2,1,2.772588722239781,2,0.6666666666666666,1,9,1000000153,2,11,18,490400,46,1000000153,0.00425298394841542,0.36231884057971014,low,event_window_reconstructed,raw basket detail과의 유사도가 낮습니다.,0.33349017929029673,false,false,false,None,None,0.018108651911468814
1000000127,129,115,0.8914728682170543,2,1,4.867534450455582,22,0.3127962085308057,0.6350710900473934,211,1000000064,22,90,167,6845500,826,1000000064,0.42564137741802716,0.351089588377724,low,event_window_reconstructed,raw basket detail과의 유사도가 낮습니다.,0.6694668405729906,false,false,false,None,None,0.4245472837022133
1000000033,22,16,0.7272727272727273,2,1,3.1354942159291497,13,0.28125,0.46875,32,1000000035,13,15,27,1215000,560,1000000035,0.06605844423103306,0.3488095238095239,low,event_window_reconstructed,raw basket detail과의 유사도가 낮습니다.,0.391691102821974,false,false,false,None,None,0.06438631790744467
1000000069,44,38,0.8636363636363636,2,1,3.8066624897703196,17,0.25675675675675674,0.527027027027027,74,1000000064,17,31,55,2006100,736,1000000064,0.19049252297983263,0.348731884057971,low,event_window_reconstructed,raw basket detail과의 유사도가 낮습니다.,0.49932963148021925,false,false,false,None,None,0.1488933601609658
1000000112,41,9,0.21951219512195122,1,0,3.7376696182833684,7,0.45454545454545453,0.6363636363636364,11,1000000113,7,26,1701,19690200,668,1000000113,0.04314720812182741,0.34031936127744505,low,event_window_reconstructed,raw basket detail과의 유사도가 낮습니다.,0.48826490827412766,false,false,false,None,None,0.022132796780684104
1000000121,33,26,0.7878787878787878,3,2,3.5263605246161616,20,0.17105263157894737,0.4473684210526316,76,1000000045,20,24,62,1210000,768,1000000064,0.18459322266428865,0.017361111111111088,low,event_window_reconstructed,raw basket detail과의 유사도가 낮습니다.,0.4543762385903339,false,false,false,None,None,0.1529175050301811
1000000091,77,50,0.6493506493506493,2,1,4.356708826689592,21,0.12857142857142856,0.37142857142857144,70,1000000064,21,46,299,7857000,630,1000000064,0.12148442859102758,0.35555555555555546,low,event_window_reconstructed,raw basket detail과의 유사도가 낮습니다.,0.5875432445299011,false,false,false,None,None,0.14084507042253522
1000000035,41,29,0.7073170731707317,2,1,3.7376696182833684,17,0.17647058823529413,0.4117647058823529,68,1000000064,17,30,405,2430000,742,1000000064,0.1485114556180546,0.34860736747529203,low,event_window_reconstructed,raw basket detail과의 유사도가 낮습니다.,0.48826490827412766,false,false,false,None,None,0.13682092555331993
1000000142,14,12,0.8571428571428571,2.5,1.5,2.70805020110221,15,0.16,0.32,25,1000000045,15,13,17,272000,628,1000000064,0.061119495129647414,0.015923566878980926,low,event_window_reconstructed,raw basket detail과의 유사도가 낮습니다.,0.32313982196892077,false,false,false,None,None,0.05030181086519115
1000000156,52,11,0.21153846153846154,1,0,3.970291913552122,2,0.7272727272727273,1,11,1000000153,2,30,69,1981000,46,1000000153,0.01673754973247359,0.36231884057971014,low,event_window_reconstructed,raw basket detail과의 유사도가 낮습니다.,0.5255716800208475,false,false,false,None,None,0.022132796780684104
1000000044,78,68,0.8717948717948718,3,2,4.3694478524670215,19,0.24855491329479767,0.5202312138728323,173,1000000064,19,48,89,2979000,780,1000000064,0.36657977774729045,0.3495726495726495,low,event_window_reconstructed,raw basket detail과의 유사도가 낮습니다.,0.5895862642086688,false,false,false,None,None,0.34808853118712274
1000000072,4,4,1,3.5,2.5,1.6094379124341003,9,0.2,0.4,10,1000000127,9,4,4,100000,312,1000000044,0.0197557964055426,0.019230769230769235,low,event_window_reconstructed,raw basket detail과의 유사도가 낮습니다.,0.1469500124576223,false,false,false,None,None,0.02012072434607646
1000000110,27,15,0.5555555555555556,2,1,3.332204510175204,9,0.4666666666666667,0.6,15,1000000084,9,15,1429,9816100,572,1000000111,0.03669913568390726,0.010489510489510486,low,event_window_reconstructed,raw basket detail과의 유사도가 낮습니다.,0.4232384918595947,false,false,false,None,None,0.030181086519114688
1000000095,3,2,0.6666666666666666,2,1,1.3862943611198906,1,1,1,2,1000000085,1,2,512,5427200,48,1000000144,0.0020578954589106874,0.013888888888888914,low,event_window_reconstructed,raw basket detail과의 유사도가 낮습니다.,0.11116339309676558,false,true,false,Pair,Pair,0.004024144869215292
1000000070,13,11,0.8461538461538461,3,2,2.639057329615259,11,0.20689655172413793,0.5517241379310345,29,1000000064,11,8,15,340000,466,1000000043,0.0401289614487584,0.015736766809728204,low,event_window_reconstructed,raw basket detail과의 유사도가 낮습니다.,0.3120750987628292,false,false,false,None,None,0.05835010060362173
1000000027,6,6,1,3,2,1.9459101490553132,7,0.21428571428571427,0.5714285714285714,14,1000000071,7,5,7,274000,534,1000000042,0.03992317190286734,0.008739076154806513,low,event_window_reconstructed,raw basket detail과의 유사도가 낮습니다.,0.2009117056660636,false,false,false,None,None,0.028169014084507043
1000000071,10,9,0.9,3,2,2.3978952727983707,8,0.23809523809523808,0.5714285714285714,21,1000000064,8,8,15,400000,578,1000000064,0.06935107696529016,0.34256055363321797,low,event_window_reconstructed,raw basket detail과의 유사도가 낮습니다.,0.27339876381719236,false,false,false,None,None,0.04225352112676056
1000000028,1,1,1,3,2,0.6931471805599453,2,0.5,1,2,1000000045,2,1,1,20000,414,1000000071,0.02407737686925504,0.0032206119162641045,low,event_window_reconstructed,raw basket detail과의 유사도가 낮습니다.,0,false,false,false,None,None,0.004024144869215292
1000000089,17,2,0.11764705882352941,1,0,2.8903717578961645,2,0.5,1,2,1000000064,2,13,19,3267000,352,1000000088,0.019412813829057483,0.0037878787878788214,low,event_window_reconstructed,raw basket detail과의 유사도가 낮습니다.,0.35237961902259696,false,false,false,None,None,0.004024144869215292
