cohort_date,aa_product_id,aa_type,cohort_customers,repeat_7d_rate,repeat_30d_rate,repeat_90d_rate,pca_transition_30d_rate,pca_transition_90d_rate,avg_days_to_pca,avg_revenue_90d
2026-03-05,608,Broad,40631,0.057737,0.104976,0.1458,0.005966,0.009623,29.3248,72630.1598
2026-03-05,1432,Broad,5628,0.10674,0.194072,0.269545,0.054421,0.087775,23.2065,185680.2018
2026-03-05,32,Broad,5469,0.070888,0.128886,0.179009,0.009069,0.014628,35.925,93286.7418
2026-03-05,1358,Broad,4651,0.036356,0.066102,0.091808,0.039845,0.064266,,8678.8046
2026-03-05,1033,Broad,4571,0.09417,0.171219,0.237804,0.033503,0.054036,36.2389,175720.2918
2026-03-05,1431,Broad,4505,0.138798,0.25236,0.350499,0.065647,0.105882,23.6688,140187.2888
2026-03-05,1140,Broad,3423,0.114878,0.208869,0.290096,0.066293,0.106924,31.7842,118975.8399
2026-03-05,1176,Broad,3318,0.127465,0.231754,0.321881,0.081284,0.131103,25.6455,119283.3553
2026-03-05,1097,Broad,3033,0.136178,0.247596,0.343884,0.095463,0.153973,20.0581,144222.7745
2026-03-05,1237,Broad,2625,0.120535,0.219154,0.304381,0.132101,0.213067,,114132.2564
2026-03-05,1315,Broad,2597,0.161328,0.293323,0.407393,0.079738,0.12861,29.1317,155686.0285
2026-03-05,1065,Broad,2424,0.11599,0.210891,0.292904,0.12712,0.205033,,115017.46
2026-03-05,75,Broad,2332,0.093396,0.169811,0.235849,0.102358,0.165094,,144037.925
2026-03-05,1177,Broad,2226,0.147477,0.26814,0.372417,0.106119,0.171159,25.7434,203775.7516
2026-03-05,1422,Broad,2201,0.082582,0.15015,0.208542,0.090507,0.145979,,178230.1213
2026-03-05,1066,Broad,2140,0.131753,0.239551,0.33271,0.144396,0.232897,,192967.8673
2026-03-05,1230,Broad,2056,0.119802,0.217821,0.302529,0.131298,0.21177,,125713.552
2026-03-05,1568,Broad,2030,0.097927,0.178049,0.247291,0.107324,0.173103,,98762.6557
2026-03-05,1369,Broad,1992,0.187265,0.340482,0.472892,0.205235,0.331024,,165677.0371
2026-03-05,1414,Broad,1972,0.142777,0.259594,0.360548,0.156478,0.252383,,77372.8702
2026-03-05,839,Broad,1756,0.11005,0.200091,0.277904,0.12061,0.194533,,137934.1942
2026-03-05,1316,Broad,1726,0.174827,0.317868,0.441483,0.191604,0.309038,,254388.9629
2026-03-05,1528,Broad,1688,0.154834,0.281517,0.390995,0.169692,0.273697,,128790.1037
2026-03-05,1383,Broad,1663,0.078343,0.142441,0.197835,0.08586,0.138485,,19309.4949
2026-03-05,33,Broad,1636,0.171374,0.311589,0.432763,0.187819,0.302934,,224447.1687
2026-03-05,1270,Broad,1635,0.138055,0.251009,0.348624,0.151303,0.244037,,136568.3291
2026-03-05,1598,Broad,1627,0.065229,0.118599,0.16472,0.071489,0.115304,,138535.4524
2026-03-05,1617,Broad,1600,0.056925,0.1035,0.14375,0.062387,0.100625,,87422.7375
2026-03-05,473,Broad,1596,0.150609,0.273835,0.380326,0.165061,0.266228,,177557.2607
2026-03-05,1618,Broad,1568,0.056571,0.102857,0.142857,0.062,0.1,,144067.2264
2026-03-05,539,Broad,1565,0.168015,0.305482,0.424281,0.184138,0.296997,,182240.4658
2026-03-05,1102,Broad,1553,0.070632,0.128422,0.178364,0.07741,0.124855,,30686.7817
2026-03-05,1529,Broad,1496,0.1305,0.237273,0.329545,0.143023,0.230682,,202501.5201
2026-03-05,1305,Broad,1482,0.166202,0.302186,0.419703,0.182151,0.293792,,210598.7132
2026-03-05,1238,Broad,1462,0.126763,0.230479,0.320109,0.138927,0.224077,,182741.1936
2026-03-05,1251,Broad,1445,0.166896,0.303446,0.421453,0.182911,0.295017,,198621.0789
2026-03-05,784,Broad,1438,0.175969,0.319944,0.444367,0.192855,0.311057,,211529.5682
2026-03-05,1433,Broad,1422,0.126152,0.229367,0.318565,0.138257,0.222996,,330956.4691
2026-03-05,1569,Broad,1406,0.097169,0.176671,0.245377,0.106494,0.171764,,162686.537
2026-03-05,1306,Broad,1404,0.165564,0.301026,0.418091,0.181452,0.292664,,214615.344
2026-03-05,1363,Broad,1381,0.121581,0.221057,0.307024,0.133248,0.214917,,115874.0949
2026-03-05,1593,Broad,1340,0.059104,0.107463,0.149254,0.064776,0.104478,,134465.1396
2026-03-05,861,Broad,1301,0.151582,0.275603,0.382782,0.166128,0.267948,,204772.6749
2026-03-05,534,Broad,1294,0.164031,0.298238,0.414219,0.179771,0.289954,,210314.0325
2026-03-05,1266,Qualified,1274,0.355903,0.647096,0.898744,0.390055,0.629121,,219500.8603
2026-03-05,1550,Broad,1253,0.132737,0.241341,0.335196,0.145475,0.234637,,128247.9018
2026-03-05,1370,Broad,1239,0.260484,0.473608,0.657789,0.28548,0.460452,,306147.7175
2026-03-05,1130,Broad,1237,0.185675,0.337591,0.468876,0.203492,0.328213,,238000.2344
2026-03-05,480,Broad,1219,0.169575,0.308318,0.42822,0.185847,0.299754,,222913.7523
2026-03-05,17,Broad,1218,0.192473,0.349951,0.486043,0.210943,0.34023,,206275.2709
2026-03-05,1456,Broad,1213,0.069537,0.12643,0.175598,0.076209,0.122918,,188141.1261
2026-03-05,1124,Broad,1211,0.174292,0.316895,0.440132,0.191017,0.308092,,70586.3881
2026-03-05,1366,Broad,1196,0.128799,0.234181,0.325251,0.141159,0.227676,,273688.7926
2026-03-05,1220,Broad,1119,0.17022,0.309491,0.429848,0.186554,0.300894,,187581.9848
2026-03-05,1098,Broad,1089,0.159273,0.289587,0.402204,0.174556,0.281543,,247885.8595
2026-03-05,701,Broad,1080,0.1881,0.342,0.475,0.20615,0.3325,,224135.3917
2026-03-05,1082,Broad,1069,0.147065,0.26739,0.371375,0.161177,0.259963,,259911.6286
2026-03-05,1232,Broad,1057,0.181328,0.329688,0.4579,0.198728,0.32053,,224082.1712
2026-03-05,1535,Qualified,1047,0.303713,0.552206,0.766953,0.332858,0.536867,,224721.1003
2026-03-05,1123,Qualified,1038,0.362428,0.65896,0.915222,0.397206,0.640655,,329246.3372
2026-03-05,617,Broad,1004,0.153036,0.278247,0.386454,0.167721,0.270518,,188119.1175
2026-03-05,1359,Broad,999,0.191063,0.347387,0.482482,0.209397,0.337738,,80909.3143
2026-03-05,1133,Broad,990,0.1896,0.344727,0.478788,0.207794,0.335152,,176565.2505
2026-03-05,1406,Qualified,990,0.3556,0.646545,0.89798,0.389723,0.628586,,351958.6727
2026-03-05,1301,Qualified,981,0.356037,0.647339,0.899083,0.390202,0.629358,,374318.1916
2026-03-05,1187,Broad,952,0.176786,0.321429,0.446429,0.19375,0.3125,,196842.979
2026-03-05,761,Broad,937,0.20286,0.368837,0.512273,0.222327,0.358591,,244545.889
2026-03-05,1407,Broad,934,0.254814,0.463298,0.643469,0.279266,0.450428,,311013.2441
2026-03-05,1203,Qualified,924,0.373714,0.679481,0.943723,0.409576,0.660606,,283096.0649
2026-03-05,1141,Broad,910,0.150132,0.272967,0.379121,0.164538,0.265385,,224225.2066
2026-03-05,1131,Broad,908,0.185789,0.337797,0.469163,0.203617,0.328414,,162069.4284
2026-03-05,524,Broad,885,0.149451,0.271729,0.377401,0.163792,0.264181,,185403.3458
2026-03-05,1490,Broad,872,0.137601,0.250183,0.347477,0.150805,0.243234,,171322.0688
2026-03-05,1271,Broad,865,0.206927,0.376231,0.522543,0.226784,0.36578,,272325.2555
2026-03-05,491,Broad,845,0.101695,0.184899,0.256805,0.111453,0.179763,,132960.058
2026-03-05,15,Broad,829,0.158591,0.288347,0.400483,0.173809,0.280338,,181593.9481
2026-03-05,1205,Broad,820,0.163712,0.297659,0.413415,0.179422,0.28939,,168768.4573
2026-03-05,1229,Broad,816,0.214985,0.390882,0.542892,0.235615,0.380025,,203357.5907
2026-03-05,1084,Broad,813,0.193373,0.351587,0.488315,0.211929,0.34182,,204031.6913
2026-03-05,1386,Qualified,807,0.318959,0.579926,0.805452,0.349566,0.563817,,375820.6815
2026-03-05,1423,Broad,799,0.127374,0.231589,0.321652,0.139597,0.225156,,258646.0551
2026-03-05,1637,Broad,789,0.024091,0.043802,0.060837,0.026403,0.042586,,103128.1774
2026-03-05,1145,Broad,781,0.18,0.327273,0.454545,0.197273,0.318182,,230810.9334
2026-03-05,1323,Broad,770,0.225771,0.410494,0.57013,0.247436,0.399091,,215810.2922
2026-03-05,612,Broad,763,0.129751,0.235911,0.327654,0.142202,0.229358,,164548.0577
2026-03-05,571,Broad,754,0.191698,0.348541,0.484085,0.210093,0.338859,,268243.443
2026-03-05,34,Broad,748,0.158294,0.287807,0.399733,0.173484,0.279813,,198869.0936
2026-03-05,1206,Broad,741,0.196664,0.357571,0.496626,0.215536,0.347638,,261545.9528
2026-03-05,1426,Broad,720,0.2024,0.368,0.511111,0.221822,0.357778,,197508.0764
2026-03-05,1109,Broad,711,0.124759,0.226835,0.315049,0.136731,0.220534,,274091.519
2026-03-05,1258,Broad,688,0.15368,0.279419,0.388081,0.168427,0.271657,,247966.2776
2026-03-05,1421,Broad,683,0.132193,0.240351,0.333821,0.144878,0.233675,,188008.429
2026-03-05,37,Broad,681,0.192476,0.349956,0.48605,0.210946,0.340235,,202290.0925
2026-03-05,577,Broad,678,0.159451,0.289912,0.402655,0.174752,0.281858,,205473.8894
2026-03-05,1551,Broad,674,0.088131,0.160237,0.222552,0.096588,0.155786,,129825.4421
2026-03-05,1434,Broad,651,0.18553,0.337327,0.46851,0.203333,0.327957,,518325.8909
2026-03-05,1408,Broad,638,0.22469,0.408527,0.567398,0.246251,0.397179,,242966.6897
2026-03-05,854,Broad,637,0.128684,0.233972,0.324961,0.141033,0.227473,,161092.6499
2026-03-05,470,Broad,636,0.179943,0.32717,0.454403,0.197211,0.318082,,249712.283
2026-03-05,1207,Broad,616,0.110571,0.201039,0.279221,0.121182,0.195455,,145585.0552
2026-03-05,1126,Broad,612,0.124882,0.227059,0.315359,0.136866,0.220752,,148454.5098
2026-03-05,1091,Broad,600,0.08712,0.1584,0.22,0.09548,0.154,,93213.665
2026-03-05,1128,Broad,595,0.166387,0.302521,0.420168,0.182353,0.294118,,171255.3798
2026-03-05,1455,Broad,593,0.066111,0.120202,0.166948,0.072455,0.116863,,134262.4081
2026-03-05,1552,Broad,592,0.086959,0.158108,0.219595,0.095304,0.153716,,196494.402
2026-03-05,889,Broad,587,0.127503,0.231823,0.321976,0.139738,0.225383,,141820.8313
2026-03-05,1458,Broad,573,0.092607,0.168377,0.233857,0.101494,0.1637,,392503.9668
2026-03-05,1427,Qualified,563,0.344654,0.626643,0.870337,0.377726,0.609236,,356770.7869
2026-03-05,1439,Broad,560,0.211436,0.384429,0.533929,0.231725,0.37375,,243534.3536
2026-03-05,1419,Broad,558,0.251226,0.456774,0.634409,0.275333,0.444086,,319475.1685
2026-03-05,1584,Broad,557,0.120151,0.218456,0.303411,0.13168,0.212388,,70878.1149
2026-03-05,1350,Broad,551,0.113554,0.206461,0.286751,0.12445,0.200726,,282169.6969
2026-03-05,1228,Broad,548,0.223292,0.405985,0.563869,0.244719,0.394708,,240354.3157
2026-03-05,769,Broad,532,0.18609,0.338346,0.469925,0.203947,0.328947,,231924.6617
2026-03-05,1264,Broad,527,0.20063,0.364782,0.506641,0.219882,0.354649,,277996.1841
2026-03-05,1417,Broad,510,0.180141,0.327529,0.454902,0.197427,0.318431,,233674.1804
2026-03-05,1438,Broad,506,0.136957,0.249012,0.34585,0.150099,0.242095,,183013.998
2026-03-05,1365,Broad,500,0.239976,0.43632,0.606,0.263004,0.4242,,339998.874
2026-03-05,808,Broad,495,0.1856,0.337455,0.468687,0.20341,0.328081,,211285.3455
2026-03-05,1530,Broad,494,0.20281,0.368745,0.512146,0.222271,0.358502,,361807.6296
2026-03-05,1231,Broad,489,0.142528,0.259141,0.359918,0.156204,0.251943,,164608.0348
2026-03-05,1340,Broad,486,0.149926,0.272593,0.378601,0.164313,0.265021,,260716.6193
2026-03-05,40,Broad,484,0.233182,0.423967,0.588843,0.255558,0.41219,,256875.9752
2026-03-05,1076,Broad,482,0.165959,0.301743,0.419087,0.181884,0.293361,,227555.3485
2026-03-05,890,Broad,481,0.144898,0.263451,0.365904,0.158802,0.256133,,201687.5884
2026-03-05,1204,Broad,480,0.1551,0.282,0.391667,0.169983,0.274167,,158832.7542
2026-03-05,1210,Broad,470,0.179464,0.326298,0.453191,0.196685,0.317234,,188034.883
2026-03-05,686,Broad,467,0.196728,0.357687,0.496788,0.215606,0.347752,,286435.9465
2026-03-05,1317,Broad,465,0.18991,0.34529,0.47957,0.208133,0.335699,,400489.3613
2026-03-05,1430,Broad,464,0.206534,0.375517,0.521552,0.226353,0.365086,,345041.6056
2026-03-05,1178,Broad,462,0.227143,0.412987,0.573593,0.248939,0.401515,,386593.5065
2026-03-05,1557,Broad,461,0.15462,0.281128,0.390456,0.169458,0.273319,,175495.1475
2026-03-05,1559,Broad,461,0.191557,0.348286,0.483731,0.209939,0.338612,,188462.8937
2026-03-05,1219,Broad,459,0.208784,0.379608,0.527233,0.228819,0.369063,,229249.8388
2026-03-05,164,Broad,452,0.163832,0.297876,0.413717,0.179553,0.289602,,222440.9049
2026-03-05,1208,Broad,449,0.219608,0.399287,0.554566,0.240682,0.388196,,198885.0223
2026-03-05,1639,Broad,447,0.011517,0.02094,0.029083,0.012622,0.020358,,66477.7919
2026-03-05,1233,Broad,446,0.098556,0.179193,0.248879,0.108013,0.174215,,144923.3251
2026-03-05,1125,Broad,439,0.160565,0.291936,0.405467,0.175973,0.283827,,135943.18
2026-03-05,1168,Qualified,436,0.368752,0.670459,0.931193,0.404138,0.651835,,285409.1124
2026-03-05,1415,Broad,435,0.205738,0.374069,0.51954,0.22548,0.363678,,322310.3724
2026-03-05,1324,Broad,434,0.225373,0.40977,0.569124,0.247,0.398387,,206681.5
2026-03-05,776,Broad,432,0.127417,0.231667,0.321759,0.139644,0.225231,,204518.9005
2026-03-05,681,Broad,431,0.141494,0.257262,0.357309,0.155072,0.250116,,229355.2529
2026-03-05,1445,Broad,423,0.25183,0.457872,0.635934,0.275995,0.445154,,353663.9007
2026-03-05,1225,Broad,416,0.089481,0.162692,0.225962,0.098067,0.158173,,130018.5529
2026-03-05,1182,Broad,415,0.187981,0.341783,0.474699,0.206019,0.332289,,195980.6024
2026-03-05,1287,Broad,414,0.196087,0.356522,0.495169,0.214903,0.346618,,241945.8647
2026-03-05,1221,Broad,412,0.158592,0.28835,0.400485,0.173811,0.28034,,200904.5267
2026-03-05,807,Broad,406,0.167764,0.305025,0.423645,0.183862,0.296552,,265598.032
2026-03-05,1457,Broad,405,0.087022,0.158222,0.219753,0.095373,0.153827,,267579.9877
2026-03-05,1085,Broad,404,0.184277,0.33505,0.465347,0.20196,0.325743,,168740.8292
2026-03-05,1619,Broad,403,0.072715,0.132208,0.183623,0.079692,0.128536,,249098.3375
2026-03-05,1134,Broad,397,0.232413,0.422569,0.586902,0.254715,0.410831,,234688.4181
2026-03-05,1215,Broad,389,0.160843,0.292442,0.40617,0.176278,0.284319,,145140.9692
2026-03-05,1428,Broad,389,0.181203,0.32946,0.457584,0.198591,0.320308,,250632.2134
2026-03-05,1325,Broad,384,0.233063,0.42375,0.588542,0.255427,0.411979,,213920.3542
2026-03-05,134,Broad,383,0.223332,0.406057,0.563969,0.244762,0.394778,,233474.6815
2026-03-05,1418,Broad,382,0.279895,0.508901,0.706806,0.306754,0.494764,,407860.3874
2026-03-05,1341,Broad,378,0.117333,0.213333,0.296296,0.128593,0.207407,,158607.8545
2026-03-05,1276,Broad,378,0.080667,0.146667,0.203704,0.088407,0.142593,,78470.8069
2026-03-05,1596,Broad,377,0.100838,0.183342,0.254642,0.110515,0.178249,,191375.2149
2026-03-05,1071,Broad,377,0.233188,0.423979,0.588859,0.255565,0.412202,,253242.5199
2026-03-05,1320,NaN,376,0.164298,0.298723,0.414894,0.180064,0.290426,,170731.4441
2026-03-05,1067,NaN,372,0.118161,0.214839,0.298387,0.1295,0.208871,,300592.3091
2026-03-05,876,NaN,370,0.179805,0.326919,0.454054,0.197059,0.317838,,307378.5514
2026-03-05,1175,NaN,363,0.247636,0.450248,0.625344,0.271399,0.437741,,215402.8595
2026-03-05,741,NaN,363,0.189818,0.345124,0.479339,0.208033,0.335537,,209034.3223
2026-03-05,1416,NaN,362,0.250508,0.45547,0.632597,0.274547,0.442818,,359734.3619
2026-03-05,1429,NaN,362,0.245039,0.445525,0.618785,0.268552,0.433149,,365430.4475
2026-03-05,1138,NaN,355,0.045735,0.083155,0.115493,0.050124,0.080845,,95289.3803
2026-03-05,1437,NaN,351,0.209846,0.381538,0.529915,0.229983,0.37094,,313737.4501
2026-03-05,1300,Qualified,350,0.355269,0.645943,0.897143,0.38936,0.628,,397730.3343
2026-03-05,1099,NaN,345,0.245635,0.446609,0.62029,0.269206,0.434203,,461612.6928
2026-03-05,714,NaN,342,0.232737,0.423158,0.587719,0.25507,0.411404,,232868.2135
2026-03-05,1070,NaN,339,0.204425,0.371681,0.516224,0.224041,0.361357,,227577.5103
2026-03-05,917,NaN,337,0.135134,0.245697,0.341246,0.148101,0.238872,,137872.6172
2026-03-05,1284,NaN,335,0.122937,0.223522,0.310448,0.134734,0.217313,,117644.2358
2026-03-05,1226,NaN,328,0.165402,0.300732,0.417683,0.181274,0.292378,,221381.0762
2026-03-05,1609,NaN,323,0.06743,0.122601,0.170279,0.073901,0.119195,,98270.3158
2026-03-05,785,NaN,322,0.172174,0.313043,0.434783,0.188696,0.304348,,253298.7733
2026-03-05,1212,NaN,322,0.150037,0.272795,0.378882,0.164435,0.265217,,139108.6087
2026-03-05,1272,NaN,321,0.276336,0.50243,0.697819,0.302854,0.488474,,497331.3551
2026-03-05,1326,NaN,321,0.254131,0.462056,0.641745,0.278517,0.449221,,254957.3209
2026-03-05,1391,Qualified,321,0.361458,0.657196,0.912773,0.396143,0.638941,,399734.2773
2026-03-05,38,NaN,320,0.175725,0.3195,0.44375,0.192588,0.310625,,234185.0156
2026-03-05,1580,NaN,318,0.125774,0.228679,0.31761,0.137843,0.222327,,152283.1352
2026-03-05,1022,NaN,317,0.122423,0.222587,0.309148,0.13417,0.216404,,137902.0852
2026-03-05,1608,NaN,315,0.098057,0.178286,0.247619,0.107467,0.173333,,139964.6571
2026-03-05,1554,NaN,315,0.081714,0.148571,0.206349,0.089556,0.144444,,223157.0
2026-03-05,1183,NaN,315,0.186057,0.338286,0.469841,0.203911,0.328889,,270578.7333
2026-03-05,1441,NaN,312,0.228462,0.415385,0.576923,0.250385,0.403846,,281751.6346
2026-03-05,1218,NaN,308,0.092571,0.168312,0.233766,0.101455,0.163636,,220508.7727
2026-03-05,1594,NaN,304,0.101605,0.184737,0.256579,0.111355,0.179605,,181847.0987
2026-03-05,1623,NaN,301,0.019734,0.03588,0.049834,0.021628,0.034884,,116095.4385
2026-03-05,1622,NaN,298,0.025248,0.045906,0.063758,0.027671,0.044631,,118034.6946
2026-03-05,1112,Qualified,295,0.369153,0.671186,0.932203,0.404576,0.652542,,409236.2102
2026-03-05,1347,NaN,295,0.251024,0.456407,0.633898,0.275112,0.443729,,328715.0373
2026-03-05,1173,NaN,295,0.087254,0.158644,0.220339,0.095627,0.154237,,137179.4271
2026-03-05,1191,Qualified,294,0.374449,0.680816,0.945578,0.410381,0.661905,,328189.2177
2026-03-05,1605,NaN,293,0.112177,0.203959,0.283276,0.122942,0.198294,,125828.2287
2026-03-05,1277,NaN,292,0.126123,0.229315,0.318493,0.138226,0.222945,,100842.5377
2026-03-05,1625,NaN,286,0.038769,0.07049,0.097902,0.04249,0.068531,,154271.6014
2026-03-05,1558,NaN,286,0.213231,0.387692,0.538462,0.233692,0.376923,,220995.1049
2026-03-05,1339,NaN,283,0.111943,0.203534,0.282686,0.122686,0.19788,,196526.7809
2026-03-05,1360,Qualified,280,0.380443,0.691714,0.960714,0.41695,0.6725,,350616.5143
2026-03-05,1603,NaN,280,0.083443,0.151714,0.210714,0.09145,0.1475,,98702.3321
2026-03-05,1607,NaN,278,0.126777,0.230504,0.320144,0.138942,0.224101,,148249.6043
2026-03-05,1328,NaN,277,0.203004,0.369097,0.512635,0.222484,0.358845,,247096.1408
2026-03-05,1302,Qualified,276,0.355826,0.646957,0.898551,0.389971,0.628986,,488748.8913
2026-03-05,1122,Qualified,275,0.39312,0.714764,0.992727,0.430844,0.694909,,479333.2873
2026-03-05,1586,NaN,274,0.03035,0.055182,0.076642,0.033263,0.05365,,59772.635
2026-03-05,1081,NaN,271,0.208959,0.379926,0.527675,0.229011,0.369373,,183682.0443
2026-03-05,1314,NaN,270,0.1848,0.336,0.466667,0.202533,0.326667,,226427.163
2026-03-05,1311,NaN,269,0.160461,0.291747,0.405204,0.175859,0.283643,,255140.2491
2026-03-05,1499,NaN,262,0.173817,0.316031,0.438931,0.190496,0.307252,,193599.645
2026-03-05,1188,NaN,260,0.214754,0.390462,0.542308,0.235362,0.379615,,246230.0308
2026-03-05,1576,NaN,256,0.139219,0.253125,0.351563,0.152578,0.246094,,150787.4805
2026-03-05,678,NaN,255,0.091624,0.166588,0.231373,0.100416,0.161961,,138070.9176
2026-03-05,1223,NaN,255,0.145976,0.265412,0.368627,0.159984,0.258039,,171738.0588
2026-03-05,1329,NaN,253,0.239478,0.435415,0.604743,0.262458,0.42332,,340679.2292
2026-03-05,31,NaN,253,0.244174,0.443953,0.616601,0.267605,0.431621,,458792.6917
2026-03-05,1214,NaN,253,0.070435,0.128063,0.177866,0.077194,0.124506,,84842.3874
2026-03-05,324,NaN,248,0.201194,0.365806,0.508065,0.2205,0.355645,,210751.3508
2026-03-05,1371,Qualified,245,0.303869,0.55249,0.767347,0.333029,0.537143,,574989.1306
2026-03-05,1444,NaN,244,0.198,0.36,0.5,0.217,0.35,,251885.4344
2026-03-05,1211,NaN,243,0.213481,0.388148,0.539095,0.233967,0.377366,,252131.3457
2026-03-05,1606,NaN,240,0.16335,0.297,0.4125,0.179025,0.28875,,157829.3583
2026-03-05,1636,NaN,237,0.030076,0.054684,0.075949,0.032962,0.053165,,136628.5021
2026-03-05,1243,NaN,237,0.242278,0.440506,0.611814,0.265527,0.42827,,222516.2996
2026-03-05,1424,NaN,234,0.106615,0.193846,0.269231,0.116846,0.188462,,312257.9402
2026-03-05,1493,NaN,234,0.196308,0.356923,0.495726,0.215145,0.347009,,272589.6624
2026-03-05,1090,NaN,233,0.188652,0.343004,0.476395,0.206755,0.333476,,224473.5923
2026-03-05,1638,NaN,233,0.081579,0.148326,0.206009,0.089408,0.144206,,112776.2446
2026-03-05,1165,NaN,226,0.136673,0.248496,0.345133,0.149788,0.241593,,195144.0088
2026-03-05,1442,NaN,224,0.180321,0.327857,0.455357,0.197625,0.31875,,222792.4152
2026-03-05,1560,NaN,224,0.243964,0.443571,0.616071,0.267375,0.43125,,309011.9107
2026-03-05,735,NaN,224,0.107839,0.196071,0.272321,0.118187,0.190625,,168377.4688
2026-03-05,1597,NaN,220,0.0756,0.137455,0.190909,0.082855,0.133636,,201103.8045
2026-03-05,613,NaN,218,0.176202,0.320367,0.444954,0.19311,0.311468,,235117.2477
2026-03-05,1540,Qualified,216,0.341,0.62,0.861111,0.373722,0.602778,,318814.6806
2026-03-05,1075,NaN,211,0.206445,0.375355,0.521327,0.226256,0.364929,,221307.3649
2026-03-05,1304,NaN,211,0.135128,0.245687,0.341232,0.148095,0.238863,,229009.1943
2026-03-05,1296,Qualified,211,0.375355,0.682464,0.947867,0.411374,0.663507,,515614.5403
2026-03-05,1548,Qualified,209,0.333474,0.606316,0.842105,0.365474,0.589474,,361072.3301
2026-03-05,1239,NaN,205,0.168059,0.305561,0.42439,0.184185,0.297073,,332964.3561
2026-03-05,1487,NaN,202,0.203881,0.370693,0.514851,0.223446,0.360396,,342699.7277
2026-03-05,504,NaN,202,0.186238,0.338614,0.470297,0.204109,0.329208,,184012.4455
2026-03-05,1135,NaN,201,0.248239,0.451343,0.626866,0.27206,0.438806,,291213.3433
2026-03-05,1132,NaN,201,0.242328,0.440597,0.61194,0.265582,0.428358,,377662.7761
2026-03-05,1364,NaN,200,0.10098,0.1836,0.255,0.11067,0.1785,,149437.24
2026-03-05,1420,Qualified,197,0.291472,0.529949,0.736041,0.319442,0.515228,,575734.9695
2026-03-05,1127,NaN,197,0.219107,0.398376,0.553299,0.240132,0.38731,,200018.3909
2026-03-05,41,NaN,195,0.225415,0.409846,0.569231,0.247046,0.398462,,332594.7077
2026-03-05,1110,NaN,190,0.152147,0.276632,0.384211,0.166747,0.268947,,434495.0632
2026-03-05,1327,NaN,190,0.239684,0.435789,0.605263,0.262684,0.423684,,245320.9526
2026-03-05,68,NaN,189,0.094286,0.171429,0.238095,0.103333,0.166667,,118467.328
2026-03-05,751,NaN,189,0.079619,0.144762,0.201058,0.087259,0.140741,,108055.3968
2026-03-05,1494,NaN,188,0.261191,0.474894,0.659574,0.286255,0.461702,,345134.3936
2026-03-05,1436,NaN,188,0.261191,0.474894,0.659574,0.286255,0.461702,,980374.2021
2026-03-05,1303,Qualified,185,0.35747,0.649946,0.902703,0.391773,0.631892,,424600.1568
2026-03-05,1485,Qualified,184,0.301304,0.547826,0.76087,0.330217,0.532609,,421534.7826
2026-03-05,804,NaN,183,0.175279,0.318689,0.442623,0.192098,0.309836,,248850.0546
2026-03-05,1236,Qualified,183,0.393836,0.716066,0.994536,0.431628,0.696175,,335712.9344
2026-03-05,1604,NaN,181,0.129083,0.234696,0.325967,0.14147,0.228177,,128339.2044
2026-03-05,1146,NaN,180,0.1232,0.224,0.311111,0.135022,0.217778,,288861.3722
2026-03-05,1632,NaN,178,0.040045,0.072809,0.101124,0.043888,0.070787,,207461.264
2026-03-05,1635,NaN,177,0.046983,0.085424,0.118644,0.051492,0.083051,,117592.3672
2026-03-05,1570,NaN,177,0.134237,0.244068,0.338983,0.147119,0.237288,,282351.0339
2026-03-05,1092,NaN,176,0.135,0.245455,0.340909,0.147955,0.238636,,132957.25
2026-03-05,1246,NaN,174,0.150207,0.273103,0.37931,0.164621,0.265517,,157211.4713
2026-03-05,1279,NaN,173,0.080116,0.145665,0.202312,0.087803,0.141618,,83881.237
2026-03-05,1537,Qualified,173,0.320462,0.582659,0.809249,0.351214,0.566474,,334837.474
2026-03-05,1093,NaN,170,0.130447,0.237176,0.329412,0.142965,0.230588,,105960.8529
2026-03-05,1260,NaN,170,0.097835,0.177882,0.247059,0.107224,0.172941,,92503.5294
2026-03-05,1074,NaN,169,0.194485,0.353609,0.491124,0.213148,0.343787,,273829.7633
2026-03-05,1160,NaN,168,0.202714,0.368571,0.511905,0.222167,0.358333,,252308.7262
2026-03-05,1575,NaN,165,0.1248,0.226909,0.315152,0.136776,0.220606,,150270.9515
2026-03-05,29,NaN,164,0.248707,0.452195,0.628049,0.272573,0.439634,,510297.4268
2026-03-05,1395,Qualified,163,0.361988,0.65816,0.91411,0.396724,0.639877,,435974.4049
2026-03-05,1167,Qualified,162,0.352,0.64,0.888889,0.385778,0.622222,,208270.8457
2026-03-05,1399,Qualified,161,0.373863,0.679752,0.944099,0.409739,0.66087,,591459.2236
2026-03-05,1119,Qualified,159,0.378566,0.688302,0.955975,0.414893,0.669182,,546995.4591
2026-03-05,1193,Qualified,158,0.373443,0.678987,0.943038,0.409278,0.660127,,393298.8165
2026-03-05,852,Qualified,157,0.350599,0.637452,0.88535,0.384242,0.619745,,454671.8217
2026-03-05,1440,NaN,157,0.216917,0.394395,0.547771,0.237732,0.383439,,246771.3057
2026-03-05,1526,NaN,156,0.157385,0.286154,0.397436,0.172487,0.278205,,149932.9231
2026-03-05,1525,NaN,152,0.184974,0.336316,0.467105,0.202724,0.326974,,233347.6579
2026-03-05,1111,Qualified,149,0.372081,0.67651,0.939597,0.407785,0.657718,,400890.6242
2026-03-05,1195,Qualified,149,0.377396,0.686174,0.95302,0.413611,0.667114,,427629.5034
2026-03-05,1592,NaN,148,0.136459,0.248108,0.344595,0.149554,0.241216,,124091.2635
2026-03-05,1633,NaN,148,0.029432,0.053514,0.074324,0.032257,0.052027,,204790.7905
2026-03-05,1137,NaN,147,0.223592,0.406531,0.564626,0.245048,0.395238,,224585.898
2026-03-05,1443,NaN,147,0.22898,0.416327,0.578231,0.250952,0.404762,,246375.0068
2026-03-05,1194,Qualified,146,0.377014,0.685479,0.952055,0.413192,0.666438,,415216.1438
2026-03-05,1578,NaN,146,0.160027,0.290959,0.40411,0.175384,0.282877,,151113.9384
2026-03-05,1118,Qualified,146,0.368877,0.670685,0.931507,0.404274,0.652055,,624320.3973
2026-03-05,1159,NaN,145,0.152938,0.278069,0.386207,0.167614,0.270345,,232959.9103
2026-03-05,1563,NaN,145,0.177517,0.322759,0.448276,0.194552,0.313793,,204503.5379
2026-03-05,1136,NaN,144,0.25025,0.455,0.631944,0.274264,0.442361,,202313.5069
2026-03-05,1555,NaN,144,0.1485,0.27,0.375,0.16275,0.2625,,289126.8472
2026-03-05,1553,NaN,144,0.13475,0.245,0.340278,0.147681,0.238194,,268040.5278
2026-03-05,1356,NaN,144,0.2255,0.41,0.569444,0.247139,0.398611,,234206.0278
2026-03-05,1079,NaN,143,0.221538,0.402797,0.559441,0.242797,0.391608,,263024.9021
2026-03-05,1480,NaN,142,0.237042,0.430986,0.598592,0.259789,0.419014,,253811.5634
2026-03-05,1627,NaN,142,0.030676,0.055775,0.077465,0.03362,0.054225,,182083.3451
2026-03-05,1394,Qualified,141,0.381957,0.694468,0.964539,0.41861,0.675177,,431591.7092
2026-03-05,1581,NaN,141,0.171319,0.311489,0.432624,0.187759,0.302837,,235255.6738
2026-03-05,1179,NaN,140,0.254571,0.462857,0.642857,0.279,0.45,,574102.2429
2026-03-05,1169,NaN,140,0.115971,0.210857,0.292857,0.1271,0.205,,150821.7643
2026-03-05,918,NaN,138,0.183652,0.333913,0.463768,0.201275,0.324638,,234004.5652
2026-03-05,1392,Qualified,137,0.346861,0.630657,0.875912,0.380146,0.613139,,403806.1898
2026-03-05,26,NaN,136,0.122294,0.222353,0.308824,0.134029,0.216176,,196550.3971
2026-03-05,1080,NaN,136,0.198,0.36,0.5,0.217,0.35,,190738.7279
2026-03-05,1531,NaN,136,0.241676,0.439412,0.610294,0.264868,0.427206,,512047.9191
2026-03-05,1209,Qualified,136,0.291176,0.529412,0.735294,0.319118,0.514706,,420138.1544
2026-03-05,1542,Qualified,136,0.337765,0.614118,0.852941,0.370176,0.597059,,434788.9559
2026-03-05,1539,Qualified,134,0.342806,0.623284,0.865672,0.375701,0.60597,,322743.5
2026-03-05,1460,NaN,133,0.169714,0.308571,0.428571,0.186,0.3,,545158.4737
2026-03-05,1259,NaN,133,0.172692,0.313985,0.43609,0.189263,0.305263,,224491.9023
2026-03-05,1184,NaN,132,0.225,0.409091,0.568182,0.246591,0.397727,,254814.3333
2026-03-05,1628,NaN,132,0.027,0.049091,0.068182,0.029591,0.047727,,193463.0
2026-03-05,1547,Qualified,132,0.336,0.610909,0.848485,0.368242,0.593939,,339713.947
2026-03-05,1121,Qualified,130,0.392954,0.714462,0.992308,0.430662,0.694615,,598745.0538
2026-03-05,478,NaN,127,0.152787,0.277795,0.385827,0.167449,0.270079,,147526.4173
2026-03-05,1468,Qualified,127,0.367937,0.668976,0.929134,0.403244,0.650394,,749702.2362
2026-03-05,1345,NaN,125,0.2376,0.432,0.6,0.2604,0.42,,380601.864
2026-03-05,1495,NaN,124,0.217161,0.394839,0.548387,0.238,0.383871,,330182.8387
2026-03-05,1497,NaN,123,0.209268,0.380488,0.528455,0.22935,0.369919,,297798.748
2026-03-05,1577,NaN,123,0.13522,0.245854,0.341463,0.148195,0.239024,,166265.1301
2026-03-05,1335,NaN,122,0.217475,0.39541,0.54918,0.238344,0.384426,,248062.2459
2026-03-05,1536,Qualified,121,0.382909,0.696198,0.966942,0.419653,0.67686,,406086.2066
2026-03-05,1402,Qualified,120,0.3597,0.654,0.908333,0.394217,0.635833,,563383.4083
2026-03-05,1595,NaN,119,0.093176,0.169412,0.235294,0.102118,0.164706,,159884.4538
2026-03-05,1224,NaN,118,0.218136,0.39661,0.550847,0.239068,0.385593,,246522.5847
2026-03-05,1142,NaN,117,0.162462,0.295385,0.410256,0.178051,0.287179,,382827.9145
2026-03-05,1255,NaN,116,0.160448,0.291724,0.405172,0.175845,0.283621,,114666.1207
2026-03-05,1579,NaN,112,0.102536,0.186429,0.258929,0.112375,0.18125,,136196.8839
2026-03-05,1506,NaN,112,0.144964,0.263571,0.366071,0.158875,0.25625,,460452.6429
2026-03-05,1449,Qualified,112,0.339429,0.617143,0.857143,0.372,0.6,,531421.5893
2026-03-05,1333,Qualified,110,0.288,0.523636,0.727273,0.315636,0.509091,,353118.6273
2026-03-05,1161,NaN,110,0.1908,0.346909,0.481818,0.209109,0.337273,,231123.0636
2026-03-05,1213,NaN,109,0.19255,0.350092,0.486239,0.211028,0.340367,,140806.5321
2026-03-05,1500,NaN,109,0.19255,0.350092,0.486239,0.211028,0.340367,,247383.2844
2026-03-05,1068,NaN,108,0.179667,0.326667,0.453704,0.196907,0.317593,,484677.5463
2026-03-05,1166,Qualified,108,0.293333,0.533333,0.740741,0.321481,0.518519,,429754.1389
2026-03-05,1100,NaN,106,0.231623,0.421132,0.584906,0.253849,0.409434,,597715.4717
2026-03-05,1200,Qualified,105,0.380914,0.692571,0.961905,0.417467,0.673333,,493707.2381
2026-03-05,1342,NaN,103,0.123029,0.223689,0.31068,0.134835,0.217476,,197100.0777
2026-03-05,1295,Qualified,103,0.384466,0.699029,0.970874,0.421359,0.679612,,532515.301
2026-03-05,1113,Qualified,102,0.388235,0.705882,0.980392,0.42549,0.686275,,616314.1863
2026-03-05,1543,Qualified,101,0.313663,0.570297,0.792079,0.343762,0.554455,,445911.2475
2026-03-05,1289,Qualified,101,0.368554,0.670099,0.930693,0.403921,0.651485,,593433.1881
2026-03-05,1393,Qualified,100,0.35244,0.6408,0.89,0.38626,0.623,,428198.36
2026-03-05,1163,NaN,100,0.19008,0.3456,0.48,0.20832,0.336,,306013.77
2026-03-05,1245,NaN,100,0.13464,0.2448,0.34,0.14756,0.238,,117944.5
2026-03-05,1192,Qualified,99,0.384,0.698182,0.969697,0.420848,0.678788,,434369.4242
2026-03-05,1078,NaN,99,0.24,0.436364,0.606061,0.26303,0.424242,,358735.2828
2026-03-05,1244,NaN,99,0.196,0.356364,0.494949,0.214808,0.346465,,226555.7071
2026-03-05,1472,Qualified,97,0.351093,0.638351,0.886598,0.384784,0.620619,,629588.0206
2026-03-05,1470,Qualified,96,0.363,0.66,0.916667,0.397833,0.641667,,684491.6042
2026-03-05,1482,NaN,94,0.202213,0.36766,0.510638,0.221617,0.357447,,341671.4043
2026-03-05,1294,Qualified,94,0.374936,0.681702,0.946809,0.410915,0.662766,,508362.617
2026-03-05,1351,NaN,94,0.164298,0.298723,0.414894,0.180064,0.290426,,431463.8617
2026-03-05,1538,Qualified,94,0.341234,0.620426,0.861702,0.373979,0.603191,,321821.1596
2026-03-05,1479,NaN,94,0.198,0.36,0.5,0.217,0.35,,231913.8511
2026-03-05,1471,Qualified,94,0.315957,0.574468,0.797872,0.346277,0.558511,,554732.1064
2026-03-05,1083,NaN,93,0.221419,0.402581,0.55914,0.242667,0.391398,,355639.9785
2026-03-05,1498,NaN,93,0.174581,0.317419,0.44086,0.191333,0.308602,,262497.5914
2026-03-05,1336,NaN,93,0.183097,0.332903,0.462366,0.200667,0.323656,,214110.828
2026-03-05,1227,NaN,92,0.26687,0.485217,0.673913,0.292478,0.471739,,449646.2174
2026-03-05,1527,NaN,92,0.116217,0.211304,0.293478,0.12737,0.205435,,273630.6957
2026-03-05,592,NaN,90,0.0616,0.112,0.155556,0.067511,0.108889,,68526.3333
2026-03-05,1541,Qualified,89,0.289213,0.525843,0.730337,0.316966,0.511236,,280573.1685
2026-03-05,1361,Qualified,89,0.373753,0.679551,0.94382,0.409618,0.660674,,711069.4719
2026-03-05,1318,NaN,89,0.15573,0.283146,0.393258,0.170674,0.275281,,498306.4157
2026-03-05,1630,NaN,89,0.022247,0.040449,0.05618,0.024382,0.039326,,160346.6629
2026-03-05,1473,Qualified,89,0.342607,0.622921,0.865169,0.375483,0.605618,,550499.7528
2026-03-05,1544,Qualified,88,0.3465,0.63,0.875,0.37975,0.6125,,322256.9659
2026-03-05,1196,Qualified,88,0.396,0.72,1.0,0.434,0.7,,424182.8068
2026-03-05,1403,NaN,88,0.18,0.327273,0.454545,0.197273,0.318182,,177763.2159
2026-03-05,1600,NaN,88,0.1485,0.27,0.375,0.16275,0.2625,,227466.5341
2026-03-05,1198,Qualified,87,0.396,0.72,1.0,0.434,0.7,,549668.931
2026-03-05,1348,NaN,85,0.209647,0.381176,0.529412,0.229765,0.370588,,308325.5882
2026-03-05,1368,NaN,85,0.218965,0.398118,0.552941,0.239976,0.387059,,417328.3176
2026-03-05,1587,NaN,85,0.135106,0.245647,0.341176,0.148071,0.238824,,137811.2118
2026-03-05,1309,NaN,83,0.209928,0.381687,0.53012,0.230072,0.371084,,484944.988
2026-03-05,1524,NaN,83,0.147904,0.268916,0.373494,0.162096,0.261446,,187548.8795
2026-03-05,888,Qualified,83,0.376916,0.685301,0.951807,0.413084,0.666265,,664192.2048
2026-03-05,1599,NaN,82,0.077268,0.140488,0.195122,0.084683,0.136585,,143460.5976
2026-03-05,1398,Qualified,81,0.366667,0.666667,0.925926,0.401852,0.648148,,576575.7901
2026-03-05,1249,NaN,80,0.12375,0.225,0.3125,0.135625,0.21875,,183367.8125
2026-03-05,1278,NaN,78,0.116769,0.212308,0.294872,0.127974,0.20641,,71610.4615
2026-03-05,1571,NaN,78,0.192923,0.350769,0.487179,0.211436,0.341026,,432392.7821
2026-03-05,1262,Qualified,78,0.309692,0.563077,0.782051,0.33941,0.547436,,442698.2308
2026-03-05,1561,Qualified,78,0.289385,0.526154,0.730769,0.317154,0.511538,,548566.7564
2026-03-05,575,NaN,78,0.238615,0.433846,0.602564,0.261513,0.421795,,402255.8846
2026-03-05,1344,NaN,78,0.228462,0.415385,0.576923,0.250385,0.403846,,353619.7436
2026-03-05,1611,NaN,77,0.174857,0.317922,0.441558,0.191636,0.309091,,161270.9221
2026-03-05,505,NaN,76,0.171947,0.312632,0.434211,0.188447,0.303947,,179291.4605
2026-03-05,1281,NaN,75,0.11616,0.2112,0.293333,0.127307,0.205333,,173508.5733
2026-03-05,1263,Qualified,75,0.33792,0.6144,0.853333,0.370347,0.597333,,548710.9467
2026-03-05,1634,NaN,74,0.037459,0.068108,0.094595,0.041054,0.066216,,249060.2027
2026-03-05,1631,NaN,74,0.021405,0.038919,0.054054,0.023459,0.037838,,114296.0135
2026-03-05,1046,NaN,73,0.184438,0.335342,0.465753,0.202137,0.326027,,257168.5342
2026-03-05,1601,NaN,72,0.0935,0.17,0.236111,0.102472,0.165278,,127914.3056
2026-03-05,1234,NaN,72,0.176,0.32,0.444444,0.192889,0.311111,,274745.0556
2026-03-05,1202,Qualified,72,0.385,0.7,0.972222,0.421944,0.680556,,612541.7361
2026-03-05,929,Qualified,70,0.373371,0.678857,0.942857,0.4092,0.66,,506668.7571
2026-03-05,1115,Qualified,70,0.379029,0.689143,0.957143,0.4154,0.67,,647447.9
2026-03-05,1129,NaN,70,0.0792,0.144,0.2,0.0868,0.14,,171347.8571
2026-03-05,1240,NaN,70,0.203657,0.370286,0.514286,0.2232,0.36,,518623.2429
2026-03-05,1496,NaN,68,0.198,0.36,0.5,0.217,0.35,,365189.75
2026-03-05,1447,Qualified,68,0.378529,0.688235,0.955882,0.414853,0.669118,,807745.9706
2026-03-05,1343,NaN,68,0.168882,0.307059,0.426471,0.185088,0.298529,,273059.7647
2026-03-05,1282,NaN,68,0.133941,0.243529,0.338235,0.146794,0.236765,,184365.5147
2026-03-05,1308,NaN,68,0.145588,0.264706,0.367647,0.159559,0.257353,,142119.1176
2026-03-05,1248,NaN,68,0.180529,0.328235,0.455882,0.197853,0.319118,,156287.4412
2026-03-05,1396,Qualified,66,0.378,0.687273,0.954545,0.414273,0.668182,,506170.2879
2026-03-05,1174,NaN,66,0.18,0.327273,0.454545,0.197273,0.318182,,204183.0303
2026-03-05,1459,NaN,65,0.121846,0.221538,0.307692,0.133538,0.215385,,378861.9077
2026-03-05,1114,Qualified,65,0.389908,0.708923,0.984615,0.427323,0.689231,,526066.2308
2026-03-05,1400,Qualified,65,0.365538,0.664615,0.923077,0.400615,0.646154,,442871.5077
2026-03-05,1299,Qualified,65,0.359446,0.653538,0.907692,0.393938,0.635385,,580735.1846
2026-03-05,1620,NaN,64,0.092812,0.16875,0.234375,0.101719,0.164063,,395641.1406
2026-03-05,1590,NaN,64,0.17325,0.315,0.4375,0.189875,0.30625,,133629.4531
2026-03-05,1401,Qualified,62,0.344903,0.627097,0.870968,0.378,0.609677,,354696.0
2026-03-05,1520,NaN,61,0.116852,0.212459,0.295082,0.128066,0.206557,,161206.8852
2026-03-05,1273,NaN,61,0.279148,0.507541,0.704918,0.305934,0.493443,,680517.082
2026-03-05,1105,NaN,61,0.220721,0.401311,0.557377,0.241902,0.390164,,260852.3443
2026-03-05,1162,NaN,61,0.240197,0.436721,0.606557,0.263246,0.42459,,480931.8033
2026-03-05,1216,Qualified,60,0.33,0.6,0.833333,0.361667,0.583333,,612136.6
2026-03-05,1106,Qualified,60,0.2838,0.516,0.716667,0.311033,0.501667,,353269.3
2026-03-05,1077,NaN,60,0.2574,0.468,0.65,0.2821,0.455,,242256.1833
2026-03-05,1546,Qualified,59,0.342305,0.622373,0.864407,0.375153,0.605085,,515223.3729
2026-03-05,1357,Qualified,58,0.286759,0.521379,0.724138,0.314276,0.506897,,503207.1207
2026-03-05,1454,Qualified,58,0.361862,0.657931,0.913793,0.396586,0.639655,,887406.1552
2026-03-05,1288,Qualified,58,0.355034,0.645517,0.896552,0.389103,0.627586,,391439.0172
2026-03-05,1120,Qualified,58,0.389172,0.707586,0.982759,0.426517,0.687931,,377949.4828
2026-03-05,614,NaN,57,0.104211,0.189474,0.263158,0.114211,0.184211,,125345.9649
2026-03-05,1397,Qualified,57,0.382105,0.694737,0.964912,0.418772,0.675439,,590725.0526
2026-03-05,1467,Qualified,57,0.340421,0.618947,0.859649,0.373088,0.601754,,587999.6842
2026-03-05,1199,Qualified,55,0.3888,0.706909,0.981818,0.426109,0.687273,,483967.4727
2026-03-05,1117,Qualified,54,0.359333,0.653333,0.907407,0.393815,0.635185,,381598.4074
2026-03-05,1334,NaN,54,0.205333,0.373333,0.518519,0.225037,0.362963,,310184.7778
2026-03-05,1172,NaN,52,0.236077,0.429231,0.596154,0.258731,0.417308,,323583.5
2026-03-05,1252,NaN,51,0.178588,0.324706,0.45098,0.195725,0.315686,,146650.5686
2026-03-05,1164,NaN,50,0.22968,0.4176,0.58,0.25172,0.406,,312738.2
2026-03-05,1404,NaN,50,0.1584,0.288,0.4,0.1736,0.28,,209000.98
2026-03-05,1330,Qualified,49,0.282857,0.514286,0.714286,0.31,0.5,,334737.6939
2026-03-05,1349,NaN,49,0.210122,0.382041,0.530612,0.230286,0.371429,,262259.9592
2026-03-05,1591,NaN,48,0.1485,0.27,0.375,0.16275,0.2625,,139189.5833
2026-03-05,853,Qualified,48,0.35475,0.645,0.895833,0.388792,0.627083,,518284.3125
2026-03-05,1143,NaN,47,0.210638,0.382979,0.531915,0.230851,0.37234,,633051.8298
2026-03-05,1108,NaN,47,0.235915,0.428936,0.595745,0.258553,0.417021,,285953.4468
2026-03-05,1332,NaN,47,0.24434,0.444255,0.617021,0.267787,0.431915,,325642.0213
2026-03-05,1372,NaN,47,0.24434,0.444255,0.617021,0.267787,0.431915,,630261.3404
2026-03-05,1508,Qualified,47,0.337021,0.612766,0.851064,0.369362,0.595745,,405994.6809
2026-03-05,1147,NaN,46,0.172174,0.313043,0.434783,0.188696,0.304348,,496954.7391
2026-03-05,1293,Qualified,46,0.318522,0.57913,0.804348,0.349087,0.563043,,569583.7391
2026-03-05,1486,NaN,46,0.163565,0.297391,0.413043,0.179261,0.28913,,324579.8696
2026-03-05,1477,NaN,45,0.1848,0.336,0.466667,0.202533,0.326667,,304710.8889
2026-03-05,1367,Qualified,45,0.2992,0.544,0.755556,0.327911,0.528889,,389861.2222
2026-03-05,1217,NaN,44,0.081,0.147273,0.204545,0.088773,0.143182,,129989.6364
2026-03-05,1375,NaN,44,0.09,0.163636,0.227273,0.098636,0.159091,,68939.3182
2026-03-05,1088,NaN,44,0.27,0.490909,0.681818,0.295909,0.477273,,247180.8409
2026-03-05,1171,NaN,43,0.12893,0.234419,0.325581,0.141302,0.227907,,195299.8605
2026-03-05,1465,Qualified,43,0.359163,0.653023,0.906977,0.393628,0.634884,,670889.4651
2026-03-05,1116,Qualified,43,0.386791,0.703256,0.976744,0.423907,0.683721,,426821.9302
2026-03-05,1268,NaN,43,0.147349,0.267907,0.372093,0.161488,0.260465,,180351.7442
2026-03-05,1481,Qualified,43,0.294698,0.535814,0.744186,0.322977,0.52093,,291828.1628
2026-03-05,1511,Qualified,43,0.349953,0.636279,0.883721,0.383535,0.618605,,352468.8605
2026-03-05,1338,NaN,42,0.226286,0.411429,0.571429,0.248,0.4,,482657.4286
2026-03-05,1602,NaN,42,0.122571,0.222857,0.309524,0.134333,0.216667,,183732.619
2026-03-05,1185,NaN,41,0.154537,0.280976,0.390244,0.169366,0.273171,,136221.7317
2026-03-05,1197,Qualified,41,0.376683,0.684878,0.95122,0.412829,0.665854,,386798.1951
2026-03-05,1488,NaN,41,0.222146,0.403902,0.560976,0.243463,0.392683,,270746.122
2026-03-05,928,Qualified,41,0.376683,0.684878,0.95122,0.412829,0.665854,,531964.6585
2026-03-05,1190,Qualified,41,0.367024,0.667317,0.926829,0.402244,0.64878,,425400.6098
2026-03-05,1510,Qualified,40,0.3366,0.612,0.85,0.3689,0.595,,347162.675
2026-03-05,1170,NaN,40,0.2475,0.45,0.625,0.27125,0.4375,,465394.475
2026-03-05,1254,NaN,40,0.1683,0.306,0.425,0.18445,0.2975,,138463.3
2026-03-05,1523,NaN,40,0.1881,0.342,0.475,0.20615,0.3325,,255863.425
2026-03-05,1107,Qualified,39,0.324923,0.590769,0.820513,0.356103,0.574359,,408837.6667
2026-03-05,1518,NaN,37,0.160541,0.291892,0.405405,0.175946,0.283784,,120492.4324
2026-03-05,1519,NaN,37,0.149838,0.272432,0.378378,0.164216,0.264865,,123762.973
2026-03-05,1464,Qualified,37,0.331784,0.603243,0.837838,0.363622,0.586486,,817853.0811
2026-03-05,1291,Qualified,37,0.353189,0.642162,0.891892,0.387081,0.624324,,658784.7297
2026-03-05,1484,Qualified,37,0.353189,0.642162,0.891892,0.387081,0.624324,,716521.7838
2026-03-05,1517,NaN,37,0.11773,0.214054,0.297297,0.129027,0.208108,,118266.7568
2026-03-05,1469,Qualified,37,0.342486,0.622703,0.864865,0.375351,0.605405,,877492.3243
2026-03-05,1337,NaN,35,0.203657,0.370286,0.514286,0.2232,0.36,,268622.5429
2026-03-05,1319,NaN,35,0.260229,0.473143,0.657143,0.2852,0.46,,760483.3714
2026-03-05,809,NaN,35,0.0792,0.144,0.2,0.0868,0.14,,101197.2571
2026-03-05,1346,NaN,35,0.271543,0.493714,0.685714,0.2976,0.48,,425158.2286
2026-03-05,1201,Qualified,35,0.373371,0.678857,0.942857,0.4092,0.66,,458047.0
2026-03-05,1352,NaN,35,0.045257,0.082286,0.114286,0.0496,0.08,,77165.7143
2026-03-05,1267,Qualified,34,0.326118,0.592941,0.823529,0.357412,0.576471,,498288.3235
2026-03-05,1521,NaN,34,0.116471,0.211765,0.294118,0.127647,0.205882,,217104.1176
2026-03-05,1624,NaN,33,0.024,0.043636,0.060606,0.026303,0.042424,,108777.1515
2026-03-05,1253,NaN,33,0.144,0.261818,0.363636,0.157818,0.254545,,132923.7879
2026-03-05,1297,Qualified,33,0.396,0.72,1.0,0.434,0.7,,548549.9091
2026-03-05,1388,NaN,33,0.204,0.370909,0.515152,0.223576,0.360606,,278369.4848
2026-03-05,1409,NaN,33,0.18,0.327273,0.454545,0.197273,0.318182,,132227.5152
2026-03-05,578,NaN,33,0.144,0.261818,0.363636,0.157818,0.254545,,175301.2121
2026-03-05,1269,Qualified,32,0.334125,0.6075,0.84375,0.366187,0.590625,,508870.0625
2026-03-05,1461,Qualified,32,0.396,0.72,1.0,0.434,0.7,,830139.0
2026-03-05,1513,Qualified,32,0.358875,0.6525,0.90625,0.393312,0.634375,,357743.0938
2026-03-05,1376,NaN,32,0.086625,0.1575,0.21875,0.094938,0.153125,,59960.9375
2026-03-05,1629,NaN,32,0.0,0.0,0.0,0.0,0.0,,160835.3125
2026-03-05,1292,Qualified,31,0.370452,0.673548,0.935484,0.406,0.654839,,587517.2903
2026-03-05,1139,NaN,31,0.089419,0.162581,0.225806,0.098,0.158065,,217594.0645
2026-03-05,821,NaN,31,0.140516,0.255484,0.354839,0.154,0.248387,,211310.5161
2026-03-05,572,NaN,31,0.114968,0.209032,0.290323,0.126,0.203226,,188312.6452
2026-03-05,1180,Qualified,30,0.33,0.6,0.833333,0.361667,0.583333,,1028497.0333
2026-03-05,1283,NaN,30,0.1188,0.216,0.3,0.1302,0.21,,112862.6
2026-03-05,1096,NaN,30,0.1716,0.312,0.433333,0.188067,0.303333,,146425.2667
2026-03-05,1504,Qualified,29,0.341379,0.62069,0.862069,0.374138,0.603448,,460836.4483
2026-03-05,1410,NaN,29,0.136552,0.248276,0.344828,0.149655,0.241379,,130452.1034
2026-03-05,1515,Qualified,28,0.325286,0.591429,0.821429,0.3565,0.575,,384638.7857
2026-03-05,1087,NaN,28,0.212143,0.385714,0.535714,0.2325,0.375,,81889.3214
2026-03-05,1489,NaN,28,0.240429,0.437143,0.607143,0.2635,0.425,,430354.0
2026-03-05,1285,NaN,28,0.127286,0.231429,0.321429,0.1395,0.225,,76557.25
2026-03-05,1532,Qualified,28,0.325286,0.591429,0.821429,0.3565,0.575,,848881.1786
2026-03-05,1250,NaN,27,0.132,0.24,0.333333,0.144667,0.233333,,254376.5185
2026-03-05,1247,NaN,27,0.22,0.4,0.555556,0.241111,0.388889,,316304.5556
2026-03-05,927,Qualified,26,0.350308,0.636923,0.884615,0.383923,0.619231,,468925.3846
2026-03-05,1101,Qualified,26,0.319846,0.581538,0.807692,0.350538,0.565385,,1218792.3077
2026-03-05,1556,NaN,26,0.198,0.36,0.5,0.217,0.35,,267788.3077
2026-03-05,1509,NaN,26,0.228462,0.415385,0.576923,0.250385,0.403846,,305610.9231
2026-03-05,229,NaN,26,0.198,0.36,0.5,0.217,0.35,,326236.8462
2026-03-05,1310,NaN,25,0.2376,0.432,0.6,0.2604,0.42,,486437.92
2026-03-05,1312,Qualified,25,0.30096,0.5472,0.76,0.32984,0.532,,476353.44
2026-03-05,1256,NaN,25,0.2376,0.432,0.6,0.2604,0.42,,148899.32
2026-03-05,1507,Qualified,25,0.38016,0.6912,0.96,0.41664,0.672,,492631.64
2026-03-05,777,Qualified,24,0.297,0.54,0.75,0.3255,0.525,,226495.3333
2026-03-05,1286,NaN,23,0.086087,0.156522,0.217391,0.094348,0.152174,,80558.8696
2026-03-05,1148,NaN,23,0.189391,0.344348,0.478261,0.207565,0.334783,,752183.4348
2026-03-05,1462,Qualified,23,0.361565,0.657391,0.913043,0.396261,0.63913,,718510.8696
2026-03-05,1565,Qualified,22,0.288,0.523636,0.727273,0.315636,0.509091,,511272.2727
2026-03-05,1275,NaN,22,0.072,0.130909,0.181818,0.078909,0.127273,,55443.1818
2026-03-05,1290,Qualified,21,0.358286,0.651429,0.904762,0.392667,0.633333,,585522.7619
2026-03-05,1380,NaN,21,0.113143,0.205714,0.285714,0.124,0.2,,224038.3333
2026-03-05,1448,Qualified,20,0.3366,0.612,0.85,0.3689,0.595,,1143210.7
2026-03-05,926,Qualified,20,0.297,0.54,0.75,0.3255,0.525,,327795.9
2026-03-05,1621,NaN,20,0.1188,0.216,0.3,0.1302,0.21,,635653.0
2026-03-05,1413,NaN,20,0.099,0.18,0.25,0.1085,0.175,,82437.8
2026-03-05,1280,NaN,19,0.104211,0.189474,0.263158,0.114211,0.184211,,154339.2105
2026-03-05,1505,Qualified,18,0.33,0.6,0.833333,0.361667,0.583333,,700415.3333
2026-03-05,1069,NaN,18,0.198,0.36,0.5,0.217,0.35,,849862.5556
2026-03-05,1274,Qualified,18,0.286,0.52,0.722222,0.313444,0.505556,,1245852.5556
2026-03-05,1095,NaN,18,0.11,0.2,0.277778,0.120556,0.194444,,94425.7222
2026-03-05,1241,NaN,18,0.264,0.48,0.666667,0.289333,0.466667,,697995.5556
2026-03-05,1463,Qualified,17,0.349412,0.635294,0.882353,0.382941,0.617647,,975997.7647
2026-03-05,1562,NaN,16,0.198,0.36,0.5,0.217,0.35,,505323.375
2026-03-05,1382,NaN,16,0.12375,0.225,0.3125,0.135625,0.21875,,95128.75
2026-03-05,1545,Qualified,16,0.297,0.54,0.75,0.3255,0.525,,237945.0
2026-03-05,1451,NaN,14,0.254571,0.462857,0.642857,0.279,0.45,,180804.0
2026-03-05,1450,NaN,14,0.226286,0.411429,0.571429,0.248,0.4,,290225.7143
2026-03-05,1094,NaN,14,0.113143,0.205714,0.285714,0.124,0.2,,199379.7143
2026-03-05,1615,NaN,13,0.060923,0.110769,0.153846,0.066769,0.107692,,71990.1538
2026-03-05,1626,NaN,13,0.030462,0.055385,0.076923,0.033385,0.053846,,112313.0769
2026-03-05,991,NaN,12,0.033,0.06,0.083333,0.036167,0.058333,,109881.6667
2026-03-05,1189,Qualified,12,0.396,0.72,1.0,0.434,0.7,,459003.75
2026-03-05,1257,NaN,12,0.231,0.42,0.583333,0.253167,0.408333,,195962.0833
2026-03-05,1613,NaN,11,0.144,0.261818,0.363636,0.157818,0.254545,,99671.0909
2026-03-05,1411,NaN,11,0.072,0.130909,0.181818,0.078909,0.127273,,170770.9091
2026-03-05,1453,NaN,11,0.216,0.392727,0.545455,0.236727,0.381818,,181970.9091
2026-03-05,1564,NaN,11,0.18,0.327273,0.454545,0.197273,0.318182,,257205.4545
2026-03-05,1612,NaN,11,0.108,0.196364,0.272727,0.118364,0.190909,,77257.8182
2026-03-05,1572,NaN,10,0.1584,0.288,0.4,0.1736,0.28,,793611.0
2026-03-05,1298,Qualified,10,0.396,0.72,1.0,0.434,0.7,,482201.0
2026-03-05,1374,NaN,10,0.1188,0.216,0.3,0.1302,0.21,,60232.0
2026-03-05,1373,Qualified,10,0.3168,0.576,0.8,0.3472,0.56,,1061825.6
2026-03-05,1503,NaN,9,0.264,0.48,0.666667,0.289333,0.466667,,658826.7778
2026-03-05,1616,NaN,8,0.1485,0.27,0.375,0.16275,0.2625,,92341.5
2026-03-05,1567,NaN,8,0.1485,0.27,0.375,0.16275,0.2625,,94553.25
2026-03-05,1614,NaN,8,0.198,0.36,0.5,0.217,0.35,,109007.75
2026-03-05,1377,NaN,8,0.1485,0.27,0.375,0.16275,0.2625,,55435.0
2026-03-05,1514,Qualified,8,0.3465,0.63,0.875,0.37975,0.6125,,404505.625
2026-03-05,1235,NaN,7,0.169714,0.308571,0.428571,0.186,0.3,,389425.7143
2026-03-05,1452,NaN,7,0.113143,0.205714,0.285714,0.124,0.2,,168104.8571
2026-03-05,1610,NaN,7,0.169714,0.308571,0.428571,0.186,0.3,,159422.8571
2026-03-05,1353,NaN,7,0.056571,0.102857,0.142857,0.062,0.1,,163400.0
2026-03-05,1144,Qualified,7,0.282857,0.514286,0.714286,0.31,0.5,,851430.0
2026-03-05,1385,Qualified,7,0.282857,0.514286,0.714286,0.31,0.5,,417129.4286
2026-03-05,1582,Qualified,7,0.282857,0.514286,0.714286,0.31,0.5,,281575.1429
2026-03-05,1466,Qualified,7,0.396,0.72,1.0,0.434,0.7,,907464.2857
2026-03-05,1355,NaN,6,0.0,0.0,0.0,0.0,0.0,,84583.3333
2026-03-05,1104,Qualified,5,0.3168,0.576,0.8,0.3472,0.56,,331300.6
2026-03-05,1483,NaN,5,0.2376,0.432,0.6,0.2604,0.42,,668963.0
2026-03-05,1149,NaN,5,0.0792,0.144,0.2,0.0868,0.14,,120932.0
2026-03-05,1522,NaN,5,0.0792,0.144,0.2,0.0868,0.14,,206446.0
2026-03-05,1379,NaN,5,0.1584,0.288,0.4,0.1736,0.28,,90264.0
2026-03-05,1549,NaN,5,0.1584,0.288,0.4,0.1736,0.28,,251620.0
2026-03-05,1566,NaN,5,0.1584,0.288,0.4,0.1736,0.28,,118386.0
2026-03-05,1156,Qualified,5,0.3168,0.576,0.8,0.3472,0.56,,361288.4
2026-03-05,1589,Qualified,4,0.297,0.54,0.75,0.3255,0.525,,548436.25
2026-03-05,1378,NaN,4,0.099,0.18,0.25,0.1085,0.175,,75925.0
2026-03-05,88,Qualified,4,0.297,0.54,0.75,0.3255,0.525,,847642.5
2026-03-05,1154,Qualified,4,0.396,0.72,1.0,0.434,0.7,,141725.0
2026-03-05,1152,NaN,3,0.132,0.24,0.333333,0.144667,0.233333,,176613.3333
2026-03-05,1585,NaN,3,0.0,0.0,0.0,0.0,0.0,,55066.6667
2026-03-05,992,NaN,3,0.0,0.0,0.0,0.0,0.0,,128700.0
2026-03-05,1150,NaN,3,0.264,0.48,0.666667,0.289333,0.466667,,188530.0
2026-03-05,1158,Qualified,2,0.396,0.72,1.0,0.434,0.7,,134485.0
2026-03-05,1151,Qualified,2,0.396,0.72,1.0,0.434,0.7,,151030.0
2026-03-05,1475,NaN,2,0.198,0.36,0.5,0.217,0.35,,1651600.0
2026-03-05,503,NaN,2,0.198,0.36,0.5,0.217,0.35,,863455.0
2026-03-05,1354,NaN,2,0.0,0.0,0.0,0.0,0.0,,87150.0
2026-03-05,736,NaN,2,0.198,0.36,0.5,0.217,0.35,,154700.0
2026-03-05,1103,Qualified,2,0.396,0.72,1.0,0.434,0.7,,398633.5
2026-03-05,1153,NaN,2,0.198,0.36,0.5,0.217,0.35,,188254.0
2026-03-05,1405,Qualified,1,0.396,0.72,1.0,0.434,0.7,,1808700.0
2026-03-05,1476,NaN,1,0.0,0.0,0.0,0.0,0.0,,203490.0
2026-03-05,1645,NaN,1,0.0,0.0,0.0,0.0,0.0,,64000.0
2026-03-05,1533,Qualified,1,0.396,0.72,1.0,0.434,0.7,,1166500.0
2026-03-05,1683,NaN,1,0.0,0.0,0.0,0.0,0.0,,52000.0
2026-03-05,682,NaN,1,0.0,0.0,0.0,0.0,0.0,,119900.0
2026-03-05,1186,Qualified,1,0.396,0.72,1.0,0.434,0.7,,1173500.0
2026-03-05,63,Qualified,1,0.396,0.72,1.0,0.434,0.7,,157000.0
2026-03-05,1574,Qualified,1,0.396,0.72,1.0,0.434,0.7,,491100.0
2026-03-05,1492,Qualified,1,0.396,0.72,1.0,0.434,0.7,,103500.0
2026-03-05,1307,Qualified,1,0.396,0.72,1.0,0.434,0.7,,51075.0
2026-03-05,1384,NaN,1,0.0,0.0,0.0,0.0,0.0,,23300.0
2026-03-05,1381,NaN,1,0.0,0.0,0.0,0.0,0.0,,23300.0
2026-03-05,1700,NaN,1,0.0,0.0,0.0,0.0,0.0,,360000.0
2026-03-05,1313,Qualified,1,0.396,0.72,1.0,0.434,0.7,,2834800.0
2026-03-05,1155,Qualified,1,0.396,0.72,1.0,0.434,0.7,,183300.0
2026-03-05,1474,NaN,1,0.0,0.0,0.0,0.0,0.0,,8600.0
2026-03-05,1516,Qualified,1,0.396,0.72,1.0,0.434,0.7,,1000261.0
2026-03-05,1675,Qualified,1,0.396,0.72,1.0,0.434,0.7,,279300.0
2026-03-05,1573,Qualified,1,0.396,0.72,1.0,0.434,0.7,,491100.0
2026-03-05,1588,NaN,1,0.0,0.0,0.0,0.0,0.0,,306250.0
