product_id,order_cnt,attach_rate,median_cart_size,breadth_lift,companion_cnt,top1_share,top3_share,volume_raw,volume_weight,CA_Core,CA_Pair,CA_Set,CA_Primary_Type,Basket_Gravity_Primary_Type
1090,238,0.9663865546218487,2,0.0,46,0.2803970223325062,0.5806451612903226,5.476463551931511,0.48211389450645764,False,False,False,None,None
1572,11,1.0,6,4.0,39,0.06666666666666667,0.18333333333333332,2.4849066497880004,0.1805927245160801,False,False,False,None,None
1394,143,0.993006993006993,5,3.0,44,0.21337579617834396,0.4410828025477707,4.969813299576001,0.43104825147734,False,False,False,None,None
714,380,0.9421052631578948,4,2.0,239,0.03184230477634572,0.09021986353297953,5.942799375126701,0.5291162172493377,False,False,False,None,None
1314,280,0.9964285714285714,5,3.0,218,0.04654895666131621,0.13402889245585875,5.638354669333745,0.4984310165692857,False,False,False,None,None
1136,145,0.8689655172413793,4,2.0,51,0.17783505154639176,0.4690721649484536,4.983606621708336,0.4324384903273569,False,False,False,None,None
1300,355,0.9943661971830986,5,3.0,58,0.2561919504643963,0.4504643962848297,5.87493073085203,0.5222756878204317,False,True,False,Pair,Pair
1334,54,0.9629629629629629,3,1.0,53,0.1497005988023952,0.2994011976047904,4.007333185232471,0.3340391890853148,False,False,False,None,None
1405,1,1.0,2,0.0,1,1.0,1.0,0.6931471805599453,0.0,False,False,False,None,None
1303,185,1.0,5,3.0,46,0.2333767926988266,0.4915254237288136,5.225746673713202,0.4568439601780973,False,True,False,Pair,Pair
1286,23,0.8695652173913043,3,1.0,19,0.28888888888888886,0.6222222222222222,3.1780538303479458,0.25045552696125994,False,False,False,None,None
1185,44,1.0,3,1.0,28,0.27848101265822783,0.5443037974683544,3.8066624897703196,0.31381344548164924,False,True,False,Pair,Pair
1266,1274,0.21821036106750394,1,-1.0,72,0.17465753424657535,0.3852739726027397,7.150701457592526,0.6508615361760633,False,False,False,None,None
1636,237,0.9915611814345991,5,3.0,57,0.23208879919273462,0.4106962663975782,5.472270673671475,0.4816912912934994,False,True,False,Pair,Pair
1278,78,0.7307692307692307,2,0.0,41,0.18333333333333332,0.4166666666666667,4.3694478524670215,0.3705369866224449,False,False,False,None,None
1454,63,0.9682539682539683,6,4.0,91,0.05154639175257732,0.14432989690721648,4.1588830833596715,0.349314012225899,False,False,False,None,None
1568,2121,1.0,3,1.0,151,0.15022798176145907,0.2543796496280298,7.660114319173928,0.7022056245743532,False,False,False,None,None
761,1121,0.9491525423728814,4,2.0,386,0.04241585984324574,0.10742277547256801,7.022868086082641,0.6379771187966522,False,False,False,None,None
1182,423,0.966903073286052,4,2.0,244,0.048064918851435705,0.10486891385767791,6.049733455231958,0.539894180029213,False,False,False,None,None
1238,1535,1.0,3,1.0,125,0.0954356846473029,0.2020228215767635,7.336936913707618,0.6696323416323388,False,False,False,None,None
1275,22,0.6818181818181818,2,0.0,15,0.18518518518518517,0.4444444444444444,3.1354942159291497,0.24616591283936243,False,False,False,None,None
26,136,0.7279411764705882,3,1.0,141,0.10704225352112676,0.16901408450704225,4.919980925828125,0.4260256107162396,False,False,False,None,None
876,424,0.964622641509434,3,1.0,299,0.034048852701702444,0.09622501850481126,6.052089168924417,0.5401316141051631,False,False,False,None,None
889,611,0.9459901800327333,4,2.0,269,0.10695499707773232,0.2004675628287551,6.416732282512326,0.5768842555672662,False,False,False,None,None
1448,20,1.0,4,2.0,34,0.1111111111111111,0.2857142857142857,3.044522437723423,0.23699680193893402,False,False,False,None,None
1208,449,0.9220489977728286,4,2.0,73,0.11236660389202763,0.2893910860012555,6.1092475827643655,0.5458926517118576,False,False,False,None,None
1147,46,1.0,4,2.0,50,0.10126582278481013,0.2721518987341772,3.8501476017100584,0.3181963411637731,False,False,False,None,None
678,261,0.9731800766283525,3,1.0,80,0.196,0.38,5.568344503761097,0.49137464166979444,False,False,False,None,None
68,197,0.9187817258883249,3,1.0,114,0.18099547511312217,0.27149321266968324,5.288267030694535,0.4631454318872667,False,False,False,None,None
1472,137,1.0,5,3.0,90,0.06581059390048154,0.18619582664526485,4.927253685157205,0.42675863735544256,False,False,False,None,None
1625,289,0.9965397923875432,4,2.0,72,0.20351526364477335,0.38575393154486587,5.66988092298052,0.5016085703300641,False,False,False,None,None
1557,484,0.9194214876033058,4,2.0,91,0.16743119266055045,0.4319571865443425,6.184148890937483,0.5534420083889732,False,False,False,None,None
1456,1224,1.0,3,1.0,138,0.36681715575620766,0.5105342362678705,7.110696122978827,0.6468293697513043,False,True,False,Pair,Pair
1451,14,1.0,5,3.0,26,0.16981132075471697,0.32075471698113206,2.70805020110221,0.20308352341074898,False,False,False,None,None
1538,95,1.0,5,3.0,33,0.2465753424657534,0.3863013698630137,4.564348191467836,0.3901811318516195,False,True,False,Pair,Pair
1461,32,0.9375,6,4.0,52,0.059880239520958084,0.16766467065868262,3.4965075614664802,0.2825527073711866,False,False,False,None,None
1348,88,0.9772727272727273,4,2.0,58,0.13253012048192772,0.3092369477911647,4.48863636973214,0.38255008293007203,False,False,False,None,None
1606,252,0.9523809523809523,4,2.0,107,0.0956221198156682,0.22004608294930875,5.53338948872752,0.48785150058482857,False,False,False,None,None
1442,224,0.9464285714285714,4,2.0,100,0.10519951632406288,0.21644498186215236,5.41610040220442,0.4760298492666778,False,False,False,None,None
1262,104,0.9615384615384616,4,2.0,153,0.08285714285714285,0.15714285714285714,4.653960350157523,0.3992132057239625,False,False,False,None,None
1122,281,0.7402135231316725,2,0.0,4,0.8509615384615384,0.9855769230769231,5.641907070938114,0.49878906567985326,False,False,False,None,None
1239,212,1.0,5,3.0,106,0.05914567360350493,0.13691128148959475,5.3612921657094255,0.4705056877234897,True,False,False,Core,Core
1146,180,1.0,3,1.0,61,0.146,0.374,5.198497031265826,0.4540974491334085,False,False,False,None,None
1163,109,0.9724770642201835,3,1.0,49,0.1346938775510204,0.3346938775510204,4.700480365792417,0.40390199153049466,False,False,False,None,None
1479,94,0.9680851063829787,5,3.0,74,0.08375634517766498,0.2131979695431472,4.553876891600541,0.3891257220130018,False,False,False,None,None
1597,226,0.9911504424778761,3,1.0,55,0.24334600760456274,0.564638783269962,5.424950017481403,0.4769218083500463,False,True,False,Pair,Pair
1599,83,0.963855421686747,3,1.0,58,0.11442786069651742,0.3034825870646766,4.430816798843313,0.37672240682929364,False,False,False,None,None
1186,3,0.3333333333333333,1,-1.0,1,1.0,1.0,1.3862943611198906,0.06986280244517981,False,False,False,None,None
1225,422,0.9834123222748815,3,1.0,90,0.1566696508504924,0.34825425246195163,6.0473721790462776,0.5396561853055737,False,False,False,None,None
1430,490,0.9918367346938776,5,3.0,205,0.05863039399624766,0.13930581613508441,6.19644412779452,0.5546812541475233,False,False,False,None,None
1204,499,0.9799599198396793,5,3.0,180,0.08300970873786408,0.18446601941747573,6.214608098422191,0.5565120138002653,False,False,False,None,None
1531,142,1.0,4,2.0,92,0.0674373795761079,0.19653179190751446,4.962844630259907,0.4303458742890742,False,False,False,None,None
1221,430,0.9651162790697675,4,2.0,246,0.06260971328262141,0.1486249268578116,6.066108090103747,0.5415445912452488,False,False,False,None,None
1450,16,1.0,5,3.0,41,0.13513513513513514,0.2702702702702703,2.833213344056216,0.215698806535106,False,False,False,None,None
701,1182,0.9805414551607445,5,3.0,320,0.05435429478278119,0.13529061694108313,7.075808863978387,0.6433130578456097,False,False,False,None,None
1150,3,1.0,2,0.0,2,0.6666666666666666,1.0,1.3862943611198906,0.06986280244517981,False,False,False,None,None
1220,1183,0.9585798816568047,4,2.0,270,0.05851693911395404,0.1537550343520493,7.076653815443951,0.6433982211110316,False,False,False,None,None
1281,75,0.8,2,0.0,52,0.1223021582733813,0.2805755395683453,4.330733340286331,0.3666349231183329,False,False,False,None,None
1463,17,0.8823529411764706,4,2.0,22,0.11764705882352941,0.3333333333333333,2.8903717578961645,0.22145984414180056,False,False,False,None,None
1423,806,1.0,3,1.0,126,0.19875500222321033,0.34281903068030234,6.693323668269949,0.6047621001047182,False,False,False,None,None
1392,137,1.0,5,3.0,46,0.2326454033771107,0.42213883677298314,4.927253685157205,0.42675863735544256,False,True,False,Pair,Pair
63,1,0.0,1,-1.0,0,0.0,0.0,0.6931471805599453,0.0,False,False,False,None,None
1343,68,1.0,3,1.0,35,0.19014084507042253,0.4507042253521127,4.23410650459726,0.3568958349102627,False,False,False,None,None
1552,607,0.9917627677100495,3,1.0,76,0.3871252204585538,0.5784832451499118,6.410174881966167,0.5762233304538723,False,True,False,Pair,Pair
1524,86,0.8837209302325582,3,1.0,92,0.06493506493506493,0.15151515151515152,4.465908118654584,0.38025928617075605,False,False,False,None,None
1330,50,0.96,4,2.0,79,0.07017543859649122,0.19883040935672514,3.9318256327243257,0.3264287286060063,False,False,False,None,None
1553,149,0.9865771812080537,3,1.0,37,0.26490066225165565,0.5264900662251656,5.0106352940962555,0.4351627296409573,False,True,False,Pair,Pair
1151,2,1.0,2,0.0,3,0.3333333333333333,1.0,1.0986122886681096,0.040867119625720476,False,False,False,None,None
1350,552,0.9963768115942029,2,0.0,81,0.39384288747346075,0.6942675159235668,6.315358001522335,0.5666666689356584,False,True,False,Pair,Pair
1273,61,1.0,5,3.0,62,0.08365019011406843,0.23193916349809887,4.127134385045092,0.346114038107197,False,False,False,None,None
1634,76,1.0,5,3.0,41,0.1780821917808219,0.4143835616438356,4.343805421853684,0.36795246761349987,False,False,False,None,None
1178,483,1.0,5,3.0,122,0.05604566683964712,0.14789828749351322,6.182084906716632,0.5532339779361121,True,False,False,Core,Core
1498,93,0.967741935483871,4,2.0,66,0.0881542699724518,0.25068870523415976,4.543294782270004,0.38805914360895294,False,False,False,None,None
1104,5,0.6,3,1.0,8,0.125,0.375,1.791759469228055,0.11072992207090028,False,False,False,None,None
1418,382,0.9764397905759162,5,3.0,93,0.07235814679854242,0.20770432066631964,5.948034989180646,0.5296439185523054,False,False,False,None,None
1487,210,0.9904761904761905,4,2.0,106,0.11488250652741515,0.23890339425587467,5.351858133476067,0.46955482483510835,False,False,False,None,None
15,879,0.9419795221843004,4,2.0,341,0.0528156698146205,0.12766701643931444,6.779921907472252,0.6134903988660341,False,False,False,None,None
1539,134,0.9925373134328358,5,3.0,30,0.26024590163934425,0.41598360655737704,4.90527477843843,0.4245433675525496,False,True,False,Pair,Pair
1624,33,0.9696969696969697,5,3.0,30,0.20155038759689922,0.3953488372093023,3.5263605246161616,0.2855616089802858,False,False,False,None,None
1497,123,0.967479674796748,4,2.0,63,0.12060301507537688,0.27386934673366836,4.820281565605037,0.41597684055237677,False,False,False,None,None
1483,5,1.0,5,3.0,18,0.09523809523809523,0.2857142857142857,1.791759469228055,0.11072992207090028,False,False,False,None,None
1623,304,0.9967105263157895,4,2.0,73,0.21951219512195122,0.3998257839721254,5.720311776607412,0.5066915323082564,False,False,False,None,None
1215,389,0.8894601542416453,4,2.0,78,0.13644524236983843,0.2737881508078995,5.966146739123692,0.5314694148447168,False,False,False,None,None
1459,65,1.0,4,2.0,67,0.1201923076923077,0.2692307692307692,4.189654742026425,0.3524155098163664,False,False,False,None,None
1510,40,1.0,4,2.0,40,0.1206896551724138,0.3017241379310345,3.713572066704308,0.30443079484323043,False,False,False,None,None
1213,109,0.908256880733945,4,2.0,54,0.1174785100286533,0.2808022922636103,4.700480365792417,0.40390199153049466,False,False,False,None,None
1074,173,0.9421965317919075,4,2.0,60,0.13518518518518519,0.2962962962962963,5.159055299214529,0.4501220886159359,False,False,False,None,None
1613,12,0.9166666666666666,4,2.0,24,0.13513513513513514,0.2972972972972973,2.5649493574615367,0.18866028654360817,False,False,False,None,None
1457,408,1.0,3,1.0,108,0.25466520307354557,0.4281009879253567,6.013715156042802,0.536263869770098,False,True,False,Pair,Pair
1141,955,1.0,3,1.0,102,0.15969989281886388,0.3220793140407288,6.862757913051401,0.6218394993968172,False,False,False,None,None
1269,34,0.9705882352941176,4,2.0,96,0.028368794326241134,0.0851063829787234,3.5553480614894135,0.28848328365306225,False,False,False,None,None
1544,88,1.0,5,3.0,26,0.22096317280453256,0.38243626062322944,4.48863636973214,0.38255008293007203,False,True,False,Pair,Pair
1260,174,1.0,3,1.0,125,0.24724061810154527,0.3090507726269316,5.1647859739235145,0.4506996874380908,False,True,False,Pair,Pair
1494,188,0.973404255319149,4,2.0,76,0.09953343701399689,0.26127527216174184,5.241747015059643,0.45845664608073466,False,False,False,None,None
1579,112,0.9821428571428571,3,1.0,30,0.25196850393700787,0.48031496062992124,4.727387818712341,0.4066140130468039,False,True,False,Pair,Pair
1610,7,0.8571428571428571,4,2.0,16,0.15,0.35,2.0794415416798357,0.1397256048903596,False,False,False,None,None
804,195,0.958974358974359,3,1.0,198,0.08695652173913043,0.17013232514177692,5.278114659230518,0.46212216707160697,False,False,False,None,None
1505,25,1.0,6,4.0,47,0.06802721088435375,0.1836734693877551,3.258096538021482,0.25852308898878795,False,False,False,None,None
1131,922,0.8947939262472885,4,2.0,79,0.23209549071618038,0.4973474801061008,6.827629234502852,0.6182988546413773,False,False,False,None,None
1253,34,0.8529411764705882,3,1.0,19,0.21951219512195122,0.4878048780487805,3.5553480614894135,0.28848328365306225,False,False,False,None,None
1137,147,0.9387755102040817,3,1.0,48,0.18324607329842932,0.4607329842931937,4.997212273764115,0.43380981377549216,False,False,False,None,None
839,1821,0.9253157605711148,4,2.0,358,0.1365844544095665,0.21692825112107622,7.507690077819904,0.6868426757516078,False,False,False,None,None
1134,401,0.9276807980049875,4,2.0,63,0.18683274021352314,0.49555160142348753,5.996452088619021,0.5345239127986924,False,False,False,None,None
1464,40,1.0,6,4.0,75,0.06172839506172839,0.1728395061728395,3.713572066704308,0.30443079484323043,False,False,False,None,None
1172,55,0.9454545454545454,3,1.0,29,0.21296296296296297,0.4444444444444444,4.02535169073515,0.3358552872035732,False,False,False,None,None
1351,94,1.0,2,0.0,27,0.4794520547945205,0.7191780821917808,4.553876891600541,0.3891257220130018,False,True,False,Pair,Pair
1210,470,0.9680851063829787,5,3.0,73,0.1082558775287042,0.26626571897211593,6.154858094016418,0.5504897679180458,False,False,False,None,None
1066,2312,1.0,3,1.0,96,0.19632495164410058,0.44390715667311414,7.746300662231439,0.7108924080272343,False,False,False,None,None
1396,66,1.0,5,3.0,37,0.20833333333333334,0.3680555555555556,4.204692619390966,0.3539311882826122,False,False,False,None,None
1069,22,1.0,4,2.0,41,0.12871287128712872,0.3564356435643564,3.1354942159291497,0.24616591283936243,False,False,False,None,None
1513,36,1.0,6,4.0,46,0.08771929824561403,0.2046783625730994,3.6109179126442243,0.29408420888513254,False,False,False,None,None
1033,4896,0.9842728758169934,3,1.0,330,0.15518945634266887,0.31960461285008235,8.496378051702317,0.7864932471403182,False,False,False,None,None
1199,55,0.9818181818181818,5,3.0,23,0.20657276995305165,0.40375586854460094,4.02535169073515,0.3358552872035732,False,False,False,None,None
1370,1335,1.0,2,0.0,124,0.20792880258899676,0.32605177993527507,7.197435354096591,0.6555718791891004,False,False,False,None,None
1460,135,1.0,3,1.0,83,0.20512820512820512,0.36182336182336183,4.912654885736052,0.42528721387064544,False,False,False,None,None
929,80,0.9375,4,2.0,152,0.04854368932038835,0.0970873786407767,4.394449154672439,0.3730568858384214,False,False,False,None,None
1264,559,0.9713774597495528,5,3.0,234,0.06325301204819277,0.14194277108433734,6.327936783729195,0.5679344934337814,False,False,False,None,None
1080,136,0.9264705882352942,4,2.0,38,0.11959287531806616,0.32061068702290074,4.919980925828125,0.4260256107162396,False,False,False,None,None
1561,79,1.0,3,1.0,38,0.19318181818181818,0.48863636363636365,4.382026634673881,0.3718048111205679,False,False,False,None,None
1581,141,0.9858156028368794,3,1.0,43,0.17080745341614906,0.453416149068323,4.955827057601261,0.4296385680977692,False,False,False,None,None
1217,44,1.0,4,2.0,74,0.12666666666666668,0.20666666666666667,3.8066624897703196,0.31381344548164924,False,False,False,None,None
992,3,1.0,4,2.0,6,0.2222222222222222,0.6666666666666666,1.3862943611198906,0.06986280244517981,False,False,False,None,None
1332,47,1.0,4,2.0,40,0.15328467153284672,0.3357664233576642,3.8712010109078907,0.3203183294064397,False,False,False,None,None
1174,67,0.9701492537313433,2,0.0,32,0.3220338983050847,0.4915254237288136,4.219507705176107,0.35542441142546566,False,False,False,None,None
1353,7,1.0,3,1.0,5,0.4375,0.875,2.0794415416798357,0.1397256048903596,False,True,False,Pair,Pair
1065,2546,1.0,2,0.0,83,0.2403616059558628,0.45386865195426745,7.842671474979457,0.7206056914990898,False,True,False,Pair,Pair
776,474,1.0,3,1.0,289,0.10167029774872913,0.2766884531590414,6.163314804034641,0.5513421257980303,False,False,False,None,None
37,943,0.9056203605514316,4,2.0,354,0.03763440860215054,0.08501344086021505,6.8501261661455,0.6205663365486158,False,False,False,None,None
1299,66,1.0,5,3.0,34,0.2062937062937063,0.4160839160839161,4.204692619390966,0.3539311882826122,False,False,False,None,None
1401,62,0.9838709677419355,5,3.0,36,0.22088353413654618,0.41767068273092367,4.143134726391533,0.34772672400983434,False,True,False,Pair,Pair
575,90,0.9888888888888889,4,2.0,133,0.028169014084507043,0.08450704225352113,4.51085950651685,0.3847899688568217,False,False,False,None,None
1327,190,0.9157894736842105,4,2.0,49,0.1449016100178891,0.39892665474060823,5.25227342804663,0.4595176108102921,False,False,False,None,None
1075,211,0.9383886255924171,4,2.0,44,0.12962962962962962,0.3282828282828283,5.356586274672012,0.4700313775840331,False,False,False,None,None
1115,71,1.0,5,3.0,39,0.23255813953488372,0.44573643410852715,4.276666119016055,0.3611854490321602,False,True,False,Pair,Pair
1458,587,0.9965928449744463,2,0.0,110,0.30814441645675905,0.5256087321578505,6.376726947898627,0.5728520891425072,False,True,False,Pair,Pair
1395,163,1.0,5,3.0,43,0.2259970457902511,0.45937961595273263,5.099866427824199,0.44415639973359006,False,True,False,Pair,Pair
1503,9,1.0,4,2.0,21,0.08,0.24,2.302585092994046,0.16221640378502852,False,False,False,None,None
473,1733,0.9180611656087709,4,2.0,331,0.057391304347826085,0.13642512077294686,7.458186157340487,0.6818531400314719,False,False,False,None,None
1335,124,0.9193548387096774,3,1.0,72,0.16666666666666666,0.38562091503267976,4.8283137373023015,0.41678640890990576,False,False,False,None,None
1101,30,1.0,5,3.0,50,0.08870967741935484,0.22580645161290322,3.4339872044851463,0.27625123566201715,False,False,False,None,None
1164,51,0.9607843137254902,3,1.0,47,0.15625,0.3828125,3.9512437185814275,0.3283858914339678,False,False,False,None,None
1517,37,0.8108108108108109,3,1.0,20,0.14666666666666667,0.41333333333333333,3.6375861597263857,0.2967721206731531,False,False,False,None,None
1388,33,0.9696969696969697,3,1.0,35,0.20833333333333334,0.4166666666666667,3.5263605246161616,0.2855616089802858,False,False,False,None,None
809,35,0.9714285714285714,4,2.0,51,0.1388888888888889,0.25925925925925924,3.58351893845611,0.29132264658698037,False,False,False,None,None
1366,1229,0.9991863303498779,3,1.0,219,0.15104339185160648,0.28221265319642264,7.114769448366463,0.647239923144339,False,False,False,None,None
613,227,0.947136563876652,4,2.0,154,0.0496551724137931,0.13517241379310344,5.429345628954441,0.4773648451892332,False,False,False,None,None
1093,176,0.9943181818181818,3,1.0,147,0.1822125813449024,0.2559652928416486,5.176149732573829,0.4518450488387969,False,False,False,None,None
1205,846,0.9775413711583925,5,3.0,241,0.05167087896658242,0.13030047739399045,6.741700694652055,0.609638055358966,False,False,False,None,None
1100,112,1.0,4,2.0,72,0.09113924050632911,0.25316455696202533,4.727387818712341,0.4066140130468039,False,False,False,None,None
991,12,1.0,4,2.0,10,0.3142857142857143,0.7714285714285715,2.5649493574615367,0.18866028654360817,False,True,False,Pair,Pair
686,540,0.9648148148148148,4,2.0,322,0.04032258064516129,0.10599078341013825,6.293419278846481,0.5644554493113291,False,False,False,None,None
1584,557,0.3752244165170557,1,-1.0,87,0.1863468634686347,0.41697416974169743,6.324358962381311,0.5675738822489975,False,False,False,None,None
1365,545,0.9889908256880734,3,1.0,201,0.09164222873900293,0.16788856304985336,6.302618975744905,0.5653826933729018,False,False,False,None,None
34,822,0.916058394160584,4,2.0,326,0.07148468185388845,0.12215239591516104,6.71295620067707,0.6067408771545639,False,False,False,None,None
1117,54,0.9814814814814815,4,2.0,23,0.3058823529411765,0.47058823529411764,4.007333185232471,0.3340391890853148,False,True,False,Pair,Pair
1589,4,1.0,2,0.0,6,0.16666666666666666,0.5,1.6094379124341003,0.0923536013398487,False,False,False,None,None
917,350,0.8828571428571429,3,1.0,155,0.11071849234393404,0.22614840989399293,5.860786223465865,0.520850052756309,False,False,False,None,None
1427,581,0.20481927710843373,1,-1.0,4,0.7916666666666666,0.9916666666666667,6.366470447731438,0.5718183291200248,False,False,False,None,None
1143,50,1.0,4,2.0,56,0.08588957055214724,0.2147239263803681,3.9318256327243257,0.3264287286060063,False,False,False,None,None
1371,252,1.0,5,3.0,96,0.1309655937846837,0.25749167591564925,5.53338948872752,0.48785150058482857,False,False,False,None,None
1519,37,0.8108108108108109,3,1.0,21,0.21518987341772153,0.5443037974683544,3.6375861597263857,0.2967721206731531,False,False,False,None,None
1616,8,1.0,4,2.0,17,0.1111111111111111,0.2962962962962963,2.1972245773362196,0.15159704169662078,False,False,False,None,None
1294,95,0.9894736842105263,5,3.0,38,0.2077922077922078,0.4077922077922078,4.564348191467836,0.3901811318516195,False,False,False,None,None
1092,185,1.0,4,2.0,174,0.18562874251497005,0.2554890219560878,5.225746673713202,0.4568439601780973,False,False,False,None,None
1577,123,0.8780487804878049,4,2.0,36,0.14641744548286603,0.4143302180685358,4.820281565605037,0.41597684055237677,False,False,False,None,None
1216,69,0.9130434782608695,4,2.0,137,0.042735042735042736,0.10256410256410256,4.248495242049359,0.3583460860982421,False,False,False,None,None
1414,1972,0.16480730223123732,1,-1.0,106,0.2459807073954984,0.4180064308681672,7.587310506022615,0.6948676759278087,False,False,False,None,None
1490,872,0.9988532110091743,4,2.0,124,0.10351133869787857,0.27029992684711046,6.771935555839602,0.6126854487457453,False,False,False,None,None
1378,4,1.0,2,0.0,4,0.42857142857142855,0.8571428571428571,1.6094379124341003,0.0923536013398487,False,False,False,None,None
1434,727,1.0,5,3.0,174,0.046167247386759584,0.12630662020905922,6.590301048196686,0.5943783761923611,True,False,False,Core,Core
1311,278,0.9172661870503597,3,1.0,178,0.10455764075067024,0.1648793565683646,5.631211781821365,0.49771107980381774,False,False,False,None,None
1683,1,1.0,3,1.0,2,0.5,1.0,0.6931471805599453,0.0,False,False,False,None,None
927,27,0.8518518518518519,5,3.0,82,0.04672897196261682,0.102803738317757,3.332204510175204,0.2659924847583933,False,False,False,None,None
1297,33,1.0,5,3.0,22,0.22900763358778625,0.45038167938931295,3.5263605246161616,0.2855616089802858,False,True,False,Pair,Pair
1443,147,0.9387755102040817,4,2.0,77,0.11133200795228629,0.25646123260437376,4.997212273764115,0.43380981377549216,False,False,False,None,None
1567,8,1.0,3,1.0,10,0.2727272727272727,0.5454545454545454,2.1972245773362196,0.15159704169662078,False,True,False,Pair,Pair
1604,185,0.9405405405405406,4,2.0,92,0.10161290322580645,0.23548387096774193,5.225746673713202,0.4568439601780973,False,False,False,None,None
1558,298,0.959731543624161,4,2.0,89,0.1672316384180791,0.42033898305084744,5.700443573390686,0.5046890018281504,False,False,False,None,None
1293,48,1.0,5,3.0,30,0.2094240837696335,0.42408376963350786,3.8918202981106265,0.3223965621812473,False,False,False,None,None
682,1,1.0,3,1.0,2,0.5,1.0,0.6931471805599453,0.0,False,False,False,None,None
1085,419,0.8926014319809069,3,1.0,165,0.15902439024390244,0.2497560975609756,6.040254711277414,0.5389388106143221,False,False,False,None,None
769,621,0.9581320450885669,4,2.0,328,0.032632030914555604,0.0785744954916273,6.432940092739179,0.5785178524074537,False,False,False,None,None
1338,45,1.0,3,1.0,39,0.2079207920792079,0.3465346534653465,3.828641396489095,0.31602871528454224,False,False,False,None,None
1230,2126,0.9181561618062088,3,1.0,262,0.16846119336025123,0.319650067294751,7.6624678152002375,0.7024428351301384,False,False,False,None,None
1119,166,0.9939759036144579,4,2.0,46,0.2523540489642185,0.4576271186440678,5.117993812416755,0.4459834718535611,False,True,False,Pair,Pair
1270,1675,0.9994029850746269,3,1.0,130,0.2495878667985493,0.4220243982855259,7.424165281042028,0.6784241514609188,False,True,False,Pair,Pair
1574,1,1.0,3,1.0,2,0.5,1.0,0.6931471805599453,0.0,False,False,False,None,None
1614,9,0.7777777777777778,5,3.0,20,0.10714285714285714,0.2857142857142857,2.302585092994046,0.16221640378502852,False,False,False,None,None
784,1688,0.933649289099526,4,2.0,358,0.05747767857142857,0.11830357142857142,7.4318919168078,0.6792029246323453,False,False,False,None,None
1189,12,1.0,5,3.0,26,0.14285714285714285,0.2857142857142857,2.5649493574615367,0.18866028654360817,False,False,False,None,None
1417,510,0.9431372549019608,5,3.0,92,0.08799266727772685,0.21219065077910174,6.236369590203704,0.5587053701953907,False,False,False,None,None
1255,118,0.7542372881355932,3,1.0,30,0.20425531914893616,0.41702127659574467,4.77912349311153,0.4118284888483196,False,False,False,None,None
1615,13,0.9230769230769231,4,2.0,19,0.16216216216216217,0.40540540540540543,2.639057329615259,0.19612968231321357,False,False,False,None,None
1142,118,1.0,3,1.0,74,0.12140575079872204,0.3035143769968051,4.77912349311153,0.4118284888483196,False,False,False,None,None
1333,113,0.911504424778761,3,1.0,62,0.15925925925925927,0.34814814814814815,4.736198448394496,0.40750204274405344,False,False,False,None,None
1223,256,0.98046875,5,3.0,97,0.06782768102658111,0.1915673693858845,5.54907608489522,0.48943256388543377,False,False,False,None,None
324,259,0.9420849420849421,4,2.0,155,0.047670639219934995,0.11592632719393282,5.560681631015528,0.4906022952189963,False,False,False,None,None
504,216,0.9722222222222222,4,2.0,227,0.07526881720430108,0.14112903225806453,5.37989735354046,0.47238091797523074,False,False,False,None,None
1409,33,0.6666666666666666,2,0.0,27,0.14285714285714285,0.3392857142857143,3.5263605246161616,0.2855616089802858,False,False,False,None,None
1329,255,0.9882352941176471,3,1.0,70,0.18463810930576072,0.3663220088626292,5.545177444479562,0.48903961711625865,False,False,False,None,None
470,712,0.9438202247191011,4,2.0,331,0.057909055577147296,0.11931597357170617,6.569481420414296,0.5922799509465594,False,False,False,None,None
1158,2,0.5,1,-1.0,2,0.5,1.0,1.0986122886681096,0.040867119625720476,False,False,False,None,None
1207,635,0.9763779527559056,5,3.0,232,0.07805429864253394,0.20889894419306185,6.455198563340122,0.5807612996549334,False,False,False,None,None
1496,68,0.9852941176470589,4,2.0,63,0.09363295880149813,0.23595505617977527,4.23410650459726,0.3568958349102627,False,False,False,None,None
1235,7,1.0,5,3.0,21,0.12903225806451613,0.3225806451612903,2.0794415416798357,0.1397256048903596,False,False,False,None,None
1620,65,1.0,6,4.0,82,0.05144694533762058,0.1382636655948553,4.189654742026425,0.3524155098163664,False,False,False,None,None
1099,357,1.0,3,1.0,77,0.14418125643666324,0.33470648815653964,5.8805329864007,0.5228403431831325,False,False,False,None,None
1097,3220,1.0,2,0.0,100,0.29692634834718734,0.44712932534312777,8.0774471493312,0.7442689004339074,False,True,False,Pair,Pair
1477,45,0.9777777777777777,5,3.0,61,0.09473684210526316,0.25263157894736843,3.828641396489095,0.31602871528454224,False,False,False,None,None
1535,1047,0.6628462273161414,3,1.0,93,0.09389671361502347,0.27323943661971833,6.954638864880987,0.6311002465601541,False,False,False,None,None
1530,526,1.0,4,2.0,120,0.08765652951699464,0.21645796064400716,6.267200548541362,0.561812844642303,True,False,False,Core,Core
1345,126,1.0,3,1.0,57,0.2755102040816326,0.4217687074829932,4.844187086458591,0.41838629517843734,False,True,False,Pair,Pair
1452,7,1.0,4,2.0,16,0.11538461538461539,0.34615384615384615,2.0794415416798357,0.1397256048903596,False,False,False,None,None
808,523,0.988527724665392,5,3.0,263,0.054144106622240736,0.15077051228654728,6.261491684321042,0.5612374441149742,False,False,False,None,None
1357,62,0.9838709677419355,4,2.0,51,0.13142857142857142,0.3028571428571429,4.143134726391533,0.34772672400983434,False,False,False,None,None
1565,23,1.0,3,1.0,22,0.2692307692307692,0.4807692307692308,3.1780538303479458,0.25045552696125994,False,True,False,Pair,Pair
1635,177,0.9943502824858758,3,1.0,53,0.20465116279069767,0.5279069767441861,5.181783550292085,0.45241288537525187,False,False,False,None,None
807,449,0.9465478841870824,4,2.0,293,0.04431736954967834,0.10721944245889921,6.1092475827643655,0.5458926517118576,False,False,False,None,None
1476,1,1.0,6,4.0,5,0.2,0.6,0.6931471805599453,0.0,False,False,False,None,None
1416,362,0.9834254143646409,6,4.0,91,0.06482412060301508,0.17587939698492464,5.8944028342648505,0.5242382951166527,False,False,False,None,None
1145,801,1.0,3,1.0,80,0.14534883720930233,0.3657505285412262,6.687108607866515,0.6041356797003256,False,False,False,None,None
1608,324,0.9197530864197531,4,2.0,102,0.09322033898305085,0.2330508474576271,5.783825182329737,0.5130930941136652,False,False,False,None,None
1592,149,0.8657718120805369,3,1.0,73,0.207492795389049,0.38904899135446686,5.0106352940962555,0.4351627296409573,False,False,False,None,None
1520,62,1.0,2,0.0,13,0.5257731958762887,0.7010309278350515,4.143134726391533,0.34772672400983434,False,True,False,Pair,Pair
614,57,0.8245614035087719,3,1.0,74,0.15037593984962405,0.22556390977443608,4.060443010546419,0.33939216654503557,False,False,False,None,None
17,1419,0.9408033826638478,4,2.0,338,0.05397022332506204,0.1313068651778329,7.258412150595307,0.6617177743279775,False,False,False,None,None
1114,65,1.0,4,2.0,28,0.24761904761904763,0.4380952380952381,4.189654742026425,0.3524155098163664,False,True,False,Pair,Pair
1444,244,0.9672131147540983,4,2.0,94,0.11384976525821597,0.2605633802816901,5.501258210544727,0.48461296596627584,False,False,False,None,None
1187,1009,0.9484638255698712,5,3.0,247,0.06820365033621517,0.15201729106628242,6.917705609835305,0.6273777172427448,False,False,False,None,None
1585,3,1.0,3,1.0,3,0.42857142857142855,1.0,1.3862943611198906,0.06986280244517981,False,False,False,None,None
1110,196,0.9948979591836735,3,1.0,68,0.2283464566929134,0.4199475065616798,5.2832037287379885,0.4626350980444243,False,True,False,Pair,Pair
1203,924,0.6764069264069265,3,1.0,75,0.15198237885462554,0.32599118942731276,6.829793737512425,0.6185170164551895,False,False,False,None,None
1533,1,1.0,2,0.0,1,1.0,1.0,0.6931471805599453,0.0,False,False,False,None,None
1237,2747,1.0,3,1.0,130,0.14213859910581222,0.23491058122205663,7.91862865334224,0.7282614700914021,False,False,False,None,None
1571,78,1.0,5,3.0,82,0.05660377358490566,0.16352201257861634,4.3694478524670215,0.3705369866224449,False,False,False,None,None
1170,41,0.8292682926829268,2,0.0,42,0.14814814814814814,0.2839506172839506,3.7376696182833684,0.30685960438411386,False,False,False,None,None
1326,322,0.937888198757764,4,2.0,73,0.1586489252814739,0.43500511770726713,5.777652323222656,0.5124709272082592,False,False,False,None,None
1400,65,1.0,5,3.0,30,0.23107569721115537,0.4262948207171315,4.189654742026425,0.3524155098163664,False,True,False,Pair,Pair
1291,37,1.0,5,3.0,22,0.20588235294117646,0.3897058823529412,3.6375861597263857,0.2967721206731531,False,False,False,None,None
1591,49,0.8571428571428571,3,1.0,32,0.1724137931034483,0.43103448275862066,3.912023005428146,0.324432807570057,False,False,False,None,None
751,189,0.91005291005291,3,1.0,60,0.25256673511293637,0.4804928131416838,5.247024072160486,0.4589885244581816,False,False,False,None,None
1560,245,0.9795918367346939,4,2.0,67,0.15269461077844312,0.405688622754491,5.5053315359323625,0.4850235193593105,False,False,False,None,None
1317,478,1.0,3,1.0,137,0.10796324655436447,0.2572741194486983,6.171700597410915,0.5521873359387098,False,False,False,None,None
1622,302,0.9801324503311258,4,2.0,69,0.21441605839416059,0.4096715328467153,5.713732805509369,0.5060284330834368,False,False,False,None,None
1411,11,0.6363636363636364,4,2.0,14,0.21739130434782608,0.43478260869565216,2.4849066497880004,0.1805927245160801,False,False,False,None,None
1180,35,1.0,6,4.0,65,0.0718232044198895,0.17679558011049723,3.58351893845611,0.29132264658698037,False,False,False,None,None
1194,147,0.9863945578231292,5,3.0,42,0.24716981132075472,0.44150943396226416,4.997212273764115,0.43380981377549216,False,True,False,Pair,Pair
134,422,0.9644549763033176,4,2.0,189,0.046172539489671933,0.11543134872417983,6.0473721790462776,0.5396561853055737,False,False,False,None,None
1309,83,1.0,2,0.0,39,0.33974358974358976,0.5,4.430816798843313,0.37672240682929364,False,True,False,Pair,Pair
1095,18,0.8888888888888888,2,0.0,3,0.6521739130434783,1.0,2.9444389791664403,0.22690931822797328,False,False,False,None,None
1160,183,1.0,3,1.0,57,0.2058165548098434,0.4966442953020134,5.214935757608986,0.45575432017490186,False,False,False,None,None
1360,281,0.31316725978647686,1,-1.0,56,0.15315315315315314,0.3918918918918919,5.641907070938114,0.49878906567985326,False,False,False,None,None
1067,378,1.0,4,2.0,72,0.21281840591618734,0.4938373048479869,5.937536205082426,0.5285857385583019,False,False,False,None,None
1420,197,0.9949238578680203,5,3.0,76,0.07802874743326489,0.19815195071868583,5.288267030694535,0.4631454318872667,False,False,False,None,None
1415,435,0.9885057471264368,5,3.0,95,0.07184185149469624,0.1880424300867888,6.077642243349034,0.5427071268396328,False,False,False,None,None
1233,452,0.9469026548672567,2,0.0,70,0.26755852842809363,0.5384615384615384,6.115892125483034,0.5465623599474417,False,False,False,None,None
1197,41,0.8048780487804879,5,3.0,22,0.20454545454545456,0.3939393939393939,3.7376696182833684,0.30685960438411386,False,False,False,None,None
1083,96,0.9583333333333334,3,1.0,84,0.09387755102040816,0.17959183673469387,4.574710978503383,0.3912256046039447,False,False,False,None,None
1292,33,1.0,5,3.0,27,0.1956521739130435,0.43478260869565216,3.5263605246161616,0.2855616089802858,False,False,False,None,None
1480,142,0.9366197183098591,4,2.0,89,0.10674157303370786,0.2340823970037453,4.962844630259907,0.4303458742890742,False,False,False,None,None
1546,60,1.0,4,2.0,27,0.23557692307692307,0.46634615384615385,4.110873864173311,0.3444751285232278,False,True,False,Pair,Pair
1341,380,0.9947368421052631,3,1.0,66,0.3253731343283582,0.7388059701492538,5.942799375126701,0.5291162172493377,False,True,False,Pair,Pair
1522,5,1.0,2,0.0,12,0.08333333333333333,0.25,1.791759469228055,0.11072992207090028,False,False,False,None,None
1091,607,1.0,2,0.0,67,0.43504171632896305,0.5852205005959475,6.410174881966167,0.5762233304538723,False,True,False,Pair,Pair
1188,292,0.8972602739726028,4,2.0,207,0.03741496598639456,0.08843537414965986,5.680172609017068,0.5026458767616049,False,False,False,None,None
1306,1555,0.9929260450160772,5,3.0,317,0.12536687631027255,0.2325646401118099,7.349873704738337,0.6709362500970946,False,False,False,None,None
1619,415,1.0,5,3.0,117,0.08843537414965986,0.18985776128633272,6.030685260261263,0.5379742987695072,True,False,False,Core,Core
1224,120,0.9833333333333333,4,2.0,83,0.08333333333333333,0.20833333333333334,4.795790545596741,0.41350837304575244,False,False,False,None,None
1310,26,0.9615384615384616,3,1.0,43,0.0963855421686747,0.26506024096385544,3.295836866004329,0.26232696376752107,False,False,False,None,None
1159,147,1.0,3,1.0,48,0.27218934911242604,0.6390532544378699,4.997212273764115,0.43380981377549216,False,True,False,Pair,Pair
1518,37,0.7837837837837838,3,1.0,20,0.2328767123287671,0.589041095890411,3.6375861597263857,0.2967721206731531,False,False,False,None,None
534,1456,0.967032967032967,5,3.0,377,0.05288784419073204,0.13498992612491606,7.284134806195205,0.6643103792709701,False,False,False,None,None
1367,46,1.0,2,0.0,22,0.5,0.609375,3.8501476017100584,0.3181963411637731,False,True,False,Pair,Pair
1482,94,1.0,4,2.0,72,0.11869436201780416,0.24925816023738873,4.553876891600541,0.3891257220130018,False,False,False,None,None
1562,16,1.0,3,1.0,16,0.3,0.55,2.833213344056216,0.215698806535106,False,True,False,Pair,Pair
1598,1628,1.0,3,1.0,112,0.22173410404624277,0.46867052023121386,7.395721608602045,0.6755572932752091,False,True,False,Pair,Pair
1645,1,1.0,2,0.0,1,1.0,1.0,0.6931471805599453,0.0,False,False,False,None,None
1593,1380,0.9992753623188406,3,1.0,102,0.28721174004192873,0.5315962863132675,7.2305631534092925,0.6589108538884669,False,True,False,Pair,Pair
1152,3,1.0,3,1.0,9,0.18181818181818182,0.45454545454545453,1.3862943611198906,0.06986280244517981,False,False,False,None,None
1022,317,0.9274447949526814,3,1.0,238,0.028169014084507043,0.08194622279129321,5.762051382780177,0.5108984972097536,False,False,False,None,None
1576,256,0.87890625,3,1.0,61,0.15421303656597773,0.38950715421303655,5.54907608489522,0.48943256388543377,False,False,False,None,None
1337,35,1.0,3,1.0,33,0.19540229885057472,0.45977011494252873,3.58351893845611,0.29132264658698037,False,False,False,None,None
1433,1482,1.0,3,1.0,191,0.0796613848491426,0.19014543086607336,7.301822342137932,0.6660931187294362,False,False,False,None,None
1108,47,0.9148936170212766,3,1.0,49,0.19469026548672566,0.39823008849557523,3.8712010109078907,0.3203183294064397,False,False,False,None,None
1551,674,0.9317507418397626,4,2.0,137,0.27690643591130343,0.46998377501352084,6.51471269087253,0.5867597713375782,False,False,False,None,None
1272,332,1.0,5,3.0,103,0.14164546225614927,0.30788804071246817,5.808142489980444,0.5155440530269332,False,False,False,None,None
1243,240,0.9125,4,2.0,78,0.11197916666666667,0.2721354166666667,5.484796933490655,0.482953822022424,False,False,False,None,None
164,459,0.9825708061002179,5,3.0,319,0.06266183324702226,0.14241325737959606,6.131226489483141,0.5481079215147506,False,False,False,None,None
1541,90,0.9777777777777777,4,2.0,48,0.25517241379310346,0.41379310344827586,4.51085950651685,0.3847899688568217,False,False,False,None,None
1171,43,0.9534883720930233,3,1.0,36,0.1827956989247312,0.45161290322580644,3.784189633918261,0.3115483901906459,False,False,False,None,None
1302,284,1.0,4,2.0,47,0.25256673511293637,0.5,5.652489180268651,0.49985564408390215,False,True,False,Pair,Pair
1148,23,1.0,6,4.0,26,0.16831683168316833,0.39603960396039606,3.1780538303479458,0.25045552696125994,False,False,False,None,None
1149,5,1.0,3,1.0,12,0.2,0.4,1.791759469228055,0.11072992207090028,False,False,False,None,None
1184,145,0.9241379310344827,4,2.0,166,0.03424657534246575,0.07990867579908675,4.983606621708336,0.4324384903273569,False,False,False,None,None
1437,351,0.30484330484330485,1,-1.0,81,0.09075907590759076,0.2145214521452145,5.863631175598097,0.5211367975261854,False,False,False,None,None
1397,57,1.0,6,4.0,40,0.19718309859154928,0.38380281690140844,4.060443010546419,0.33939216654503557,False,False,False,None,None
1315,2755,1.0,3,1.0,151,0.16376165383056343,0.2721929468990677,7.9215356321335495,0.7285544665728211,False,False,False,None,None
1506,113,1.0,3,1.0,74,0.15705128205128205,0.3685897435897436,4.736198448394496,0.40750204274405344,False,False,False,None,None
1140,3620,0.9997237569060774,2,0.0,112,0.18719806763285024,0.35628019323671495,8.19450550976564,0.7560672967037755,False,False,False,None,None
1393,100,1.0,5,3.0,46,0.22014051522248243,0.3957845433255269,4.61512051684126,0.39529851101253655,False,True,False,Pair,Pair
1617,1658,1.0,3,1.0,140,0.14773413897280968,0.35619335347432024,7.413970290190444,0.6773965910065587,False,False,False,None,None
852,195,0.9692307692307692,5,3.0,255,0.02998696219035202,0.07431551499348109,5.278114659230518,0.46212216707160697,False,False,False,None,None
1399,163,1.0,5,3.0,39,0.23825503355704697,0.4261744966442953,5.099866427824199,0.44415639973359006,False,True,False,Pair,Pair
1628,134,0.9776119402985075,5,3.0,54,0.17702448210922786,0.35969868173258,4.90527477843843,0.4245433675525496,False,False,False,None,None
1595,119,0.9915966386554622,4,2.0,60,0.15454545454545454,0.35454545454545455,4.787491742782046,0.4126719307462884,False,False,False,None,None
1319,35,1.0,5,3.0,79,0.05142857142857143,0.14285714285714285,3.58351893845611,0.29132264658698037,False,False,False,None,None
1575,165,0.8606060606060606,3,1.0,49,0.15384615384615385,0.39903846153846156,5.111987788356544,0.4453781203724217,False,False,False,None,None
1274,21,1.0,6,4.0,51,0.06,0.16,3.091042453358316,0.24168558774546614,False,False,False,None,None
1447,95,0.9894736842105263,5,3.0,104,0.05543710021321962,0.14925373134328357,4.564348191467836,0.3901811318516195,False,False,False,None,None
1596,392,1.0,3,1.0,73,0.21911922663802363,0.5252416756176155,5.973809611869261,0.5322417612955149,False,False,False,None,None
480,1403,0.9308624376336422,3,1.0,359,0.03976245804286083,0.09424218951717016,7.247080584585756,0.6605756576466686,False,False,False,None,None
32,5728,0.8858240223463687,2,0.0,327,0.2225386493083808,0.3443856794141579,8.653296274408579,0.8023091475730665,False,False,False,None,None
1484,44,1.0,4,2.0,59,0.08602150537634409,0.21505376344086022,3.8066624897703196,0.31381344548164924,False,False,False,None,None
1555,145,1.0,3,1.0,38,0.20245398773006135,0.4815950920245399,4.983606621708336,0.4324384903273569,False,False,False,None,None
1168,466,0.3111587982832618,1,-1.0,9,0.5517241379310345,0.8896551724137931,6.1463292576688975,0.5496301403734993,False,False,False,None,None
571,873,0.9633447880870561,4,2.0,387,0.040667361835245046,0.09350017379214459,6.773080375655535,0.6128008359576953,False,False,False,None,None
1211,243,0.9629629629629629,5,3.0,73,0.10206297502714441,0.25950054288816504,5.497168225293202,0.48420073341358744,False,False,False,None,None
1328,278,0.9856115107913669,3,1.0,60,0.2050561797752809,0.476123595505618,5.631211781821365,0.49771107980381774,False,False,False,None,None
1214,253,0.8695652173913043,3,1.0,57,0.17304492512479203,0.41430948419301167,5.537334267018537,0.4882490976236171,False,False,False,None,None
1240,70,1.0,6,4.0,93,0.050970873786407765,0.12864077669902912,4.2626798770413155,0.3597757656525894,False,False,False,None,None
1287,461,0.9262472885032538,4,2.0,255,0.04884856943475227,0.09909281228192603,6.135564891081739,0.54854519212958,False,False,False,None,None
1542,137,1.0,5,3.0,26,0.22429906542056074,0.4355140186915888,4.927253685157205,0.42675863735544256,False,True,False,Pair,Pair
1094,14,1.0,3,1.0,22,0.14285714285714285,0.37142857142857144,2.70805020110221,0.20308352341074898,False,False,False,None,None
1166,123,0.926829268292683,3,1.0,60,0.13533834586466165,0.2932330827067669,4.820281565605037,0.41597684055237677,False,False,False,None,None
1537,174,0.9885057471264368,5,3.0,47,0.25949367088607594,0.4161392405063291,5.1647859739235145,0.4506996874380908,False,True,False,Pair,Pair
1324,436,0.9472477064220184,4,2.0,81,0.1865049279757392,0.46171341925701287,6.07993319509559,0.5429380335125155,False,False,False,None,None
1156,5,1.0,2,0.0,5,0.5555555555555556,0.7777777777777778,1.791759469228055,0.11072992207090028,False,True,False,Pair,Pair
1629,32,1.0,5,3.0,34,0.16923076923076924,0.36923076923076925,3.4965075614664802,0.2825527073711866,False,False,False,None,None
1280,19,0.6842105263157895,3,1.0,24,0.14705882352941177,0.29411764705882354,2.995732273553991,0.2320792062302083,False,False,False,None,None
854,687,0.8748180494905385,3,1.0,266,0.0986682808716707,0.16646489104116222,6.5337888379333435,0.5886824699085341,False,False,False,None,None
1111,153,1.0,4,2.0,45,0.2838983050847458,0.4745762711864407,5.0369526024136295,0.4378152700586797,False,True,False,Pair,Pair
1508,53,1.0,5,3.0,61,0.06167400881057269,0.1762114537444934,3.9889840465642745,0.3321897662127009,False,False,False,None,None
1429,397,0.9722921914357683,5,3.0,209,0.05148130160271977,0.14035939776590578,5.986452005284438,0.5335159972130371,False,False,False,None,None
1298,10,1.0,4,2.0,16,0.2647058823529412,0.47058823529411764,2.3978952727983707,0.1718227853002863,False,True,False,Pair,Pair
1296,211,0.995260663507109,5,3.0,54,0.22298850574712645,0.43333333333333335,5.356586274672012,0.4700313775840331,False,True,False,Pair,Pair
1563,149,0.9530201342281879,3,1.0,51,0.21680216802168023,0.4715447154471545,5.0106352940962555,0.4351627296409573,False,False,False,None,None
1336,93,0.989247311827957,3,1.0,56,0.22488038277511962,0.49282296650717705,4.543294782270004,0.38805914360895294,False,True,False,Pair,Pair
888,106,0.9811320754716981,5,3.0,188,0.05569007263922518,0.1016949152542373,4.672828834461906,0.40111497381646516,False,False,False,None,None
1379,5,0.8,3,1.0,7,0.36363636363636365,0.6363636363636364,1.791759469228055,0.11072992207090028,False,False,False,None,None
539,1711,0.9415546464056107,4,2.0,274,0.06221198156682028,0.14944042132982224,7.445417556701687,0.6805661835971845,False,False,False,None,None
1455,597,0.9916247906197655,3,1.0,111,0.2599388379204893,0.5458715596330275,6.393590753950631,0.5745518042733302,False,True,False,Pair,Pair
1475,2,1.0,4,2.0,7,0.14285714285714285,0.42857142857142855,1.0986122886681096,0.040867119625720476,False,False,False,None,None
1514,8,1.0,6,4.0,30,0.1,0.24,2.1972245773362196,0.15159704169662078,False,False,False,None,None
928,46,0.9782608695652174,4,2.0,108,0.037267080745341616,0.09937888198757763,3.8501476017100584,0.3181963411637731,False,False,False,None,None
1193,160,0.99375,4,2.0,41,0.2554347826086957,0.46557971014492755,5.081404364984463,0.442295595152576,False,True,False,Pair,Pair
1607,290,0.9758620689655172,4,2.0,112,0.06815761448349308,0.18743343982960597,5.673323267171493,0.501955526674845,False,False,False,None,None
1307,1,0.0,1,-1.0,0,0.0,0.0,0.6931471805599453,0.0,False,False,False,None,None
31,282,0.975177304964539,5,3.0,205,0.03875968992248062,0.09043927648578812,5.645446897643238,0.4991458473572893,False,False,False,None,None
617,1065,0.9370892018779343,4,2.0,327,0.06495515001546551,0.16269718527683266,6.97166860472579,0.6328166862771982,False,False,False,None,None
1354,2,1.0,4,2.0,5,0.2857142857142857,0.7142857142857143,1.0986122886681096,0.040867119625720476,False,False,False,None,None
1232,1196,0.9339464882943144,4,2.0,356,0.0434401053093462,0.09741114523913998,7.087573705557973,0.6444988446829875,False,False,False,None,None
1424,234,1.0,4,2.0,109,0.12376237623762376,0.24876237623762376,5.459585514144159,0.48041274494880165,True,False,False,Core,Core
1263,87,0.9885057471264368,4,2.0,140,0.08868501529051988,0.1743119266055046,4.477336814478207,0.38141119263582574,False,False,False,None,None
1421,684,1.0,4,2.0,117,0.11278538812785388,0.26210045662100456,6.529418838262226,0.5882420145012681,True,False,False,Core,Core
75,2429,0.9464800329353643,3,1.0,264,0.15179126113066888,0.32532615448332985,7.795646536334594,0.71586601413953,False,False,False,None,None
1639,450,1.0,3,1.0,101,0.18004587155963303,0.34059633027522934,6.111467339502679,0.5461163825886965,False,False,False,None,None
1580,318,0.9748427672955975,3,1.0,57,0.2866141732283465,0.5511811023622047,5.765191102784844,0.5112149518453218,False,False,False,None,None
736,2,1.0,2,0.0,1,1.0,1.0,1.0986122886681096,0.040867119625720476,False,False,False,None,None
1384,1,1.0,4,2.0,3,0.3333333333333333,1.0,0.6931471805599453,0.0,False,False,False,None,None
1404,51,0.9803921568627451,3,1.0,62,0.1111111111111111,0.2569444444444444,3.9512437185814275,0.3283858914339678,False,False,False,None,None
1540,221,1.0,4,2.0,42,0.2544529262086514,0.42493638676844786,5.402677381872279,0.47467693340121264,False,True,False,Pair,Pair
1200,108,0.9814814814814815,4,2.0,31,0.22727272727272727,0.4358288770053476,4.6913478822291435,0.4029815219492733,False,True,False,Pair,Pair
1308,68,0.9558823529411765,3,1.0,53,0.18120805369127516,0.47651006711409394,4.23410650459726,0.3568958349102627,False,False,False,None,None
1408,639,0.9984350547730829,4,2.0,133,0.09333917616126206,0.24758983347940403,6.461468176353717,0.5813932184561074,False,False,False,None,None
1167,164,0.09146341463414634,1,-1.0,3,0.4666666666666667,1.0,5.10594547390058,0.4447691111562151,False,False,False,None,None
1382,16,1.0,4,2.0,18,0.35714285714285715,0.5714285714285714,2.833213344056216,0.215698806535106,False,True,False,Pair,Pair
1113,107,1.0,5,3.0,42,0.225201072386059,0.42359249329758714,4.68213122712422,0.4020525686578807,False,True,False,Pair,Pair
1234,73,0.9726027397260274,4,2.0,93,0.06072874493927125,0.15789473684210525,4.304065093204169,0.3639470113303123,False,False,False,None,None
1358,4651,0.20941732960653622,1,-1.0,55,0.7608695652173914,0.8373590982286635,8.445052513638554,0.7813201092747865,False,False,False,None,None
491,867,0.9400230680507498,3,1.0,183,0.15349264705882354,0.34558823529411764,6.7661917146603505,0.6121065228655904,False,False,False,None,None
1105,62,1.0,3,1.0,45,0.19642857142857142,0.3869047619047619,4.143134726391533,0.34772672400983434,False,False,False,None,None
1432,6121,1.0,3,1.0,197,0.11575493902004137,0.2584694386990942,8.719644119505357,0.8089963945599404,False,False,False,None,None
1231,501,0.936127744510978,3,1.0,189,0.10740072202166065,0.22202166064981949,6.218600119691729,0.5569143724928093,False,False,False,None,None
1465,46,1.0,5,3.0,57,0.06944444444444445,0.18518518518518517,3.8501476017100584,0.3181963411637731,False,False,False,None,None
1206,770,0.9948051948051948,6,4.0,213,0.06763654925982644,0.15671260847371107,6.647688373563329,0.600162485956334,False,False,False,None,None
1700,1,1.0,2,0.0,1,1.0,1.0,0.6931471805599453,0.0,False,False,False,None,None
1523,42,0.9285714285714286,4,2.0,68,0.06060606060606061,0.17424242424242425,3.7612001156935624,0.30923126012781493,False,False,False,None,None
1209,136,1.0,4,2.0,67,0.0951417004048583,0.22672064777327935,4.919980925828125,0.4260256107162396,False,False,False,None,None
1096,30,0.7,3,1.0,26,0.16981132075471697,0.4339622641509434,3.4339872044851463,0.27625123566201715,False,False,False,None,None
33,1759,0.9624786810687891,5,3.0,285,0.05460088691796009,0.1292960088691796,7.473069088032197,0.6833532013112138,False,False,False,None,None
1594,315,0.9936507936507937,3,1.0,87,0.19785458879618595,0.4028605482717521,5.755742213586912,0.5102625915128045,False,False,False,None,None
592,90,0.9444444444444444,3,1.0,77,0.24568965517241378,0.33620689655172414,4.51085950651685,0.3847899688568217,False,False,False,None,None
1374,10,1.0,3,1.0,9,0.3333333333333333,0.7777777777777778,2.3978952727983707,0.1718227853002863,False,True,False,Pair,Pair
1474,1,1.0,4,2.0,3,0.3333333333333333,1.0,0.6931471805599453,0.0,False,False,False,None,None
1600,90,0.9777777777777777,3,1.0,57,0.13100436681222707,0.29694323144104806,4.51085950651685,0.3847899688568217,False,False,False,None,None
1359,999,0.03003003003003003,1,-1.0,26,0.21818181818181817,0.41818181818181815,6.907755278982137,0.6263748162454451,False,False,False,None,None
1258,721,0.9791955617198336,3,1.0,208,0.09207984546039923,0.22858982614294912,6.582025138892826,0.5935442413463062,False,False,False,None,None
1511,43,1.0,5,3.0,42,0.09090909090909091,0.2545454545454545,3.784189633918261,0.3115483901906459,False,False,False,None,None
735,227,0.9647577092511013,2,0.0,71,0.16103896103896104,0.43376623376623374,5.429345628954441,0.4773648451892332,False,False,False,None,None
1249,80,1.0,2,0.0,45,0.3841059602649007,0.5165562913907285,4.394449154672439,0.3730568858384214,False,True,False,Pair,Pair
1618,1656,1.0,3,1.0,151,0.1222788327929597,0.31658175081056045,7.4127640174265625,0.677275009907823,False,False,False,None,None
1102,1553,0.28461043142305215,1,-1.0,59,0.4964622641509434,0.7240566037735849,7.348587530927593,0.6708066157144262,False,False,False,None,None
1364,204,0.9754901960784313,3,1.0,113,0.09813084112149532,0.2336448598130841,5.3230099791384085,0.466647198628259,False,False,False,None,None
1369,2100,1.0,3,1.0,134,0.20882584712371946,0.3346467034410297,7.650168700845001,0.7012031985557582,False,False,False,None,None
1469,39,1.0,5,3.0,48,0.07329842931937172,0.18848167539267016,3.6888794541139363,0.3019420086753881,False,False,False,None,None
1251,1655,0.9667673716012085,4,2.0,332,0.07154578273711848,0.18165408598621596,7.412160334945205,0.6772141643167024,False,False,False,None,None
1361,89,0.39325842696629215,1,-1.0,28,0.2289156626506024,0.5180722891566265,4.499809670330265,0.3836762479268291,False,False,False,None,None
1528,1795,1.0,3,1.0,145,0.1455503188245079,0.3160521208760743,7.493317248862145,0.6853940279922055,False,False,False,None,None
1445,423,0.9527186761229315,3,1.0,101,0.11647254575707154,0.2720465890183028,6.049733455231958,0.539894180029213,False,False,False,None,None
577,712,0.9578651685393258,4,2.0,303,0.06624605678233439,0.15812302839116718,6.569481420414296,0.5922799509465594,False,False,False,None,None
1305,1628,0.9932432432432432,5,3.0,324,0.12054831339873673,0.22228195135062492,7.395721608602045,0.6755572932752091,False,False,False,None,None
29,176,0.9659090909090909,4,2.0,191,0.03488372093023256,0.0946843853820598,5.176149732573829,0.4518450488387969,False,False,False,None,None
1135,202,0.9851485148514851,4,2.0,41,0.18302828618968386,0.480865224625624,5.313205979041787,0.4656590464130693,False,False,False,None,None
890,514,0.9474708171206225,4,2.0,271,0.06405228758169934,0.13725490196078433,6.244166900663736,0.5594912667200406,False,False,False,None,None
1556,26,1.0,3,1.0,18,0.1864406779661017,0.4745762711864407,3.295836866004329,0.26232696376752107,False,False,False,None,None
1124,1211,0.008257638315441783,1,-1.0,19,0.12,0.32,7.10002716662926,0.6457540379737965,False,False,False,None,None
1283,30,0.8333333333333334,2,0.0,27,0.1896551724137931,0.3448275862068966,3.4339872044851463,0.27625123566201715,False,False,False,None,None
1079,143,0.9230769230769231,4,2.0,40,0.1340909090909091,0.3068181818181818,4.969813299576001,0.43104825147734,False,False,False,None,None
1254,40,0.925,4,2.0,27,0.18803418803418803,0.4444444444444444,3.713572066704308,0.30443079484323043,False,False,False,None,None
1250,27,1.0,3,1.0,28,0.22580645161290322,0.46774193548387094,3.332204510175204,0.2659924847583933,False,True,False,Pair,Pair
1630,89,1.0,5,3.0,36,0.2138728323699422,0.3786127167630058,4.499809670330265,0.3836762479268291,False,False,False,None,None
505,83,0.963855421686747,4,2.0,132,0.11683848797250859,0.19931271477663232,4.430816798843313,0.37672240682929364,False,False,False,None,None
1276,381,0.5249343832020997,2,0.0,73,0.138328530259366,0.3573487031700288,5.945420608606575,0.5293804132554719,False,False,False,None,None
1398,81,0.9876543209876543,5,3.0,30,0.2,0.38571428571428573,4.406719247264253,0.3742935972884103,False,False,False,None,None
1257,12,1.0,5,3.0,19,0.19148936170212766,0.44680851063829785,2.5649493574615367,0.18866028654360817,False,False,False,None,None
1323,771,0.8261997405966277,3,1.0,98,0.16790254237288135,0.4115466101694915,6.648984550024776,0.6002931285133549,False,False,False,None,None
1130,1367,0.964155084125823,5,3.0,301,0.06775862068965517,0.14913793103448275,7.221105098182496,0.6579575697053133,False,False,False,None,None
1515,31,0.9354838709677419,6,4.0,46,0.0763888888888889,0.2013888888888889,3.4657359027997265,0.27945120978071925,False,False,False,None,None
1196,90,0.9888888888888889,5,3.0,23,0.24471299093655588,0.45317220543806647,4.51085950651685,0.3847899688568217,False,True,False,Pair,Pair
1271,889,1.0,3,1.0,121,0.09614469300333174,0.26415992384578774,6.7912214627261855,0.6146292891602804,False,False,False,None,None
1339,292,0.9897260273972602,2,0.0,67,0.2810077519379845,0.6395348837209303,5.680172609017068,0.5026458767616049,False,True,False,Pair,Pair
1402,121,0.9917355371900827,5,3.0,39,0.212,0.436,4.804021044733257,0.4143379309684076,False,False,False,None,None
1165,230,0.8,3,1.0,71,0.14672686230248308,0.327313769751693,5.442417710521793,0.47868238968440013,False,False,False,None,None
1489,28,1.0,5,3.0,62,0.08088235294117647,0.19852941176470587,3.367295829986474,0.2695293640998558,False,False,False,None,None
1190,41,0.975609756097561,5,3.0,24,0.20555555555555555,0.37777777777777777,3.7376696182833684,0.30685960438411386,False,False,False,None,None
1344,78,0.9743589743589743,3,1.0,53,0.16161616161616163,0.3838383838383838,4.3694478524670215,0.3705369866224449,False,False,False,None,None
1312,26,1.0,3,1.0,42,0.10144927536231885,0.2608695652173913,3.295836866004329,0.26232696376752107,False,False,False,None,None
1355,6,1.0,3,1.0,5,0.375,0.75,1.9459101490553132,0.12626687986803375,False,True,False,Pair,Pair
1449,127,0.952755905511811,4,2.0,102,0.06191369606003752,0.15572232645403378,4.852030263919617,0.4191768146710788,False,False,False,None,None
1116,43,1.0,5,3.0,28,0.24260355029585798,0.41420118343195267,3.784189633918261,0.3115483901906459,False,True,False,Pair,Pair
1120,58,0.22413793103448276,1,-1.0,2,0.7692307692307693,1.0,4.07753744390572,0.3411151267678967,False,False,False,None,None
1504,30,1.0,5,3.0,43,0.09482758620689655,0.25,3.4339872044851463,0.27625123566201715,False,False,False,None,None
1177,2385,1.0,3,1.0,139,0.09676343009676343,0.22138805472138806,7.777373602657861,0.7140242720227689,False,False,False,None,None
612,804,0.9266169154228856,4,2.0,306,0.08662420382165605,0.14012738853503184,6.690842277418564,0.6045119989376045,False,False,False,None,None
1248,70,0.9,3,1.0,44,0.2033898305084746,0.4180790960451977,4.2626798770413155,0.3597757656525894,False,False,False,None,None
1363,1431,0.7365478686233403,2,0.0,165,0.1477170993733214,0.3639212175470009,7.266827347520591,0.6625659480734921,False,False,False,None,None
1123,1038,0.6146435452793835,2,0.0,82,0.15592635212888378,0.3331415420023015,6.946013991099227,0.6302309393335952,False,False,False,None,None
1268,43,0.8604651162790697,2,0.0,21,0.22727272727272727,0.5454545454545454,3.784189633918261,0.3115483901906459,False,False,False,None,None
1179,143,1.0,6,4.0,103,0.054376657824933686,0.15119363395225463,4.969813299576001,0.43104825147734,False,False,False,None,None
1410,29,0.41379310344827586,1,-1.0,19,0.15151515151515152,0.36363636363636365,3.4011973816621555,0.2729463258559288,False,False,False,None,None
1320,378,0.9735449735449735,3,1.0,142,0.26859903381642514,0.4057971014492754,5.937536205082426,0.5285857385583019,False,False,False,None,None
1406,990,0.6636363636363637,3,1.0,85,0.14530728918532634,0.3063363506431634,6.898714534329988,0.6254635930950023,False,False,False,None,None
1467,79,0.9493670886075949,5,3.0,69,0.07038123167155426,0.20234604105571846,4.382026634673881,0.3718048111205679,False,False,False,None,None
1587,86,0.9767441860465116,4,2.0,88,0.09748427672955975,0.25471698113207547,4.465908118654584,0.38025928617075605,False,False,False,None,None
1516,1,1.0,5,3.0,4,0.25,0.75,0.6931471805599453,0.0,False,False,False,None,None
1325,385,0.9402597402597402,4,2.0,79,0.17892976588628762,0.4657190635451505,5.955837369464831,0.5304303260681751,False,False,False,None,None
1632,179,1.0,5,3.0,51,0.17366946778711484,0.37254901960784315,5.19295685089021,0.4535390503720089,False,False,False,None,None
1176,3545,1.0,3,1.0,136,0.13605728727885424,0.2443133951137321,8.173575486634153,0.7539577446314047,False,False,False,None,None
1198,90,0.9777777777777777,4,2.0,25,0.1893939393939394,0.4166666666666667,4.51085950651685,0.3847899688568217,False,False,False,None,None
1588,1,1.0,3,1.0,2,0.5,1.0,0.6931471805599453,0.0,False,False,False,None,None
1438,506,0.9308300395256917,4,2.0,105,0.10879904875148633,0.2609988109393579,6.2285110035911835,0.5579132976032964,False,False,False,None,None
1125,447,0.6778523489932886,3,1.0,93,0.13814955640050697,0.3181242078580482,6.104793232414985,0.5454436945391126,False,False,False,None,None
1380,21,0.47619047619047616,1,-1.0,19,0.12,0.36,3.091042453358316,0.24168558774546614,False,False,False,None,None
853,55,0.9818181818181818,4,2.0,91,0.10734463276836158,0.1807909604519774,4.02535169073515,0.3358552872035732,False,False,False,None,None
1377,8,0.75,3,1.0,5,0.3125,0.8125,2.1972245773362196,0.15159704169662078,False,False,False,None,None
1192,101,1.0,5,3.0,34,0.23,0.4075,4.624972813284271,0.3962915310511861,False,True,False,Pair,Pair
1318,90,1.0,4,2.0,94,0.08196721311475409,0.2360655737704918,4.51085950651685,0.3847899688568217,False,False,False,None,None
1282,68,0.6911764705882353,2,0.0,65,0.1328125,0.25,4.23410650459726,0.3568958349102627,False,False,False,None,None
1109,733,0.9931787175989086,2,0.0,86,0.2752585521081941,0.4884645982498011,6.598509028614515,0.5952056644371773,False,True,False,Pair,Pair
1227,97,1.0,4,2.0,74,0.07575757575757576,0.18484848484848485,4.584967478670572,0.39225936462642713,False,False,False,None,None
1407,937,1.0,5,3.0,156,0.0798417132216015,0.19902234636871508,6.843749949006225,0.6199236730410056,True,False,False,Core,Core
1428,414,0.9565217391304348,4,2.0,204,0.05442964678633468,0.12275622466705269,6.028278520230698,0.5377317217122702,False,False,False,None,None
1431,5060,1.0,3,1.0,201,0.09156057025234429,0.15529465579019594,8.529319371214077,0.7898134264065377,False,False,False,None,None
1133,1008,0.8650793650793651,3,1.0,80,0.21820448877805487,0.4829592684954281,6.9167150203536085,0.627277875017017,False,False,False,None,None
1340,495,0.98989898989899,3,1.0,92,0.20216962524654833,0.48717948717948717,6.206575926724928,0.5557024454427364,False,False,False,None,None
1488,41,1.0,4,2.0,46,0.1079136690647482,0.26618705035971224,3.7376696182833684,0.30685960438411386,False,False,False,None,None
1106,60,0.9666666666666667,4,2.0,55,0.11055276381909548,0.2864321608040201,4.110873864173311,0.3444751285232278,False,False,False,None,None
1473,108,0.9907407407407407,6,4.0,89,0.07427536231884058,0.17391304347826086,4.6913478822291435,0.4029815219492733,False,False,False,None,None
1554,321,1.0,3,1.0,60,0.3521341463414634,0.5685975609756098,5.7745515455444085,0.5121583975977558,False,True,False,Pair,Pair
1633,149,0.9932885906040269,5,3.0,48,0.1761744966442953,0.3624161073825503,5.0106352940962555,0.4351627296409573,False,False,False,None,None
1161,113,0.9557522123893806,3,1.0,35,0.30303030303030304,0.5656565656565656,4.736198448394496,0.40750204274405344,False,False,False,None,None
1267,38,0.9473684210526315,4,2.0,95,0.033783783783783786,0.08783783783783784,3.6635616461296463,0.29939020861450844,False,False,False,None,None
1139,31,1.0,2,0.0,3,0.8235294117647058,1.0,3.4657359027997265,0.27945120978071925,False,True,False,Pair,Pair
1419,558,0.9767025089605734,5,3.0,90,0.07952362658470995,0.2047637341529005,6.326149473155099,0.5677543491166029,False,False,False,None,None
1175,372,1.0,3,1.0,79,0.2111888111888112,0.32727272727272727,5.921578419643816,0.5269773418961967,False,False,False,None,None
1288,58,1.0,5,3.0,38,0.23423423423423423,0.42792792792792794,4.07753744390572,0.3411151267678967,False,True,False,Pair,Pair
1439,560,0.9446428571428571,4,2.0,104,0.12982625482625482,0.26496138996138996,6.329720905522696,0.5681143163514724,False,False,False,None,None
1346,35,0.9714285714285714,4,2.0,43,0.12037037037037036,0.28703703703703703,3.58351893845611,0.29132264658698037,False,False,False,None,None
1316,1822,1.0,3,1.0,154,0.1238219895287958,0.2662303664921466,7.508238774678663,0.6868979793023124,False,False,False,None,None
1301,981,0.7115188583078491,3,1.0,85,0.1486972147349506,0.3499550763701707,6.889591308354466,0.6245440565927031,False,False,False,None,None
1078,99,0.9797979797979798,3,1.0,34,0.145985401459854,0.31386861313868614,4.605170185988092,0.3942956100152369,False,False,False,None,None
1247,27,1.0,3,1.0,29,0.2318840579710145,0.37681159420289856,3.332204510175204,0.2659924847583933,False,True,False,Pair,Pair
38,348,0.9597701149425287,4,2.0,206,0.06388642413487133,0.13309671694764863,5.855071922202427,0.5202741042254972,False,False,False,None,None
40,629,0.9538950715421304,4,2.0,327,0.02630480167014614,0.07599164926931107,6.4457198193855785,0.5798059302400427,False,False,False,None,None
1441,312,0.9615384615384616,5,3.0,101,0.10646687697160884,0.26813880126182965,5.746203190540153,0.509301146524891,False,False,False,None,None
1138,362,0.856353591160221,2,0.0,27,0.345,0.7275,5.8944028342648505,0.5242382951166527,False,False,False,None,None
1621,21,1.0,6,4.0,56,0.059322033898305086,0.1440677966101695,3.091042453358316,0.24168558774546614,False,False,False,None,None
1084,876,0.9052511415525114,3,1.0,82,0.17899637868598034,0.4190377651319193,6.776506992372183,0.6131462071190368,False,False,False,None,None
1547,132,1.0,5,3.0,42,0.2277992277992278,0.4247104247104247,4.890349128221754,0.4230390005411868,False,True,False,Pair,Pair
1129,70,0.9857142857142858,3,1.0,73,0.1218274111675127,0.20304568527918782,4.2626798770413155,0.3597757656525894,False,False,False,None,None
1162,64,0.984375,2,0.0,46,0.16058394160583941,0.3357664233576642,4.174387269895637,0.35087669032863666,False,False,False,None,None
1126,618,1.0,4,2.0,152,0.14117091595845138,0.333805476864967,6.428105272684596,0.5780305474197043,True,False,False,Core,Core
1081,271,0.7564575645756457,3,1.0,41,0.15666666666666668,0.35,5.605802066295998,0.4951500163158253,False,False,False,None,None
1132,204,1.0,3,1.0,50,0.24171539961013644,0.48927875243664715,5.3230099791384085,0.466647198628259,False,True,False,Pair,Pair
1289,105,1.0,5,3.0,29,0.2275,0.46,4.663439094112067,0.4001685751388533,False,True,False,Pair,Pair
1495,124,0.9838709677419355,4,2.0,70,0.0958904109589041,0.2602739726027397,4.8283137373023015,0.41678640890990576,False,False,False,None,None
1638,237,0.8059071729957806,3,1.0,94,0.13137254901960785,0.3215686274509804,5.472270673671475,0.4816912912934994,False,False,False,None,None
88,4,1.0,4,2.0,17,0.1111111111111111,0.2222222222222222,1.6094379124341003,0.0923536013398487,False,False,False,None,None
1376,32,0.84375,3,1.0,17,0.328125,0.640625,3.4965075614664802,0.2825527073711866,False,False,False,None,None
1088,44,0.6136363636363636,2,0.0,18,0.24528301886792453,0.5660377358490566,3.8066624897703196,0.31381344548164924,False,False,False,None,None
1403,90,0.9,3,1.0,83,0.08653846153846154,0.24519230769230768,4.51085950651685,0.3847899688568217,False,False,False,None,None
1295,104,0.9903846153846154,5,3.0,37,0.20616113744075829,0.3933649289099526,4.653960350157523,0.3992132057239625,False,False,False,None,None
1440,157,0.9426751592356688,5,3.0,86,0.11916264090177134,0.30112721417069244,5.062595033026967,0.4403997890676247,False,False,False,None,None
1521,35,1.0,2,0.0,15,0.4166666666666667,0.6,3.58351893845611,0.29132264658698037,False,True,False,Pair,Pair
1481,43,0.9069767441860465,5,3.0,54,0.07647058823529412,0.22941176470588234,3.784189633918261,0.3115483901906459,False,False,False,None,None
1386,869,0.9919447640966629,2,0.0,159,0.4192495921696574,0.5546492659053833,6.76849321164863,0.6123384924009644,False,True,False,Pair,Pair
1545,16,1.0,4,2.0,19,0.23636363636363636,0.41818181818181815,2.833213344056216,0.215698806535106,False,True,False,Pair,Pair
1103,2,1.0,3,1.0,5,0.2,0.6,1.0986122886681096,0.040867119625720476,False,False,False,None,None
1631,74,0.972972972972973,4,2.0,39,0.20588235294117646,0.3907563025210084,4.31748811353631,0.3652999271957775,False,False,False,None,None
1493,234,0.9572649572649573,4,2.0,86,0.10586734693877552,0.25510204081632654,5.459585514144159,0.48041274494880165,False,False,False,None,None
1218,309,0.9967637540453075,3,1.0,73,0.22598870056497175,0.3954802259887006,5.736572297479192,0.5083304418922255,False,True,False,Pair,Pair
861,1397,0.9620615604867573,4,2.0,360,0.08531618435155412,0.13804930332261522,7.242797922793756,0.6601440050870025,False,False,False,None,None
926,22,0.9545454545454546,4,2.0,68,0.06097560975609756,0.12195121951219512,3.1354942159291497,0.24616591283936243,False,False,False,None,None
1500,109,0.944954128440367,4,2.0,77,0.14166666666666666,0.33611111111111114,4.700480365792417,0.40390199153049466,False,False,False,None,None
1349,60,0.95,3,1.0,45,0.13740458015267176,0.3969465648854962,4.110873864173311,0.3444751285232278,False,False,False,None,None
1485,201,0.9502487562189055,2,0.0,16,0.7258883248730964,0.9187817258883249,5.308267697401205,0.4651613134577164,False,False,False,None,None
1304,222,0.9594594594594594,3,1.0,159,0.06984667802385008,0.12947189097103917,5.407171771460119,0.4751299261575754,False,False,False,None,None
1290,21,1.0,5,3.0,25,0.19101123595505617,0.4044943820224719,3.091042453358316,0.24168558774546614,False,False,False,None,None
1492,1,1.0,5,3.0,4,0.25,0.75,0.6931471805599453,0.0,False,False,False,None,None
1259,143,0.8951048951048951,4,2.0,139,0.07654320987654321,0.19506172839506172,4.969813299576001,0.43104825147734,False,False,False,None,None
1470,117,1.0,5,3.0,89,0.06581352833638025,0.1846435100548446,4.770684624465665,0.41097792921307646,False,False,False,None,None
1569,1474,1.0,3,1.0,148,0.11315646995127233,0.29967514889009206,7.29641326877392,0.6655479343379537,False,False,False,None,None
524,934,0.9421841541755889,4,2.0,300,0.07275902211874273,0.1621071012805588,6.840546529288687,0.6196007980656006,False,False,False,None,None
1605,304,0.9276315789473685,4,2.0,103,0.08324974924774323,0.22066198595787362,5.720311776607412,0.5066915323082564,False,False,False,None,None
1536,121,0.9504132231404959,5,3.0,33,0.2483221476510067,0.4116331096196868,4.804021044733257,0.4143379309684076,False,False,False,None,None
1070,349,0.8825214899713467,4,2.0,71,0.15367965367965367,0.34415584415584416,5.857933154483459,0.5205624898832706,False,False,False,None,None
1549,5,1.0,6,4.0,15,0.17391304347826086,0.34782608695652173,1.791759469228055,0.11072992207090028,False,False,False,None,None
1375,44,0.9318181818181818,3,1.0,17,0.3875,0.75,3.8066624897703196,0.31381344548164924,False,False,False,None,None
1076,492,0.9776422764227642,3,1.0,69,0.16440677966101694,0.3940677966101695,6.20050917404269,0.5550909730801415,False,False,False,None,None
1191,298,0.9932885906040269,4,2.0,52,0.2990249187432286,0.4485373781148429,5.700443573390686,0.5046890018281504,False,True,False,Pair,Pair
785,334,0.9550898203592815,4,2.0,298,0.07698412698412699,0.16984126984126985,5.814130531825066,0.5161475920676407,False,False,False,None,None
1543,101,1.0,4,2.0,31,0.2273972602739726,0.4328767123287671,4.624972813284271,0.3962915310511861,False,True,False,Pair,Pair
1082,1132,0.9964664310954063,3,1.0,201,0.1341940532081377,0.3669796557120501,7.0326242610280065,0.6389604506804781,False,False,False,None,None
1383,1663,0.040889957907396274,1,-1.0,19,0.5614035087719298,0.7631578947368421,7.416979621381154,0.6776999036598669,False,False,False,None,None
1550,1372,0.7587463556851312,3,1.0,114,0.15225707727620505,0.3680183626625861,7.224753405767971,0.6583252852486376,False,False,False,None,None
1046,79,1.0,4,2.0,168,0.08904109589041095,0.19863013698630136,4.382026634673881,0.3718048111205679,True,False,False,Core,Core
1144,7,1.0,6,4.0,30,0.09302325581395349,0.23255813953488372,2.0794415416798357,0.1397256048903596,False,False,False,None,None
1611,85,0.9882352941176471,4,2.0,91,0.06228373702422145,0.14878892733564014,4.454347296253507,0.3790940625729947,False,False,False,None,None
1566,5,1.0,3,1.0,8,0.3,0.5,1.791759469228055,0.11072992207090028,False,True,False,Pair,Pair
1391,326,0.99079754601227,4,2.0,60,0.2645273200346921,0.4215091066782307,5.7899601708972535,0.5137114440201735,False,True,False,Pair,Pair
1356,153,0.9607843137254902,5,3.0,160,0.05405405405405406,0.14082503556187767,5.0369526024136295,0.4378152700586797,False,False,False,None,None
1385,7,1.0,3,1.0,18,0.10526315789473684,0.21052631578947367,2.0794415416798357,0.1397256048903596,False,False,False,None,None
1107,40,0.95,4,2.0,40,0.12727272727272726,0.2727272727272727,3.713572066704308,0.30443079484323043,False,False,False,None,None
1527,92,0.9891304347826086,3,1.0,67,0.1650485436893204,0.32038834951456313,4.532599493153256,0.38698115773291747,False,False,False,None,None
1426,742,0.5808625336927223,2,0.0,195,0.06987179487179487,0.15705128205128205,6.610696044717759,0.5964340025481819,False,False,False,None,None
1068,110,1.0,5,3.0,68,0.1524390243902439,0.3353658536585366,4.709530201312334,0.40481413095603286,False,False,False,None,None
1471,94,0.9468085106382979,4,2.0,55,0.09880239520958084,0.26047904191616766,4.553876891600541,0.3891257220130018,False,False,False,None,None
1564,11,1.0,3,1.0,18,0.13793103448275862,0.3103448275862069,2.4849066497880004,0.1805927245160801,False,False,False,None,None
1077,60,0.9666666666666667,4,2.0,31,0.13259668508287292,0.35359116022099446,4.110873864173311,0.3444751285232278,False,False,False,None,None
1127,199,0.8241206030150754,3,1.0,73,0.1443850267379679,0.3048128342245989,5.298317366548036,0.4641584124604166,False,False,False,None,None
1173,299,0.9765886287625418,2,0.0,50,0.30168776371308015,0.6139240506329114,5.703782474656201,0.5050255320861371,False,False,False,None,None
1413,20,0.95,4,2.0,30,0.21818181818181817,0.32727272727272727,3.044522437723423,0.23699680193893402,False,False,False,None,None
1602,45,1.0,4,2.0,45,0.109375,0.2578125,3.828641396489095,0.31602871528454224,False,False,False,None,None
1169,141,0.9858156028368794,2,0.0,46,0.3467741935483871,0.6169354838709677,4.955827057601261,0.4296385680977692,False,True,False,Pair,Pair
1155,1,0.0,1,-1.0,0,0.0,0.0,0.6931471805599453,0.0,False,False,False,None,None
1368,87,1.0,2,0.0,44,0.2727272727272727,0.5034965034965035,4.477336814478207,0.38141119263582574,False,True,False,Pair,Pair
1466,7,1.0,5,3.0,23,0.08571428571428572,0.2571428571428571,2.0794415416798357,0.1397256048903596,False,False,False,None,None
1529,1579,1.0,3,1.0,143,0.13270858524788393,0.283857315598549,7.365180126021013,0.6724789952978331,False,False,False,None,None
1342,107,0.9532710280373832,3,1.0,49,0.23809523809523808,0.5761904761904761,4.68213122712422,0.4020525686578807,False,False,False,None,None
681,442,0.9886877828054299,3,1.0,135,0.09068219633943428,0.24875207986688852,6.093569770045136,0.5443124737013357,False,False,False,None,None
1226,336,0.9732142857142857,4,2.0,96,0.0851063829787234,0.23774283071230343,5.820082930352362,0.5167475385927806,False,False,False,None,None
1352,35,0.42857142857142855,1,-1.0,8,0.3333333333333333,0.7272727272727273,3.58351893845611,0.29132264658698037,False,False,False,None,None
1118,147,1.0,4,2.0,37,0.2587991718426501,0.47619047619047616,4.997212273764115,0.43380981377549216,False,True,False,Pair,Pair
1098,1140,1.0,3,1.0,103,0.15076252723311548,0.3254901960784314,7.039660349862076,0.6396696231304104,False,False,False,None,None
1121,139,0.9712230215827338,2,0.0,6,0.8666666666666667,0.9555555555555556,4.941642422609304,0.4282088885434218,False,False,False,None,None
1279,173,0.815028901734104,2,0.0,56,0.19583333333333333,0.3875,5.159055299214529,0.4501220886159359,False,False,False,None,None
1219,487,0.9958932238193019,5,3.0,208,0.047244094488188976,0.13035870516185477,6.1903154058531475,0.5540635358587672,False,False,False,None,None
1153,2,1.0,3,1.0,5,0.2,0.6,1.0986122886681096,0.040867119625720476,False,False,False,None,None
1626,13,1.0,4,2.0,17,0.14634146341463414,0.34146341463414637,2.639057329615259,0.19612968231321357,False,False,False,None,None
1586,274,0.9598540145985401,3,1.0,106,0.13926174496644295,0.2600671140939597,5.616771097666572,0.4962555928703434,False,False,False,None,None
1154,5,0.4,1,-1.0,4,0.4,0.8,1.791759469228055,0.11072992207090028,False,False,False,None,None
1373,10,1.0,2,0.0,25,0.10810810810810811,0.24324324324324326,2.3978952727983707,0.1718227853002863,False,False,False,None,None
572,31,0.9354838709677419,3,1.0,68,0.13402061855670103,0.20618556701030927,3.4657359027997265,0.27945120978071925,False,False,False,None,None
918,150,0.9333333333333333,3,1.0,125,0.05865102639296188,0.12609970674486803,5.017279836814924,0.4358324378765414,False,False,False,None,None
1195,153,0.9738562091503268,4,2.0,38,0.26272912423625255,0.46435845213849286,5.0369526024136295,0.4378152700586797,False,False,False,None,None
1436,227,1.0,6,4.0,139,0.03826342899190582,0.09786607799852833,5.429345628954441,0.4773648451892332,True,False,False,Core,Core
1372,47,1.0,5,3.0,79,0.059907834101382486,0.15207373271889402,3.8712010109078907,0.3203183294064397,False,False,False,None,None
1241,18,1.0,7,5.0,62,0.04424778761061947,0.11504424778761062,2.9444389791664403,0.22690931822797328,False,False,False,None,None
1236,192,0.8020833333333334,3,1.0,62,0.1710843373493976,0.3493975903614458,5.262690188904886,0.4605675236229953,False,False,False,None,None
1601,72,0.9583333333333334,4,2.0,60,0.11574074074074074,0.2916666666666667,4.290459441148391,0.3625756878821771,False,False,False,None,None
1112,305,0.9901639344262295,4,2.0,66,0.3114942528735632,0.45632183908045976,5.723585101952381,0.5070214531220864,False,True,False,Pair,Pair
1526,160,0.86875,3,1.0,84,0.16032608695652173,0.3451086956521739,5.081404364984463,0.442295595152576,False,False,False,None,None
478,129,0.8062015503875969,3,1.0,114,0.12692307692307692,0.21153846153846154,4.867534450455582,0.42073949277381645,False,False,False,None,None
1252,51,0.9019607843137255,4,2.0,24,0.2014388489208633,0.4460431654676259,3.9512437185814275,0.3283858914339678,False,False,False,None,None
1347,315,0.946031746031746,3,1.0,94,0.14025974025974025,0.3233766233766234,5.755742213586912,0.5102625915128045,False,False,False,None,None
1277,292,0.6095890410958904,2,0.0,82,0.13953488372093023,0.3430232558139535,5.680172609017068,0.5026458767616049,False,False,False,None,None
1609,332,0.7981927710843374,3,1.0,112,0.13177159590043924,0.2913616398243045,5.808142489980444,0.5155440530269332,False,False,False,None,None
1486,46,1.0,4,2.0,56,0.09554140127388536,0.2484076433121019,3.8501476017100584,0.3181963411637731,False,False,False,None,None
1228,605,0.9388429752066115,4,2.0,278,0.05689576695493855,0.1301775147928994,6.406879986069314,0.5758912355286167,False,False,False,None,None
1637,789,0.8808618504435995,4,2.0,104,0.10810810810810811,0.3075933075933076,6.672032945461067,0.6026161928526532,False,False,False,None,None
1462,23,0.9565217391304348,6,4.0,36,0.10185185185185185,0.2962962962962963,3.1780538303479458,0.25045552696125994,False,False,False,None,None
1071,391,0.928388746803069,4,2.0,75,0.16759776536312848,0.3547486033519553,5.971261839790462,0.5319849695167866,False,False,False,None,None
503,5,0.4,1,-1.0,2,0.5,1.0,1.791759469228055,0.11072992207090028,False,False,False,None,None
1509,26,0.9615384615384616,4,2.0,40,0.11688311688311688,0.24675324675324675,3.295836866004329,0.26232696376752107,False,False,False,None,None
1453,11,1.0,4,2.0,25,0.12195121951219512,0.3170731707317073,2.4849066497880004,0.1805927245160801,False,False,False,None,None
1559,485,0.9257731958762887,3,1.0,95,0.17277070063694266,0.4681528662420382,6.186208623900494,0.5536496103545014,False,False,False,None,None
1128,622,0.8263665594855305,3,1.0,97,0.15041782729805014,0.4271123491179202,6.434546518787453,0.5786797652432856,False,False,False,None,None
1087,28,0.2857142857142857,1,-1.0,12,0.13333333333333333,0.4,3.367295829986474,0.2695293640998558,False,False,False,None,None
229,27,0.8148148148148148,3,1.0,34,0.109375,0.28125,3.332204510175204,0.2659924847583933,False,False,False,None,None
1381,1,1.0,4,2.0,3,0.3333333333333333,1.0,0.6931471805599453,0.0,False,False,False,None,None
578,34,0.9411764705882353,3,1.0,66,0.12371134020618557,0.18556701030927836,3.5553480614894135,0.28848328365306225,False,False,False,None,None
41,213,0.971830985915493,4,2.0,212,0.0324254215304799,0.08171206225680934,5.365976015021851,0.47097777626164494,False,False,False,None,None
1422,2221,0.9990995047276002,3,1.0,134,0.33061723365247503,0.4689346099001833,7.706162970199575,0.7068469012031824,False,True,False,Pair,Pair
1468,167,1.0,5,3.0,98,0.07818930041152264,0.20164609053497942,5.123963979403259,0.4465852092744734,False,False,False,None,None
1570,180,1.0,4,2.0,109,0.072,0.176,5.198497031265826,0.4540974491334085,True,False,False,Core,Core
1627,143,0.986013986013986,5,3.0,45,0.17200674536256325,0.33895446880269814,4.969813299576001,0.43104825147734,False,False,False,None,None
1201,37,0.972972972972973,5,3.0,21,0.23134328358208955,0.43283582089552236,3.6375861597263857,0.2967721206731531,False,False,False,None,None
1245,100,0.95,4,2.0,64,0.1345565749235474,0.27217125382262997,4.61512051684126,0.39529851101253655,False,False,False,None,None
1499,262,0.8702290076335878,4,2.0,96,0.15940054495912806,0.2970027247956403,5.572154032177765,0.49175860677655286,False,False,False,None,None
1603,280,0.8107142857142857,3,1.0,81,0.1238244514106583,0.3166144200626959,5.638354669333745,0.4984310165692857,False,False,False,None,None
821,31,0.9032258064516129,3,1.0,44,0.15584415584415584,0.2987012987012987,3.4657359027997265,0.27945120978071925,False,False,False,None,None
1244,104,0.9134615384615384,3,1.0,61,0.109375,0.2625,4.653960350157523,0.3992132057239625,False,False,False,None,None
1578,146,0.8835616438356164,3,1.0,34,0.19148936170212766,0.47112462006079026,4.990432586778736,0.43312648425214756,False,False,False,None,None
741,392,0.9260204081632653,4,2.0,207,0.06519967400162999,0.13039934800325997,5.973809611869261,0.5322417612955149,False,False,False,None,None
1582,8,1.0,2,0.0,5,0.6,0.8,2.1972245773362196,0.15159704169662078,False,True,False,Pair,Pair
1256,25,0.96,5,3.0,15,0.21348314606741572,0.5056179775280899,3.258096538021482,0.25852308898878795,False,False,False,None,None
1183,335,0.9343283582089552,4,2.0,260,0.04103852596314908,0.09045226130653267,5.817111159963204,0.5164480117196533,False,False,False,None,None
1507,27,1.0,6,4.0,37,0.08943089430894309,0.22764227642276422,3.332204510175204,0.2659924847583933,False,False,False,None,None
1202,74,1.0,4,2.0,26,0.2550607287449393,0.4534412955465587,4.31748811353631,0.3652999271957775,False,True,False,Pair,Pair
1612,11,0.9090909090909091,4,2.0,22,0.15151515151515152,0.3333333333333333,2.4849066497880004,0.1805927245160801,False,False,False,None,None
1212,322,0.8881987577639752,4,2.0,76,0.08973172987974098,0.24699352451433856,5.777652323222656,0.5124709272082592,False,False,False,None,None
1313,2,1.0,2,0.0,1,1.0,1.0,1.0986122886681096,0.040867119625720476,False,False,False,None,None
777,25,0.92,2,0.0,24,0.2,0.4,3.258096538021482,0.25852308898878795,False,False,False,None,None
1285,28,0.75,3,1.0,26,0.2608695652173913,0.45652173913043476,3.367295829986474,0.2695293640998558,False,False,False,None,None
1590,64,0.796875,3,1.0,30,0.21428571428571427,0.48412698412698413,4.174387269895637,0.35087669032863666,False,False,False,None,None
1675,1,1.0,3,1.0,2,0.5,1.0,0.6931471805599453,0.0,False,False,False,None,None
1229,892,0.9428251121076233,4,2.0,293,0.061053984575835475,0.13431876606683804,6.794586580876499,0.6149684618369262,False,False,False,None,None
1284,335,0.982089552238806,3,1.0,125,0.10739856801909307,0.22553699284009546,5.817111159963204,0.5164480117196533,False,False,False,None,None
1573,1,1.0,3,1.0,2,0.5,1.0,0.6931471805599453,0.0,False,False,False,None,None
1525,168,0.9642857142857143,3,1.0,112,0.06345733041575492,0.16192560175054704,5.1298987149230735,0.4471833755323961,False,False,False,None,None
1246,174,0.9540229885057471,3,1.0,58,0.19909502262443438,0.38687782805429866,5.1647859739235145,0.4506996874380908,False,False,False,None,None
1548,211,1.0,5,3.0,50,0.2329268292682927,0.3902439024390244,5.356586274672012,0.4700313775840331,False,True,False,Pair,Pair
608,40728,0.5331221763897074,2,0.0,469,0.04511433225427328,0.10591970968473577,10.61469564841373,1.0,False,False,False,None,None
1532,28,1.0,6,4.0,61,0.08823529411764706,0.22058823529411764,3.367295829986474,0.2695293640998558,False,False,False,None,None
